{
  "name": "Ankur Mishra",
  "email": "mishrankur2502@gmail.com",
  "mobile": "9667597231",
  "EDUCATION": "VELLORE INSTITUTE OF TECHNOLOGY BHOPAL|sept 2020 - July 2024|B Tech Computer science|Bhopal GPA: 7.84|KENDRIYA VIDYALAYA VIGYAN VIHAR NEW DELHI|June 2018 - June 2020|Intermidate PCM|New Delhi, India GPA: 88%|",
  "EXPERIENCE": "PROJECT-1 VIT BHOPAL | Project leader|BHOPAL | JAN 2022 - APR 2020|* work as main leader in project-1 and deploy a project oriented to library management.|",
  "SKILLS": "Programming Languages|C++, Java, Python, competitive programing, OS, DBMS, Web development.|Databases|MY SQL|",
  "projects": "NEWS UPDATE | Link|website for news update.|LIBRARY MANAGEMENT | Link|Maintain the library database and handle in smart way.||"
}