{
  "name": "Eishanth Pandiyan",
  "email": "eishanth.ps@gmail.com",
  "mobile": "9185249911",
  "degrees": "['BTech']",
  "PROFESSIONAL SUMMARY": "I'm currently pursuing 2nd year in B.Tech in Computer Science with Specialization on Data |Science at Vellore Institute of Technology, Vellore. I'm good at Data Visualization were data |can be shown in different formats. I have attended a Workshop in Blockchain technology |held at Anna University, Chennai. |",
  "EDUCATION": "Vellore Institute of Technology, Vellore, Tamilnadu |B.Tech, Computer Science with Specialization in Data Science, Present |",
  "SKILLS": "BlockChain Technology |Skillful |Data Visualization |Skillful | ||"
}