{
  "email": "DHEERAJKYADAV2210@GMAIL.COM",
  "mobile": "+91965081104",
  "education": "Vellore Institute of Technology|Bhopal|Bachelors Computer Science specialization in Cyber Security GPA: 7.95|October 2020 - May 2024|M.D.V.M (PARLE) School|Neemrana|Class 10 GPA: 7.54|April 2017 - April 2018|Shiksha Bharati Global School|New Delhi|Class 12 GPA: 7.34|April 2019 - April 2020|",
  "skills": "Programming Languages:|Python, Java, C++|Libraries/Frameworks:|Django, Bootstrap|Tools / Platforms:|Virtual Studio Code, IntelliJ|Databases:|",
  "projects": "Audio Steganography | Link|RSA, Cryptography, Steganography|This particular project deals with cryptography and steganography, using them to hide data and give them a|layer of security. The idea is to make use of their essence and formulate a tool that can implement both of|them. Cryptography secures the data while steganography hides it. Using RSA cryptosystem as well as LSB|audio steganography the data can be hidden and transferred accordingly. Although there is a tradeo\u001b between|capacity and security, this issue can be eliminated by dividing data into several parts and sending them via|di\u001berent keys. Moreover, choosing what is more important between capacity and security can help make the|tool useful. The coding of the whole project is done in python and the GUI is made by the Tkinter package in|python.||",
  "experience": "FreeCo Education | Subject Matter Expert Math|Jaipur | June 2021 - January 2022|"
}