{
  "name": "Akshatt Chhabra",
  "email": "akshattchhabra6@gmail.com",
  "mobile": "+91842343360",
  "degrees": "[('XII', '2020'), ('X', '2020')]",
  "education": "Board  |Tenure  |CGPA/Percentage |B. Tech (CSE) |September 2020 -Ongoing |Vellore Institute of Technology, Bhopal |8.70/10 |Class XII |2018-2019 |St. Antony's Inter College, Lucknow |92.2% |Class X |2016-2017 |St. Antony's Inter College, Lucknow |93.8% |Email: akshattchhabra6@gmail.com |Phone: +91 8423433608 |linkedin.com/in/akshatt-chhabra-|886258209/ | ||"
}