{
  "email": "gayatri7pute@gmail.com",
  "mobile": "9075615248",
  "degrees": "['Me']",
  "education": "Pimpri Chinchwad College of Engineering & Research Ravet,Pune|B.E(2024) Computer Science|Priyadarshani School Indrayaninagar|11-12th Science||",
  "skills": "Programming Languages :   Java ,C++, PL/SQL|Web Development : HTML, CSS, Bootstrap, cPanel, DJango|Tools & Frameworks : Git, Figma|Databases & Platforms :MySQL, Oracle, Windows|Web Development Intern|GeeksForGeeks Student Chapter Member|",
  "projects": "Intelligent Expense tracker (Copyright recieved) |Built a web application to keep the track of expense of an|individual.|",
  "experience": "Elite Softwares - Online, India|(07-22 to 09-22)|earned and explored web development ,user interfaces -cPanel|and DJango framework. |GFG marketing team|Executed strategies for promotion of the chapter in the college |LinkedIn Profile:|https://www.linkedin.c|om/in/gayatri-satpute-|b07312222/ |"
}