{
  "email": "rohannagariya06@gmail.com",
  "mobile": "9163929878",
  "degrees": "[('BTech', '2020'), ('CBSE', '2018')]",
  "education": "B.Tech ( SE )|2020-2024|Delhi Technological University (DTU)|9.01 CGPA(till 3rd Semester)|CBSE (Class XII)|2020|Sanskar Public School , Gwalior|93.8%|CBSE (Class X)|2018|Jai Academy , Gwalior|87.6%|",
  "skills": "* Languages - C++ , HTML , CSS , JavaScript .|* Knowledge - Data Structure, Object-oriented programming, Operating System|EXTRA-CURRICULAR ACTIVITIES AND ACHIEVEMENTS|* Achieved 5700 rank in JEE mains out of 12 lakh participants.|* Earned Rs.12,00,000 through social media platform Reddit||",
  "projects": "1. DelTour using Node.js Mongoose Express HTML BOOTSTRAP CSS JS|* Used to see all the Tourist Destinations in Delhi|* Implemented the authentication using JSON Web Token(JWT) and commenting feature|"
}