{
  "name": "Node JS",
  "email": "vrtikaaa1811@gmail.com",
  "mobile": "+919305904328",
  "degrees": "[('BE', '2020')]",
  "Education": "CHITKARA UNIVERSITY | PUNJAB|B.E CSE | 2020-24 | CGPA 9.4|",
  "Projects": "Amazon Clone|Ecommerce is one of the most important projects while learning |development. By taking reference from youtube channel I have made this |amazon clone with added features|6 Used Next Js as frontend framework and MongoDB as Database|6 Prisma was integrated as Typeorm to communicate with MongoDB|6 Integrated Razorpay as payment gateway for checkout.|Circle2|Circle 2 is a frontend based website built using Html, Css and Javascript |which is made for a restaurant for fulfilling the requirement of online |order. This project was made as the part of Formattive Assessment in first |year.i|6 Added Text animations to beautify the website|6 Implemented best design practices to ensure the good user |",
  "Certifications": "Frontend Development | Coding Ninjas|This course includes html, css and javascript which helped me to |kickstart my development career and exploring my potential in web |development.||",
  "experience": "6 Spended time on the user experience part to improve user journey|6 In total 5 - 6 Fully Responsive web pages.|.|"
}