{
  "email": "rishabhy2000@gmail.com",
  "mobile": "+91969156056",
  "degrees": "[('BTech', '2017')]",
  "Education": "* Netaji Subhas University of Technology, New Delhi |     * Nov 2020 - May 2024 |     * B.Tech in Electronics and Communication Engineering with specialization in AI and ML |     * 8.00 CGPA |* Gyan Ganga International Academy, Bhopal |     * Apr 2017 - March 2019 |     * AISSCE Board examination (class 12th) |     * 77.60 % marks |* Kendriya Vidyalaya No. 1, Bhopal |     * Jun 2012 - March 2017 |     * AISSE Board examination (class 10th) |     * 10 CGPA |",
  "Skills": "* |C |* |C++ |* |DSA |* |Python |* |LTSpice |* |Microelectronics |* |Machine Learning  |2 |* |VHDL |Work Experience |* Taught High school students for their examinations |      - physics and mathematics |",
  "Projects": "* ML project |     * Working on model to predict stock values based on previous data |* Electronics project |     * Working on breadboard project |",
  "Languages": "* Hindi |    * Native or bilingual proficiency |* English |    * Professional working proficiency |* German |    * Limited basic proficiency | |Certificates |* Certificate of merit by Goethe Institut |* Gold medals in International Mathematics Olympiad |* Gold medal in National Science Olympiad | |Qualities |* Leadership |* Hardworking |* Cooperating |3 |* Great learner | |Interest |* Coding |* Machine learning |* Badminton |* Cricket |* Football |* Swimming |* Current Affairs |* Geopolitics | | ||"
}