{
  "email": "sridhanvi.mokshazna@gmail.com",
  "mobile": "8688953556",
  "degrees": "[('Btech', '2020'), ('SSC', '2017'), ('CBSE', '2017')]",
  "Coding Profiles": "* Hackerrank : https://www.hackerrank.com/sridhanvi_moksh1 , score - 1009.204 |* Leetcode : https://leetcode.com/Sridhanvi_Repaka/ , score -  900 |* Codechef : https://www.codechef.com/users/sridhanvi , score - 2950 |* Codeforces : https://codeforces.com/profile/sridhanvi ,  score - 290 |* Github : https://github.com/Sridhanvi?tab=repositories  |  |Awards and Achievements:                                                                |* |Gained a gold badge with 5 stars in Problem Solving In Hackerrank |* |Achieved LinkedIn Skill Assessment badge in Python . |                                                                                                                                                              |Work Experience : |Oasis Infobyte: |Java Developer Intern |Here I completed 2 tasks: |One is a fun and easy project \"Guess the Number\" is a short java project that allows the user to guess |the number generated by the computer. |Second is a complex project \"ATM Interface\" consists of five different classes and is a    console-based |application. The project allows to perform transaction history, withdraw, deposit, transfer, |quit. |   |Co-Curricular Activities: |* |Participated in facebook clone using HTML , CSS Bootcamp by Devtown . |* |Designed Amaon Login using Web Technologies with the help of Bootstrap and used JavaScript |for validations. |* |Solved Problems and participated in some contests in online programming platforms like |codechef , codeforces , Leetcode. |* |Participated in college level Technical Paper presentation orgainsed by TECHXTREME . |    |Extracurricular activities:  |* |I have completed all the nine exams in Dakshin Bharat Hindi Prachar Sabha. |* |I have participated in dance events and art competitions locally. | |",
  "Projects": "Project-1 |Title: Balloons in a box  |Description: We have developed this project using Python. We took the input from the user like the co-    |ordinates of the cuboid, in which we place balloons.The problem statement is to calculate the space in |the cuboid box which is not occupied by the balloons. |Duration: 5 Days |Language : Python |Tools : Visual Studio code |Role: Teamleader |Group-size: 5 Members |Project url : https://gitlab.com/Sridhanvi_17/team22_balloons-in-the-box/-/blob/main/team22.py  |Project-2 |Title:  website using NodeJs,Express,Firebase. |Description: This website generates a random advice whenever a user requests an advice. I developed |this site using nodejs and express and I used an API \"Adviceslip \" to generate random advices .   |Duration: 1 Week |Language : NodeJS , HTML,CSS, ExpressJS |Tools : Firebase Database , Visual Studio Code . |Role: Web-Developer |Group-size: Individual  |Project url : https://github.com/Sridhanvi/vedic_capstoneproject |Youtube Link : https://youtu.be/dE9lRP9lYwk  |Project - 3 |Title: CertifyU - A Warehouse for  your certificates .  |Description:  Designed a website that stores the certificates of an individual faculty/student which |includes webinars, workshops, certification courses, internships, hackathons etc. such that they can also |view their documents for their future references . |Language:  NodeJS, ExpressJS, HTML, CSS, Javascript. |Tools-  Firebase Database, Visual Studio Code . |Group-size: 5 | |",
  "Strengths": "* |Communication ,  Self Motivated , Positive Attitude , Creativity | |Declaration: |\" I hereby declare that the above particulars of facts and information stated are true, correct and |complete to the best of my belief and knowledge.\" | | |Date : September 8,2022 |Place : Palakol                                                                                          | [REPAKA M N V S SRI DHANVI] ||",
  "education": "B.tech :                                                                                                  2020 - 2024 |Specialization : CSE |Institute : Shri Vishnu Engineering College For Women , Bhimavaram, |CGPA : 9.16  |Intermediate :                                                                                   2018-2020 |Specialization : MPC |College : Aditya Junior College , Palakol |CGPA : 9.94 |SSC :                                                                                                     2017-2018 |Specialization : CBSE |School : Sadhana School , Bavepallipalam |Percentage: 90  | |Professional Skills : |Programming languages : C , Python , Java |Webdevelopment : HTML , CSS , JavaScript , Bootstrap |Databases : MySql |  |",
  "skills": "* |Coding Skills, Logical Skills, Communication Skills. | |Certifications : |* |Completed \"learning python\" course in  Linkedin. |* |Completed \"Java\" course from Great Learning. |* |Earned certificates in Problem Solving , Python , Sql in Hackerrank . |* |Earned Certificates in Full stack development course. |* |Earned certificate in kickstart 2022 by Google .  | |Training programs: |* Full Stack Development Program by vedic . |* WISE Program ( Women in Software Industry ) |* C&DS by SmartInterviews .  | |"
}