{
  "email": "f20191481@hyderabad.bits-pilani.ac.in",
  "mobile": "765195881",
  "Education": "Birla Institute of Technology and Science (BITS) - Hyderabad|Hyderabad, Telangana|BACHELOR OF ENGINEERING IN BITS PILANI HYDERABAD CAMPUS, CGPA-7.07|May,2019|* Electronics and Instrumentation|* M.Sc. Chemistry|",
  "Skills": "Languages|C,C++,HTML,CSS,JavaScript,Drupal|",
  "Experience": "Swecha|Hyderabad,Telangana|WEB DEVELOPER INTERN|May 2019-July 2019|* Worked with Drupal, an open source web management for the first time|* Learnt intergration and how to manage subparts of a bigger project. Had good experience in working with groups for the first time|",
  "Projects": "Swecha Dashboard|* Online Dashboard for Pothole Detection, based on Drupal|* Uses GPS syncing to store locations of Potholes on the area||"
}