{
  "email": "sharmakku49@gmail.com",
  "mobile": "9176683341",
  "degrees": "[('BTech', '2020')]",
  "education": "BTech in Computer Science, NIT JAMSHEDPUR|December 2020 - present|CGPA: 8.6|Madhavrao Scindia Public School,Bareilly, Uttar Pradesh|2016 - 2019|* CBSE(ClassXII) Grade(in percent): 95.4 .|* CBSE(ClassX) CGPA: 10.|",
  "skills": "Programming Languages|C,C++|Web Technologies|HTML , CSS, Javascript|Tools|Git|",
  "projects": "Spotify Clone -a simple tunes player web-app|GitHub|* Contains some popular tunes to play.|* Technologies used : HTML , CSS , Javascript.|Car Animation|GitHub|* Created this first simple project containing some basic CSS animation.|* Technologies used : CSS,HTML, javascript.||"
}