{
  "email": "rajmohit334@gmail.com",
  "mobile": "9162030708",
  "degrees": "[('Btech', '2020')]",
  "education": "VIT bhopal|Bhopal, India|Btech Computer science GPA: 8.08|July 2020 - July 2024|",
  "skills": "Programming Languages:|c, c++, java, python, javascript, HTML|Libraries/Frameworks:|web develpment|Tools / Platforms:|Databases:|MySQL|",
  "projects": "| Link|: JavaScript, Python, HTML/CSS|Sur\u001cng Ethoes | Link|with this project we are try to solve the problem of mental illeness and depression in a individual by providing|them to video call with each others we will closely monitor them and on the vasic of this we will try to \u001cgure|it out|Honors & Awards|won 1st place in Advitya sports fest||",
  "experience": "Common Vulnerabilities and Exposures club VITB | member|Bhopal,India | jan 2021 - juy2024| (CVE) is a database of publicly disclosed information security issues.A CVE number uniquely identi\u001ces|one vulnerability from the list. CVE provides a convenient, reliable way for vendors, enterprises,|academics, and all other interested parties to exchange information about cyber security issues|"
}