{
  "email": "DHARIYA.RAJ.UG20@NSUT.AC.IN",
  "mobile": "919211650",
  "degrees": "[('CBSE', '2019')]",
  "education": " |Netaji Subhas University of Technology, Delhi, India       | | | | |            2020 - 2024 | |Branch: Instrumentation and Control | CGPA: 8.00 | | | | |  | | | |Blue Bird Sr.Sec. School, India | | | | | | |                          | |CBSE (Class XII), Aggregate: |91.4%  | | | | | | |2019 - 2020   | | | | | | | | | |             | |CBSE (Class X), Aggregate:  |91.0%  | | | | | | |2017 - 2018 | |                   |",
  "skills": "Programming |C++ | C  |Development |HTML | CSS | JavaScript | MySQL |EXPERTISE |Data Structures & Algorithm | Problem Solving  |Links |GitHub: github/dhairyarajbabbar |LinkedIn: dhairyarajlinkkedin |LeetCode: leetcode/dhairyarajbabbar |HackerRank: dhairyarajbabbar | | ||"
}