{
  "email": "rumk78864@gmail.com",
  "mobile": "+91997101439",
  "degrees": "[('BTech', '2020')]",
  "education": "Netaji Subhas University of Technology, New Delhi -- |B.Tech in Computer Engineering |DECEMBER 2020 - PRESENT |7.93 GPA (Till 2nd Semester) |Govt. Boys Sr. Sec. School, New Delhi -- Class 12th |MAY  2017 - MAY  2019 |84 % (CBSE Senior School Certification Examination) |Convent Of Gagan Bharti, New Delhi -- Class 10th |MAY  2016 - MARCH  2017 |9.4 CGPA  (CBSE High  School Certification Examination) |ACHIEVEMENTS |* |Won Zonal Level Computer Quiz competition in 2019. |* |Won Inter School Quiz competition 2018. |PROGRAMMING PROFILES |* |Leetcode |",
  "skills": " C++ |C |Data Structure And Algorithms |Design And Analysis of Algorithms | HTML | CSS | JAVASCRIPT | Database Management System |LANGUAGES |English , Hindi |Ram Kumar Sah |New Delhi |India - 110043 |+91 9971014398 |rumk78864@gmail.com | ||",
  "projects": "* A Movie Database Website |This Website is a database of movies released every year. It consists of basic |plot, rating, reviews, download link if available, upcoming movies release dates |etc. |"
}