{
  "name": "Manav Jain",
  "email": "sagarkjain98@gmail.com",
  "mobile": "8580155",
  "degrees": "[('BE', '2020')]",
  "Experience": "Head|TATVA DTU|Sep 2021 - Present (8 months +)|Led various events for the fest .|Head|Manthan DTU|Feb 2022 - Present (3 months +)|Manthan DTU is a debating society that is built with the aim to represent the voice of every individual in|any language.|Co Head|Invictus DTU|Jul 2021 - Present (10 months +)|Drove a team to conduct the technical fest of DTU in successful manner|Researcher|Ministry of Women & Child Development|Jan 2022 - Feb 2022 (2 months)|*Researched on various schemes to improve the lives of underprivileged peoples.|*Built a handbook to help the volunteer to provide faster help to the underprivileged people.|*Devised a method to implement the best working schemes of different states in Delhi .|Head|AIMS-DTU|Sep 2021 - Present (8 months +)|Leading a team of design and media people to create meaningful media in the field of Artificial|Intelligence and machine learning.|",
  "Education": "Delhi Technological University (Formerly DCE)|Bachelor of Engineering - BE|2020 - 2024|Manav Jain - page 1|Aggregate GPA-9.1|Presidium School|12th, PCM|Licenses & Certifications|One of the Top 1% of the team selected from over 500 teams who competed in|Case study competition. - E -Cell,NSUT|Programming Fundamentals By Duke University - Coursera|https://coursera.org/share/9fa84c06710d630c8580155c5e60d387|",
  "Skills": "C++   *   Python (Programming Language)   *   Team Coordination   *   Graphic Design   *   Data Structures   *  |Algorithms   *   Analytical Skills|Manav Jain - page 2||"
}