{
  "email": "Pdyankit01@gmail.com",
  "mobile": "989164779",
  "degrees": "[('XII', '2019'), ('X', '2019')]",
  "Skills": "Languages: | |C++, Python, C | |                      Web Development (HTML, CSS), Data structure and algorithm | |Achievements | |Courses   | | | | | | | | |  | | | | | | | | |Complete a course of Data Structure of Algorithm from Coding Ninjas | (Sep '22 - Mar'22) |Certificate of Excellence on Data structure of Algorithm. | | |Academic Project | |Build a memory game project using Arduino with team mates. I was involved in the assembling of the game. |  |Internship/Workshops | | Workshop of Web Development with Masai School. ||",
  "education": "Electronics and Communication Engineering | Netaji Subhas University of Technology, Delhi CGPA:7.9 | (dec 2020-|ongoing) |XII (CBSE) | Sumermal Jain Public School, Delhi | 93% 2019 |X (CBSE) | Sumermal Jain Public School, Delhi | 91.2% 2017                                                                          | |"
}