{
  "email": "ghanusiddhant@gmail.com",
  "mobile": "9416999944",
  "degrees": "[('CBSE', '2019')]",
  "Education": "Bachelor of Technology, Computer Science and Engineering|Graphic Era University Dehradun (2020-2024) 9.1/10 CGPA(1 YEAR)|Senior-Secondary Examination, CBSE,|Air Force School, Ambala Cantt (2019-2020) 83 Percent|Secondary Examination, CBSE,|Air Force School, Ambala Cantt(2017-2018) 81 Percent|",
  "Skills": "Technical Skills:- Data structures and algorithms, Html, C, C++, Python, Java,Css,Javascript.|",
  "Projects": "Stock market growth prediction using machine learning.|Calculator using html,css and javascript.|Certificates|Microsoft Azure Exam(AI 900) -Passed the exam with 957 marks. ||"
}