{
  "name": "Saket Sagar",
  "email": "saketsagar004@gmail.com",
  "mobile": "8503975649",
  "education": " |Netaji Subhas University Of Technology | |Electronics and Communication Engineering |CGPA/Aggregate: 7.09 |2020 - |2024 | |",
  "experience": "Coding Ninjas |Ninja Entrepreneur |February 2022 - Present |My role is to create awareness among students in the field of Coding and |Development culture. I successfully organized and managed various Coding events, |Webinars and conducted various workshops on different technical domains. | |CERTIFICATION |Data Structures in C++ by Coding Ninjas |Verify: https://certificate.codingninjas.com/verify/075e4490c46bcbf7 | |Introduction to C++ by Coding Ninjas |Verify: https://certificate.codingninjas.com/verify/7ebd228b5ccf51d6 , |https://certificate.codingninjas.com/verify/558eee84beb8a9e0 | |                                      Innovation, Business Models and Entrepreneurship NPTEL BY SWAYAM |                                      Verify: https://nptel.ac.in/noc/E_Certificate/NPTEL21MG63S3339199903195537 | | | | | | | | | | | | | | | | | | | | | | | | | | | | | | | | | | | | | |Page 1 of 1 | Saket Sagar ||"
}