{
  "email": "mkprajapati2002@gmail.com",
  "mobile": "969311028",
  "degrees": "[('BTech', '2020')]",
  "education": "B.Tech (Information Technology)| Netaji Subhas University of Technology |DECEMBER 2020- PRESENT |CGPA - 7.7 |12 Class (86.4%) | Bharti Public School |2013 - 2019 | | |",
  "skills": "* |C++ |* |HTML |* |CSS |* |JavaScript |* |MySQL | | | |  MANISH |  PRAJAPATI |H No-23, Near Gurjar Panchayat Ghar,Old Kondli,Delhi-96  | |9311028964  | |mkprajapati2002@gmail.com  | | https://www.linkedin.com/in/manish-prajapati-416750144/   | |https://leetcode.com/Manish_3/   | ||",
  "experience": "Volunteer | PRAYAS | The Neighborhood Project |2020 - PRESENT |I am volunteer at Prayas NSUT (A society of NSUT which aims at providing education to underprivileged student), |there I learned many things like managing and coordinating events, teams and teaching the students. This boosted |my confidence. | | |"
}