{
  "email": "ithdisushmitha208@gmail.com",
  "mobile": "8374174891",
  "degrees": "[('SSC', '2021')]",
  "education": "Bachelor of technology (CSE), |Vishnu instute of technology|03/2021 - present    |Bhimavaram, India|Intermediate, APSWREIS|05/2018 - 03/2020 | VPGUDEM, India|SSC, APSWREIS|06/2017 - 03/2018    |Yeddanapudi, India|LANGUAGES|English , Telugu|COURSES|Python, Kaggle|Html , CSS , Javascript, Coursera||",
  "skills": "Technical skills - Java , |python , web |development(html,css)|Soft skills - Communication, Team |work ,  Interpersonal skills ,|"
}