{
  "email": "yuvansh.kumar2020@vitbhopal.ac.in",
  "mobile": "8057860588",
  "EDUCATION": "VIT BHOPAL UNIVERSITY|July 2020 - July 2024|Bachelors Computer Science|Bhopal, India GPA: 8.3|",
  "EXPERIENCE": "AIPROABLY | Intern|online | February 2022 - June 2022|",
  "SKILLS": "Programming Languages|Python, c++, HTML, CSS, Javascript|Databases|MySQL|",
  "projects": "STUDENT MEDICAL DETAILS INFORMATION SYSTEM | Link|This work is focused on the storing almost every medical information regarding a particular student.||"
}