{
  "email": "ankitasharma102002@gmail.com",
  "mobile": "7006810587",
  "degrees": "['BE', 'CBSE']",
  "EDUCATION": "B.E. in Computer Science|Sep '20 - Present|Thapar Institute of Engineering and Technology|--8.18 CGPA|Class 12th Boards|Mar '19 - Apr '20|Army Public School Jammu Cantt|--95.6 % in CBSE Boards |KEY SKILLS| C  | C++ | Data Structures and Algo  |HTML|SQL |Python |Autocad| CSS|",
  "EXPERIENCE": "MICROSOFT|May '22 - Jun '22|Microsoft Intern Engage Mentee'22| |INTERNSHALA|Apr '22 - Present|Student Partner|KEY PROJECTS| |VOLUNTEER EXPERIENCE| PRATIGYA ABHIYAAN|ADDITIONAL INFORMATION|Patiala, India|Jammu, India| |Ankita Sharma|B.E. Student|Made a  Face Recognition Model on ATM Security.|Tech Stacks used: ML ,Python , sqlite3|Worked with the organisation towards spreading awareness regarding internships and technical |skill development among freshers.| Blood Bank Management Web application | May'22|A blood arrangement solution for hospitals and individuals.|Languages involved: HTML, Javascript, CSS |Team Project|Learned the various aspects of Software Engineering.|Volunteered for teaching underprivileged children and their overall development.|Languages: Hindi, English|Interests: Reading, Painting||"
}