{
  "email": "parth.jain1862@gmail.com",
  "mobile": "8076801378",
  "EDUCATION": "Graduation |Netaji Subhas University of Technology |10/2020 - Present,  |7.90 |Computer Enineering |12th |Kulachi Hansraj Model School |2020,  |94.6% |Science(PCM) |10th |Kulachi Hansraj Model School |2018,  |94.4% |",
  "SKILLS": "HTML |CSS |Javascript |React |C++ |",
  "ACHIEVEMENTS": "Hashcode 2022 |Rank (3896) |",
  "LANGUAGES": "English |Full Professional Proficiency |Hindi |Full Professional Proficiency |",
  "INTERESTS": "Gaming |Courses |Courses ||"
}