{
  "email": "ria0908.be20@chitkara.edu.in",
  "mobile": "8979988943",
  "EDUCATION": "Bachelor of Engineering (B.E)|Chitkara University|08/2020 - 07/2024 (Expected)|CGPA: 9.99 (Computer Science)|Intermediate|Rainbow School|2018 - 2020|92.4% PCM|High School|Rainbow School|2016-2018|96.4%|",
  "SKILLS": "Languages:- C, C++, Java, HTML, CSS, JavaScript|Concepts:-OOPS, CN, OS, DBMS|Frameworks & Libraries:- Bootstrap and JQuery|CERTIFICATES|Object Oriented Programming Java (Coding Ninjas)|Certification of Excellence|Responsive Website Basics (Coursera)|HTML, CSS, and JavaScript|Introduction to Web Technologies (Coding Ninjas)|Certification of Excellence|Advanced Web Development (Coding Ninjas)|Certification of Completion|Introduction to Python (Coding Ninjas)|Certification of Excellence|C Programing| |",
  "PROJECTS": "WHATSAPP_CHECKLIST|A whatsapp checklist demo page made using LRU|cache concept and with the help of hashmap and|linked list concepts|CHATBOT|A chatbot is made using basic javascript and json|for fetching data. In this bot replies with joke, news|and motivation.|CAFE_MANAGEMENT|A cafe management page in which i tried to specify|CRUD operations. Also it contains contains a page|of local storage where people can share their|",
  "experience": "COVID 19 TRACKER|Tried to implement the covid-19 tracker which|shows the data of infected, recovered and total|deaths of different countries. It also contains map|and graph which changes for different data.|PROFILE LINKS|LEETCODE|GEEKS_FOR_GEEKS|GITHUB|LINKEDIN||"
}