{
  "name": "Likhitha K",
  "email": "likhithakcr1@gmail.com",
  "mobile": "+91953880254",
  "degrees": "[('BE', '2024')]",
  "education": " |Institution  |  |Course/Degree  |  |Aggregate  |  |Year of Passing  |  |JSSSTU, Mysuru  | |Electronics and |Instrumentation |Engineering, B.E.  |  |9.08(Upto 4th Sem)  |  |2024 |  |St.Joseph PU college |Jayalakshmipuram,Mysuru |  |PCMB,DPUE  |  |94.5%  |  |2020  |  |Vijaya High |School,Hinkal,Mysuru |  |SSLC,KSEEB  |  |95.20%  |  |2018 | | TECHNICAL SKILLS  |  |* |C Programming  |* |Basics of Programming in C++   |* |Coding in Verilog and vhdl languages |  |  PERSONAL DETAILS  |  |* |Date of Birth : 08-06-2002  |* |Father's Name : Kumar C R  |* |Mother's Name : Kumari N |* |Current Address : #748,2nd cross,Ashrama road,Hinkal,Mysuru |* |Permanent Address : #748,2nd cross,Ashrama road,Hinkal,Mysuru |* |Hobbies : Reading books,music,exploring the nature |* |Nationality : Indian  |* |Languages Known : English, Kannada |* |Any kind of disability : No  |* |Willingness to Relocate : Yes  |  |  | DECLARATION  |  |I hereby declare that all the above mentioned information is true and correct to the best of |my knowledge.  | |  | |Place   :   Mysuru   |Signature/E -   Signature   :   | ||",
  "projects": "* |IoT ECG monitoring with AD8232 ECG sensor with arduino |* |Brake failure indicator using 555timer IC |* |BPM 180 pressure, temperature monitoring | |"
}