{
  "name": "Rakshitha Vasabhaktula",
  "email": "rakshithavasabhaktula@gmail.com",
  "mobile": "7569288843",
  "EDUCATION": "B.Tech(CSE) |Shri Vishnu Engineering College for Women |11/2020 - Present,  |Bhimavaram - 9.19CGPA(till date) |Intermediate |Sasi Junior College |06/2018 - 03/2020,  |Tanuku - 10.0CGPA |PERSONAL PROJECTS |Martial Arts Game |Creating a website with simple martial arts game |Techologies : Html, CSS, JavaScript |Link : https://rakshitha6086.github.io/newwebsite.github.io/ |Code Generation |Developing backend for a translator for a SIC machine which|converts given postfix expression to Assembly language code |Technologies : Python |Link : https://gitlab.com/vrakshitha2468/codegeneration-wise-batch-|5.git |CERTIFICATES |Introduction to Cyber Security |CISCO |02/2022,  |AWS Cloud Practitioner |Course from AWS Skill builder |11/2021,  |Week of Web |Introductory level course on Web Development |08/2021,  |",
  "SKILLS": "Java |C |Python |Data Structures |MySQL |HTML |CSS |",
  "ACHIEVEMENTS": "Coding Competition (07/2022) |Secured 5315 rank in INNOVATE INDIA CODING CHAMPIONSHIP|round1 by Coding Ninjas in association with AICTE |Technical Paper Presentation (11/2021 - 09/2022) |Secured 1st and 2nd positions on CLOUD COMPUTING and CYBER|CRIME AND SECURITY respectively |SOFT SKILLS |-Team Work |-Leadership |-Time Management |-Problem Solving |CO-CURRICULAR ACTIVITIES |-Part of WISE program organized by our college in|collaboration with TalentSprint |-Part of C&DS program organized by our college in|collaboration with SmartInterviews |-Participated in a webinar talk on TOOLS AND|TECHNOLOGIES IN ARTIFICIAL INTELLIGENCE |",
  "LANGUAGES": "English |Professional Working Proficiency|Telugu |Native or Bilingual Proficiency |EXTRA CURRICULAR ACTIVITES |NSS Volunteer |Hostel Representative |Singing |Learning new things |Practice Coding ||"
}