{
  "email": "naina1037@chitkara.edu.in",
  "mobile": "9592852899",
  "degrees": "[('BE', '2020'), ('XII', '2020'), ('CBSE', '2020'), ('X', '2020')]",
  "education": "Chitkara University, Rajpura-- BE CSE|2020-2024|9.99 CGPA till 4th Semester|AKSIPS, Sector-41 Chandigarh-- XII|95.2% in XII CBSE Board 2020|AKSIPS, Sector-41 Chandigarh-- X|97.2% in XII CBSE Board 2018|",
  "skills": "HTML,CSS,Javascript,|C++,Java,OS,DBMS,DSA|CERTIFICATES|Participated in the Great India|Hackathon in April' 2022|My work among the team was to|develop forms using react.|NPTEL Certification in Java|Completed NPTEL Java Course with|a score of 78%.|AZ-900 June' 21|Recognised as Microsoft Certified|for Azure Fundamentals AZ-900.|My portfolio having description about my|To-do list web application created using|html,css and javascript helps users to|organize their daily tasks|To-do list web application created using|html,css and javascript helps users to|organize their daily tasks|To-do list web application created using|html,css and javascript helps users to|organize their daily tasks|To-do list web application created using|html,css and javascript helps users to|organize their daily tasks||",
  "projects": "Todos List -- using Javascript|Todo List web application created using html,|css and Javascript helps users to organize their|daily tasks.|https://nainakapoor3.github.io/Todo-List/|Portfolio Website -- HTML,CSS|Website created while learning basic|frontend(HTML,CSS)|having a description about my skills and|certifications.|https://nainakapoor3.github.io/PortfolioWebsite/|Grocer's Pantry -- HTML,CSS,Javascript|Ecommerce website having hovering css|eects,login page,|signup page with authentication,products|category section.|https://nainakapoor3.github.io/GroceryWebsite/|"
}