{
  "email": "psharmilee30@gmail.com",
  "mobile": "+91943871730",
  "degrees": "['BTech']",
  "education": " |Vellore Institute of Technology, Bhopal | |B.Tech., Computer Science Engineering | |- Currently in my senior year, with a GPA of 8.5 | | |Get in touch with me | |Mobile #: +91-9438717307 | |Address: B/20, NIT CAMPUS, Rourkela, |Odisha | |Email: psharmilee30@gmail.com | | | | | |  ||",
  "skills": " |- Badminton | |- Reading | |- Photography | |- Writing | | | | | |",
  "projects": " |Portfolio website | |uPlant | |Areas of Expertise | |- CSS | |- Front-End Web Development |  |- UI Design |- Manage Content | | |-Front-End Website Project | |- A Plant-based ecommerce website. | |Spotify UI Clone |Google UI Clone | |Facebook UI Clone | |Netflix UI Clone | | |Languages | |- CPP | |- PYTHON | |- JAVASCRIPT | |- HTML |-JAVA | |"
}