{
  "email": "madhav.patil2020@vitstudent.ac.in",
  "mobile": "937076824",
  "EDUCATION": "B. Tech. (Computer Science) |Vellore Institute of Technology,Vellore |2020 - Present,  |CGPA-8.2 |Database Management|System |Python Programming |Java Programming |Data Structures and|Algorithms |Object Oriented|Programming (C++) |Operating Systems |WORK EXPERIENCE |Design Head |Yuva Marathi |Yuva Marathi is a Marathi literary association at Vellore Institute of|Technology (VIT), Vellore. |Graphic Designer in Social Media Team |Contact :|-|Tanmay Deshpande (Vice-Chairperson) |+917507143884 |",
  "SKILLS": "C++ |C |Python |Java |Adobe Photoshop |Adobe Premiere Pro |",
  "LANGUAGES": "English |Full Professional Proficiency |Hindi |Full Professional Proficiency |Marathi |Full Professional Proficiency |",
  "INTERESTS": "Graphic Designing |Video Editing |Coding |Web Development |Mathematics |Chess |Courses |Achievements/Tasks ||"
}