{
  "email": "sejalnagdawane@gmail.com",
  "mobile": "969186972",
  "education": "Bachelor of Technology-Indian Institute of Information Technology, Design| Computer ScienceAnd Engineering |Jabalpur| Expected in August 2024 |*|",
  "skills": " Programming languages, like C,C++,Java, Python, JavaScript, PHP, HTML, CSS | Backend in PHP and JavaScript | Frontend in CSS, HTML and JavaScript | Data Science ||Arduino Programming |*|",
  "projects": " ATM Software using PHP, JavaScript, CSS, HTML | Food Ordering System, in python |*|About me|I am an enthusiastic student of IIITDMJ, looking forward to contribute in your company for good. I am a passionatestudent with good problem |solving skills. I never give up and always ready to take challenges. Your training and guidance will help immensely in my career . Please consider |me|SEJAL NAGDAWANE|Student|9691869723|Nagpur, India 441107|sejalnagdawane@gmail.com||"
}