{
  "email": "mchabra224@gmail.com",
  "mobile": "+91876545586",
  "Education": "  |Vellore Institute of Technology, Bhopal                                                               2020-2024 |Bachelor of Technology (Computer Science)  |CGPA- 8.5 |  |Mary Gardiner's Convent School                                                                         2019-2020  |12th Grade (CBSE)- 87%   |  |St. Mary's Convent Inter College                                                                         2017-2018  |10th Grade (CISCE)- 94%   |",
  "Skills": "  |* |Python   | |* |C++  |* |Java |* |Dart   | |  | |",
  "Projects": "  |1. Train Reservation System |Tried to replicate the Railway reservation systems with a team of 5 members. We                                               |successfully created User Module and Admin module and a database to store the |booked ticket information of the user. |       Technologies used: HTML, CSS, JavaScript, PHP, MySQL |2. Hospital Appointment Booking System |Built a webpage for directing patients to varies hospitals with a team of 4 members. |Technologies used: HTML, CSS, JavaScript, PHP, MySQL | | Certifications |Applied Machine Learning in Python Course - Coursera |",
  "Awards": "  |1. Successfully completed Virtual Stock Market Workshop and Simulation Competition |conducted by E-Cell IIT Bombay. | |Extra Curriculars |  | |Entrepreneurship and Startup    |     2021  | Startup Prototype |* |Made a media site delivering news in a fun way in form of a newsletter with 500+ |initial users. |* |Learned about marketing of a product and making a product reach target audience. | | | ||"
}