{
  "email": "nilesh9n9@gmail.com",
  "mobile": "+91829534628",
  "degrees": "[('BTech', '2020')]",
  "education": "Netaji Subhas University of Technology |Sector 3 Dwarka New Delhi-|110078  |B.Tech in Computer |Engineering(COE) 2020-2024 |Cgpa - 8.81(till 2nd semester) | |Sant Gyaneshwar Model School Lakhmi Enclave, Extended Lal |Dora, Alipur Delhi-110036, INDIA. - Class 12th |April 2018 - March 2020 |94.2% (CBSE) | |D.A.V. Centenary Public School,  Urban Estate, Jind-126102 |(Haryana) - Class 10th |April 2017 - March 2018 |94.2% (CBSE) | | |",
  "skills": "C++ |Data Structures and |Algorithms |HTML |CSS |JavaScript |Database Management |Sytems |Design and Analysis of |Algorithms |Software Engineering | | |ACHIEVMENTS | |JEE ADVANCED |2020(Organized by IIT |DELHI) - AIR 4019 |KVPY 2018 Scholar - AIR 599 |SA stream |JEE MAIN 2020-99.85 |percentile, AIR 1792 | | |LANGUAGES | |English , Hindi ||",
  "projects": "A website for Hotel Bookings. |Gym Website |"
}