{
  "name": "Harsh Singla",
  "email": "harshsingla_co20b4_13@dtu.ac.in",
  "mobile": "+91817875516",
  "degrees": "[('BTech', '2020'), ('CBSE', '2018')]",
  "EDUCATION": "B.Tech (Computer|Engineering)|2020-2024|Delhi Technological University (DTU)|9.40 CGPA|(Till 4th Semester)|CBSE (Class XII)|2020|Rukmini Devi Public School, Pitampura, Delhi|86%|CBSE (Class X)|2018|Rukmini Devi Public School, Pitampura, Delhi|91.6%|ACADEMIC PROJECTS|*|Twizzy | Link|Kotlin, Firebase|*|Designed and developed a secure live-chat application using Google's Firebase APIs and Android SDK|*|Implemented user credential verification system using Firebase Authentication|*|Integrated Firebase Realtime database that store user information and messages|ACADEMIC ACHIEVEMENTS AND AWARDS|*|Selected for Adobe Career Academy Program 2022|*|Google Kickstart 2022 - Round C: Global Rank: 455|*|Google Kickstart 2022 - Round A: Global Rank: 462|*|Google CodeJam 2022 - Round 1B: Global Rank: 645|*|CodeForces highest rating: 1788 (Expert). Ranked among the top 20 active users in DTU. Best Finishes:|*|Codeforces Round 786 (Div. 3) - Global Rank 194|*|Codeforces Round 795 (Div. 2) - Global Rank 445|*|Codeforces Round 774 (Div. 2) - Global Rank: 525|*|Codechef highest rating: 2041 (5 star). Best Finishes:|*|February Lunchtime 2022 Division 2- Global Rank: 70|*|March Cook-Off 2022 Division 2- Global Rank: 104|*|Qualified Science Open Merit Test (SOMT 2018-2019) conducted by Delhi State Science Teachers' Forum (DSSTF)|*|Qualified Junior Science Talent Search Examination (JSTSE 2016-17) conducted by Directorate of Education, secured under|150 rank in Delhi|",
  "TECHNICAL SKILLS": "*|Languages - Java, Kotlin|*|Knowledge - Algorithmic Analysis and Design, Data Structures, Object-Oriented programming, Competitive Programming,|Android Development|*|Technologies - IntelliJ|EXTRA-CURRICULAR ACTIVITIES AND ACHIEVEMENTS|*|Badminton, Gaming|*|Mentored 3-4 Students in Desh ke Mentors Program by Delhi Government||"
}