{
  "name": "Jigyas Boruah",
  "email": "jigyas.boruah2002@gmail.com",
  "education": "Vellore Institute of technology,  Vellore                                                         (2020 - 2024) |B. Tech in Computer Science Spec - Data Science | | |Cgpa : 7.85   |Sai Vikash Junior College                                                                                    (2018 - 2020) |12th Boards Percentage : 87.5 | | |",
  "skills": " Good Knowledge of DSA  | SQL | C/C++  | Data Mining | Machine Learning ||",
  "projects": " Pattern Examination of Net Banking Framework Using Data Mining Techniques - | |This paper presents us all the ways data mining techniques that helps in keeping the |banking secure using varied pattern analysis mining techniques, and so we try to find |the most efficient model amongst them. We found out that KNN classification gives |the best accuracy in detection of frauds in the transaction. |Link to project : https://drive.google.com/file/d/1nAewUpQLy9KLTWWJFVzIwLk_j8-   |KRRuy/view?usp=sharing | | |"
}