{
  "name": "Nidhi Yadav",
  "email": "nidhiprashantyadav1904@gmail.com",
  "mobile": "+91876788749",
  "degrees": "[('BE', '2020'), ('X', '2018')]",
  "EDUCATION": "PUNE INSTITUTE OF|COMPUTER TECHNOLOGY|BE in Computer Science|2020-2024 | Pune, India|Cum. GPA: 9.25/10|MATOSHRI JR COLLEGE|2018-2020 | Nashik, India|Class Xll Percentage: 88.15|NASHIK CAMBRIDGE SCHOOL|2005-2018 | Nashik, India|Class X Percentage: 88|",
  "SKILLS": "PROGRAMMING|C++ * CSS * HTML * Bootstrap|Problem Solving * DSA|Familiar:|DBMS * Operating systems * MySQL|SOFT SKILLS|Leadership qualities * Management *|Time management * Problem Solving|LINKS|LinkedIn:// Nidhi Yadav|Hackerrank:// Nidhi_1904|Codeforces:// Nidhi_yadav1904|Github:// Nidhi1904|Codechef:// nidhi_1904|ACTIVITIES|* Solved more than 400 problems on|various coding platforms.|* 5 star in C++ on Hackerrank.|* 5 star in Problem Solving on Hackerrank.|* Problem Setter in coding contests like|National Coding Content (NCC) and Class|Wildcard.|CERTIFICATES|* Internship Certificate(iMocha)|Certificate Link|* Certificate of completion of internship|Certificate Link|* Letter of recommendation|Certificate Link|",
  "EXPERIENCE": "IMOCHA | Quality checker and Technical editor intern|November 2021 - Present|* Worked on 150+ Data Structures and Algorithms problems.|* Reviewing and editing those problems.|GOOGLE DSC PICT|| Management Lead|September 2022- Present|* Planning events in collaboration with various Google leads and employees.|* Hosting Workshops|THE ENTREPRENEURSHIP NETWORK | Product Management|Associate Intern|April 2022 - July 2022|* Built a NGO website for rural area people with the complete team.|* Analyzed findings, researched the needs, risk management, handling huge data.|* Assisted in testing, and developing product strategies.|",
  "ACHIEVEMENTS": "* Global Rank of 782/11,500+ participants in Codechef Starters 16.|* Global Rank of 891/15,500+ participants in Codechef Februray Cook-off 2022.|* AIR Rank 351 out of 2 lakh plus students in MHT-CET 2020, securing 99.74|percentile.|* Girls State Rank 20 in MHT-CET 2020.|",
  "PROJECTS": "CHAT APPLICATION Link|Tech Stack: React js, Google Firebase|A social media web application to connect and chat with friends and families.|Features include chatting with the known people, sending them messages, images,|documents, etc.|",
  "ORGANIZATIONS": "* PICT IEEE Student Branch|I am an active member of PICT IEEE Student branch.|* PICT ACM Student Chapter|Worked in question setting team for various coding contents in Radiance event.|* PICT NSS|* Pictoreal (03/2021 - Present)|Coordinator for the biggest flagship event of Pictoreal i.e. Pics-o-reel.||"
}