{
  "email": "hellosaianand@gmail.com",
  "mobile": "9473694055",
  "degrees": "[('X', '2020'), ('XII', '2020')]",
  "education": "Vellore Institute of Technology, Bhopal|Uttar Pradesh, India|Bachelors Computer Science specialisation in Cyber security GPA: 8.34|October 2020 - May 2024|Bethany Convent School|Class X GPA: 9.4|2005 - 2017|Bethany Convent School|Class XII GPA: 78.4%|May 2019 -|",
  "skills": "Programming Languages:|C++, Python, Java|Libraries/Frameworks:|Angular JS, Bootstrap|Tools / Platforms:|Visual Code, IntelliJ, Atom|Databases:|",
  "projects": "Audio steganography | Link|RSA, Cryptography, Steganography|This particular project deals with cryptography and steganography, using them to hide data and give them a|layer of security. The idea is to make use of their essence and formulate a tool that can implement both of|them. Cryptography secures the data while steganography hides it. Using RSA cryptosystem as well as LSB|audio steganography the data can be hidden and transferred accordingly. Although there is a tradeo\u001b between|capacity and security, this issue can be eliminated by dividing data into several parts and sending them via|di\u001berent keys. Moreover, choosing what is more important between capacity and security can help make the|tool useful. The coding of the whole project is done in python and the GUI is made by the Tkinter package in|python.||",
  "experience": "FreeCo Education | Subject Matter Expert in Maths|Jaipur | Apr 2021 - January 2022|"
}