{
  "name": "Sanjeev Kumar",
  "email": "sk5405700@gmail.com",
  "mobile": "935169594",
  "degrees": "['Me']",
  "education": "Skill|Achievement|Skill|Achievement|Skill|Achievement|Skill|Achievement|Skill|Achievement|",
  "experience": "Address: E-2/128,Sec11,Rohini,Delhi|Mob no. - 9351695944|Email- sk5405700@gmail.com|Contact Detail|About Me|* Creating and exceuting innovative software |solution to enhance productivity.|* Able to analyze code problem and solve in |effective way.|Contact Detail|About Us|*|Presently, I am student of Vellore Institute |of Technology, Bhopal(MP)|*|Completed my 12th in 2019 from Delhi |Public School,Bikaner(Rajasthan)|*|Completed my 10th in 2017 from Army |Public School,Bikaner(Rajasthan)|Contact Detail|About Us|Professional Skill|* Java|* C++|* Python|* HTML|* Android Studion|Personal Skill|*|Team Work|*|Creativity|*|Leadership|Contact Detail|About Us|*|Lead a  Project|*|Project Name: Traffic Road |and Analysis|Thank You||"
}