{
  "email": "sswarup2812@gmail.com",
  "mobile": "+91838395646",
  "degrees": "[('BTech', '2020'), ('XII', '2020'), ('X', '2020')]",
  "EDUCATION": "VIT BHOPAL|2020 - 2024|BTech Computer Science Engineering|Bhopal, India GPA: 8.58|DAV PUBLIC SCHOOL, SECTOR 49, GURUGRAM|2019 - 2020|Class XII|Gurugram, India GPA: 94.6%|DAV PUBLIC SCHOOL, SECTOR 49, GURUGRAM|2017 - 2018|Class X|Gurugram, India GPA: 95%|",
  "SKILLS": "Programming Languages|Python, C++|Libraries/Frameworks|Pandas, Numpy, Keras, Streamlit|Databases|MySQL, PostgreSQL|",
  "projects": "RUBIK'S CUBE SOLVER | Link|Python, OpenCV, Tkinter|A program to simplify solving Rubik's cube with a simplistic GUI and easy to scan method.|ANOMALY DETECTION | Link|Python, Streamlit, Numpy, OpenCV|An ML program to detect an anomalous image from a given set of sample images.||"
}