{
  "email": "kashish0376.be20@chitkara.e",
  "mobile": "7717535532",
  "SKILLS": "DATA STRUCTURES |ANALYTICAL THINKING |PROBLEM SOLVER |WORD SMART |TEAM WORKER |PROGRAMING|LANGUAGES |JAVASCRIPT |Professional Working Proficiency |SQL |Professional Working Proficiency |JAVA |Professional Working Proficiency |CPP |Professional Working Proficiency |HTML,CSS |Professional Working Proficiency |",
  "INTERESTS": "web devlopment |READING |AEROBICS |CRICKET |TRAVELLING |DANCING |",
  "ACHIEVEMENTS": "STATE LEVEL CRICKET PLAYER (03/2016 - 03/2017) |U-19 TEAM . |AEROBICS NATIONAL LEVEL (03/2016 - 03/2018) |U-17 TEAM ||",
  "education": "UNDER GRADUATE COURSE: |CHITKARA UNIVERSITY (BE CSE) |08/2020 - Present,  |RAJPURA,PATIALA |10+2 |FORTUNE CONVENT SCHOOL |03/2019 - 03/2020,  |85% |MATRIC |LITTLE FLOWER CONVENT SCHOOL |03/2017 - 03/2018,  |83% |CERTIFICATES |IOT |BY CISCO. 3RD SEM(JULY -DEC) |JAVA PROGRAMMING |BY CODING NINJAS . 2ND SEM (FEB-JULY) |WEB DEVLOPMENT |BY CODING NINJAS.1ST SEM (AUG-JAN) |UI/UX COURSE |BY NPTEL 4TH SEM (JAN-JUNE) |PERSONAL PROJECTS |TEXT TO SPEECH  PROJECT |KEY SKILLS:- HTML,CSS,JS |SUDOKU SOLVER |KEY SKILLS: HTML,CSS,JAVA |SNAKE GAME |KEY SKILLS:-HTML,JS |COUNTDOWN TIME |KEY SKILLS:-HTML,CSS,JS |"
}