{
  "email": "priya.dharshini2020@vitstudent.ac.in",
  "mobile": "9342999700",
  "degrees": "[('XII', '2020'), ('X', '2020')]",
  "education": "B. Tech Computer Science|Vellore Institute of Technology Chennai, Tamil Nadu|GPA: 8.2 (Current GPA - Second year)|XII|Holy Prince Matriculation Higher Secondary School Chennai, Tamil Nadu|Percentage : 92%|X|Holy Prince Matriculation Higher Secondary School Chennai, Tamil Nadu|Percentage: 97%|",
  "skills": "Project Management, Problem Solving, Team working, Python- Intermediate, C- Intermediate, Java - Beginner, SQL-|Intermediate|Languages|English, Tamil, German|Interests|Reading books||"
}