{
  "email": "ujjwal2002tiwari@gmail.com",
  "mobile": "+06387483135",
  "degrees": "[('Me', '2020')]",
  "Education": "Vellore Institute of Technology (VIT University)|2020 - Present|B.Tech-Computer Science|",
  "Projects": "Comparison of Different Imputation techniques|in this project we compared in deep the performance and accu-|racy of various ML Imputation algorithms|cyber attacks in Sandbox Environment|we tried all different attacks and found out the ways to prevent|them|",
  "Achievements": "JEE Mains qualified|Ujjwal Tiwari|CSE Student|About Me|technology enthusiast|Contact| 06387483135| ujjwal2002tiwari@gmail.com| Uttar Pradesh|Social Links| https://github.com/Ujjwal-Tiwari||https://www.linkedin.com/in/ujjwal-|tiwari-991924202|",
  "Skills": "java|c++|network|machine lea||"
}