{
  "email": "rahul20108@iiitd.ac.in",
  "mobile": "2020108",
  "degrees": "[('BTech', '2020')]",
  "education": " |Indraprastha Institute of Information Technology  |B.Tech (CSE) |2020 - 2022(Present) |CGPA: 8.8 |(till 3rd Semester) | |Hope Hall Foundation School, New Delhi (Delhi) |Central Board of Secondary Education (12th) |2017 - 2018 |Percentage: 89  |New Era Progressive School, Korba (C.G.) |Central Board of Secondary Education (10th) |2015 - 2016 |CGPA: 10 | |",
  "skills": " |Expertise Area |OOPs, Web-Development |Programming |Language |Java, Python, C, JavaScript, HTML, CSS |Tools and |Technologies |GitHub, Figma, Photoshop, MATLAB |GCP, AWS, Bootstrap, Kubernetes |Technical |Electives |CMS (WordPress), Graphics Designing | |Internship | |",
  "projects": " |Online Banking System |Guide: Mukesh Mohania |(March,22-April,22) |Team Size-4 |Designed, developed, and optimized MySQL database and queries and then hooked up with |React frontend and Python backend to mimic the functionality of an online banking system. | |Will Hero Game |Guide: Vivek Kumar |(Nov,21 - Dec,21) |Team Size-2 |Cloned the popular Will Hero Game using Java and JavaFx for GUI. Concepts of OOPs, multi-|threading and serialization are used. | |Demo Assembler & Memory Simulator |Guide: Sujay Deb |(July,21 - Aug,21) |Team Size-3 |The program mimics the functionality of a RISC assembler which translates assembly |instructions to machine code. The Simulator tracks the values in the memory and registers.  | |Rahul Agrawal |2020108, Email: rahul20108@iiitd.ac.in |DOB: Dec 30, 1999 |Address: Flat No 6, 83 Gautam Nagar, New Delhi 110049 |Groceries Cart (Industrial) |(Aug,21 - Sept,21) |Successfully developed an E-commerce website using WordPress CMS and deployed on AWS |for a UK based grocery startup. | | |Positions of Responsibility | |* |Deputy Head Boy of Student's Senate |(April,17 - Feb,18) |* |Caption of Nehru House |(April,16 - Feb,17) |* |Student's Senate Member |(April,15 - Feb,16) | |Awards and Achievements | |* |2nd Position at Intra-college Hardware Building Competition |* |100% attendance award |* |Scholar Badge Holder in High School | |Interests and Hobbies | |* |Aero-Modeling |* |PC Building |* |Painting | | |Declaration: The above information is correct to the best of my knowledge. |Rahul Agrawal |Date: April 20, 2022 | | | | | ||"
}