{
  "name": "Koinni Sushmeetha",
  "email": "20wh1a1258@bvrithyderabad.edu.in",
  "mobile": "8897176107",
  "degrees": "[('CBSE', '2020')]",
  "Technical Skills": "Programming Languages: C,C++,Java Basics.|Operating Systems: Windows,Ubuntu.|Web Technologies: HTML5,CSS3,JavaScript,Latex.|Database: MySQL|Certifications/Achievements:| Got certified in Simpli Earn for completion of Indroduction to C++.| Got certified in Medhanvesh 2K21 held by BVRIT HYDERABAD for completion of|event Spark AR,Track React JS.| Certificate of appreciation in National Level Online Physics Quiz conducted by|Lords Institute of Engineering  and Technology.| Certificate of Participation in Round-1 Tata Brand Assessment of Tata Imagination|Challenge 2022 organized by Tata.|7.14(Current|GPA)| Project Title      :      Othello| Worked On       :       Windows OS| My Role            :       Worked on approach and some part of Code|Details of the project:|The main objective of this project is to create a strategy board game played between|two players.It is developed using Python,Pygame and tkinter modules.|Declaration:|I hereby declare that the details mentioned above in my resume are correct to the|best of my knowledge and belief. I bear the responsibility of any error mistake in the|data if occur in future.|Place:Hyderabad|Date:01-11-2022|Project Summary:|Signature:|        Sushmeetha||"
}