{
  "email": "nehaaggarwal3002@gmail.com",
  "mobile": "6284332194",
  "degrees": "['ICSE']",
  "EXPERIENCE": "UNSAID TALKS, PATIALA |JUNE (2022)- TILL NOW |Operations manager |UNSAID TALKS, PATIALA |DECEMBER (2021)-JUNE (2022) |Event manager  |",
  "EDUCATION": "THAPAR INSTITUTE OF ENGINEERING AND |TECHNOLOGY, PATIALA |Pursuing Bachelor of Engineering in Computer Science |and Business Systems (B.E.) with current Cgpa-7.67 |SACRED HEART CONVENT SCHOOL, LUDHIANA |Senior Secondary and Primary Schooling, ISC score of |90% and with ICSE score of 94% |COMMUNICATION |* English |* Hindi |* Punjabi | |",
  "ACHIEVEMENTS": "* Backend in SQL in 2022 |* Front end in HTML from you-tube in 2021 |* Python course from Coursera (2020) |* Won the gold medal in SOF physics Olympiad in School |* Won the silver medal in SOF mathematics Olympics In |School | |",
  "PROJECTS": "*  Hotel Management System website  |*  Gym project website |*  Blue Lotus Project (meditation website)  |*  ELC Activity on mobile APP |* Business Activity on giving a solution to any social |issue, managed Creative women hub, Instagram handle |for our project named NARI BHI BAN SAKTI HAI |VAYAPARI ||",
  "skills": "* Python |* C++ |* Web development using HTML, CSS, JAVASCRIPT |* Marketing |* Design thinking |* Planning Project management |* Statistical modelling |* Computation Statistics  |* Data structures and algorithm |* Basics Machine learning in python  | |NEHA AGGARWAL |         UNDERGRADUATE |OBJECTIVE |Looking for an entry-level position as |an engineer in a dynamic firm that |values my analytical and technical |along with management skills and |provides scope for updating my |knowledge, I seek a company that |will help me contribute to its |development while concurrently |aiding my personal growth. |Aiming to use my overall knowledge |in every aspect of marketing, |software developing and web |development skills to undertake this |internship program at your |company. | |VITALS |Ludhiana, Punjab  |6284332194 |nehaaggarwal3002@gmail.com |2 |NEHA AGGARWAL |         UNDERGRADUATE | |"
}