{
  "email": "pradhyumanarora@gmail.com",
  "degrees": "[('Me', '2020'), ('BTech', '2020')]",
  "Experience": "Content Designer|Android Club VITC|Jul 2021 - Present (10 months +)|Being in the Design Team I know stuff like Premier Pro, After Effects, Photoshop etc.|I have designed many posts for Instagram handle and other social media platforms.|Made typography videos/reels using Premier Pro and After Effects|Organized and coordinated events like Revelation and Evolve|Video Editor|Hack Club VIT Chennai|Oct 2020 - Present (1 year 7 months +)|I have a good experience of management.|I have monitored work of FFCS students (15 in number) for which they receive credits. Furthermore,|I am also working as a Video Editor.|Industrial Program on Cyber Security|TalaKunchi Networks Pvt Ltd|Feb 2022 - Apr 2022 (3 months)|1stop in Collaboration with Talakunchi offered a course on Cyber Security.|I am Currently doing Internship Project i.e a Capstone Project. I have already completed 3 projects that|were based on nmap,Burp Suite, OWASP ZAP and other similar tools.|I worked with penetration testing tools like BurpSuite and OWASP ZAP.|Worked and mastered Nmap tool and Metasploit Framework.|Also learned to exploit Server Vulnerabilities.|Content Design Team|Microsoft Innovations Club VITC|Oct 2020 - Oct 2021 (1 year 1 month)|PRADHYUMAN ARORA - page 1|It was a good experience working for MIC. I was in Design Team, but I learned Technical Stuff like|Microsoft Azure, API Development and many more. Also won November Notion League in 2020 in|which Me and my teammates made a Sign Language Translator.|",
  "Education": "Vellore Institute of Technology|Bachelor of Technology - BTech, Computer Science|2020 - 2024|St. Dominic's Sr. Sec. School|Mathematics, Mathematics and Computer Science|2009 - 2020|Licenses & Certifications|Endeavour'21 - e-Cell KIET|Microsoft Azure SQL - Microsoft|Google Cloud Essentials - Google|Create and Manage Cloud Resources - Google|Perform Foundational Infrastructure Tasks in Google Cloud - Google|Set Up and Configure a Cloud Environment in Google Cloud - Google|Deploy and Manage Cloud Environments with Google Cloud - Google|Build and Secure Networks in Google Cloud - Google|Deploy to Kubernetes in Google Cloud - Google|Perform Foundational Data, ML, and AI Tasks in Google Cloud - Google|Insights from Data with BigQuery - Google|Engineer Data in Google Cloud - Google|PRADHYUMAN ARORA - page 2|Integrate with Machine Learning APIs - Google|Explore Machine Learning Models with Explainable AI - Google|Implement DevOps in Google Cloud - Google|Hacking and Patching - University of Colorado|30 Days Of Google Cloud Program 2021 - Google Developer Student Club, VIT|Chennai|Industrial Program on Cyber Security - TalaKunchi Networks Pvt Ltd|",
  "Skills": "Editing   *   Adobe Premiere Pro   *   After Effects   *   HTML   *   Video Editing   *   C++   *   Python (Programming|Language)   *   Cybersecurity|PRADHYUMAN ARORA - page 3||"
}