{
  "email": "siddheshp2308@gmail.com",
  "mobile": "+919607577872",
  "degrees": "[('HSC', '2020'), ('SSC', '2018')]",
  "education": " |* |Currently pursuing a Bachelor's Degree in Computer Science from VIT, Vellore. |* |Also pursuing a Bachelor's Degree in Data Science and Programming from IIT Madras.   |* |H.S.C. with Distinction under Central Board of Secondary Education in the year 2020 (aggregate 78%) |* |S.S.C. with Distinction under Central Board of Secondary Education in the year 2018 (aggregate 87.2%) | | | | | | | | | |SIDDHESH PATIL |Achievements/Details | |* |Currently working as Head of Events at Bulls n Bears, the Finance Club of VIT, Vellore.  |* |Passed with distinction in 2 Trinity College London guitar exams. |* |Part of the student council in my junior college for 2 years. |* |Cleared the JEE Main exam with 93 Percentile.  | | | |Personal Details | | | |Personal Strengths |* |Easily affable and adaptable by nature. |* |Ability and eagerness to learn new things. |* |Good problem solving and aptitude skills. |* |Attitude for excellence. | | | |Interests & Hobbies |* |Listening to music and playing guitar. |* |Playing football and other outdoor sports. |* |Learning about the stock market. | | | | | |Place: Pune | | | |( Siddhesh Patil ) | | | |B-902 Park Grandeur, Balewadi High Street, Baner, Pune-411045 | | | | | | ||",
  "skills": "grow, thereby, enhancing my own skills as an individual. | | | | |Profile Summary |* A goal oriented, enthusiastic and passionate learner. |* Excellent interpersonal skills allow me to work well with others. |* Keen interest in the field of computer science. | | | |"
}