{
  "email": "khushdev20211@iiitd.ac.in",
  "mobile": "2020211",
  "degrees": "[('BTech', '2020'), ('MS', '2020'), 'X']",
  "education": "Indraprastha Institute of Information Technology Delhi|B.Tech ECE|2020 - Present|CGPA: 8.73|(till 3rd Semester)|Raisina Bengali School, New Delhi, Delhi|Central Board of Secondary Education, 12th|2018 - 2020|Percentage: 93.4|Raisina Bengali School, New Delhi, Delhi|Central Board of Secondary Education, 10th|2013 - 2018|CGPA: 9.87|",
  "skills": "Expertise Area|Object-Oriented Programming, Advanced Programming in Java, Data|Structures and Algorithms|Programming|Language|Java, Python, C|Tools and|Technologies|GitHub, JetBrains Intellij IDEA, Pycharm, JavaFX, MS VS Code, Matlab,|Windows, Xilinx Vivado, Verilog, LTSpice|Technical|Electives|Advanced Programming in Java, Data Structures and Algorithms,|Computer Organization|",
  "projects": "Snake and Ladder Game (Java, OOPs, Multi-threading)|Guide: Koteswar Rao Jerripothula|Nov, 21 - Dec, 21|Team Size-2|Developed a replica of GUI-based android game, Snake and Ladder|using Java and JavaFX GUI Programming|Two-pass Assembler and Simulator (Python)|Guide: Tammam Tillo|Jul, 21 - Aug, 21|Team Size-3|Implemented a Assembler which takes assembly code as Input, checks|for errors and produces machine code & Simulator which executes those machine code|Glass X (Design and Innovation Project)|Guide: Rajiv Ratn Shah|Mar, 21 - Apr, 21|Team Size-5|We analyzed the failure of Google smart glasses and made our own design of it, having|prototypes of app design, smart glass design and its OS design.|Positions of Responsibility|*|Head Member: ECO Club, School|Jul 19 - Feb, 20|*|Member: ECO Club, School|Aug, 18 - Jul, 19|Awards and Achievements|*|Excellence in Education Award, Directorate of Education, Govt. of NCT of Delhi-2019|*|Bronze Pen Merit Award, Purbo Diganta Foundation - 2021|Interests and Hobbies|*|Sports- Football, Badminton, Foosball|*|Photography|Declaration: The above information is correct to the best of my knowledge.|Khushdev Pandit|Date: April 27, 2022||"
}