{
  "name": "Vanshika Jain",
  "email": "vj.vanshikajain22@gmail.com",
  "mobile": "8587930508",
  "degrees": "[('BTECH', '2020'), ('CBSE', '2020')]",
  "projects": " | |* Emotion analysis using BCI (2021) : Analysis of emotions using Deep learning and Machine Learning Algorithms. |https://colab.research.google.com/drive/1T5rLVaSftsdzgj5PsFmsd2YOe0pxn-EY?usp=sharing |TECHNICALSKILLS |* Languages :C (proficient), C++ (proficient), JAVA, HTML , CSS, Python,  Shell Scripting, |* OS : Windows, Linux. |STRENGTHS |* Diligent, Motivated, Eager to learn, Good Communication Skills. |INTERESTS |* Machine Learning and Problem Solving. ||"
}