{
  "email": "vaibhavibondada@gmail.com",
  "mobile": "9592929296",
  "degrees": "[('BTech', '2024'), ('SSC', '2020')]",
  "education": "2020  | |96.7 |SSC  |Aditya School, |Palakol  |Secondary |board of |educatio.n  |2018  | |97 |  |Technical Skills: C, Python, Java, HTML |Hobbies: Singing, Reading Books, Travelling |Certifications:  |* LinkedIn certificates in HTML, CSS, DBMS.  |* EDUCBA certificate in Java Script.  |* Cisco certification in Python.  |* Database Management System course in Oracle Academy. |* Letsupgrade certificates in Python Programming and HTML & |CSS Essentials Bootcamp. | Co-Curricular Activites: |* Participated in 24hrs Hackathon. |* Participated in 12hrs DataThon. |* Participated in Codechef Contests. | Internships: |* Completed 1 month internship in Twowaits Technologies as |Tathastu Web Development intern. |* Completed 2 months internship on Android Basics in Kotlin |Organized by SmartInternz. |* Completed 2 months internship at Inventrom Private Limited - |Bolt IOT as Web App Developer intern. |Strengths: |* Communication Skills |* Time Management |* Team Work |* Positive Attitude | Personal Profile: | Name : B.Vaibhavi | Father's Name : B.Praveen Kumar |Date Of Birth : 24 January, 2003 |Sex : Female |Marital Status : Unmarried |Languages Known : Telugu, |English, Hindi |Nationality : Indian |Religion : Hindu |Signature |B.Vaibhavi |(B.Vaibhavi) | |                                                                               |  |  |  ||",
  "skills": " |Academic Qualifications:  |Qualification  Institution  |University  |Year |passing  |of  Percentage  |B.Tech  |III |Year(IT) |Shri Vishnu    |Engineering |College  |For Women, |Bhimavaram  |Jawaharlal  |Nehru  |Technological  |University, |Kakinada  |2024 | |82(till II-II) |Intermediate  Aditya Junior |College,Palakol | Board of  |Intermediate  |"
}