{
  "email": "saharsh20572@iiitd.ac.in",
  "degrees": "[('BTech', '2020'), ('CBSE', '2016')]",
  "education": " |Indraprastha Institute of Information Technology |B.Tech (CSAI) |2020 -Present |CGPA: 6.87 |(till 3rd Semester) | |Modern Era Convent, New Delhi, Delhi |<Board> |2018 - 2019 |Percentage:90.2% |Modern Era Convent, New Delhi, Delhi |CBSE |2016 - 2017 |CGPA: 9/10  | |",
  "skills": " |Expertise Area |Android Development, Object Oriented Programming |Programming |Language |Python, JAVA, C, C++, prolog, HTML, Kotlin, MATLAB, CSS |Tools and |Technologies |Intellij, Figma, Tinkercad, Circuitverse, Android Studio, VScode |Technical |Electives |Advanced Programming in Java, Data Structures and Algorithms, |Operating Systems | | |",
  "projects": " |Will Hero Game |Guide: Vivek Kumar |(NOV,21 - JAN,22) |Team Size- 2 |Remade existing will hero game using OOP Concepts, javafx and  |event driven programming. |Pet Stop  |Guide: Rajiv Ratn Shah |(Mar,21 - APR,21) |Team Size- 5 |Made a Low and High Fidelity Prototype of an app using Figma, which |provided the service of adopting and listing stray animals. |Assembler and Simulator for ARM |Guide: Tammam Tillo |(Aug,21 - Aug,21) |Team Size- 3 |Created an assembler and Simulator for ARM assembly language in  |Python |Archery Game                                                                                     (Apr,18 - Aug,18) |Made a C++ program, an archery game using the low-end graphics        Team Size- 1 |available in C++ libraries. | |SAHARSH DEV |<Roll number>, Email: saharsh20572@iiitd.ac.in |DOB: JULY 20, 2001 |Address: <Permanent Address> |s Port Size |Photograph |Positions of Responsibility | |* |<Position1> |(Mon,YY - Mon,YY) |* |<Position2> |(Mon,YY - Mon,YY) |* |<Position3> |(Mon,YY - Mon,YY) | |Awards and Achievements | |* |Secured All India Rank 3 in IMU CET 2019                                                                                         | |Interests and Hobbies | |* |Drawing |* |Anime |* |Esports |* |Reading Novels | | |Declaration: The above information is correct to the best of my knowledge. |Saharsh Dev |Date: JAN 19, 2022 ||"
}