{
  "email": "f20190701@hyderabad.bits-pilani.ac.in",
  "mobile": "2019070",
  "degrees": "['Btech', ('XII', '2019'), ('X', '2017')]",
  "education": " |Degree/Grade |Institution |CGPA |Msc. Economics+ Btech. |Electronics and Instrumentation |(ENI) |BITS Pilani, Hyderabad |Campus |CGPA: 7.29/10 | |Class XII |(High School) |Kiddy's Corner School, Gwalior |(CBSE) |Percentage: 90.2% |(2019) |Class X |(Senior Secondary) |Morning Star  School, Gwalior |(CBSE) |CGPA: 10.0 |(2017) | |",
  "skills": "C++                        | |C                            | |Web Dev                    |Development:  C++, C, Frontend |Web Development | |AWARDS |Got Certificate of Appreciation from |Prakriti Organics Team | | ||",
  "projects": "Prakriti Organics Website --Developer |Part of the web developer team for Prakriti Organics, the project focused on |improving the e-commerce  website  for Prakriti Organics, to make it more  user-|friendly, better organized and more accessible to customers. | |",
  "experience": "Prakriti Organics , Bilaspur--Web Developer Intern |June 2021 - July 2021 | |Suggested changes in the current website used for selling products. | |Worked on improving the website |"
}