{
  "name": "Sarthak Daksh",
  "email": "Email:sarthak20403@iiitd.ac.in",
  "mobile": "2020403",
  "degrees": "[('BTech', '2003'), ('CBSE', '2017')]",
  "education": "Indraprastha Institute of Information Technology, Delhi|B.Tech (CSD)|2020 - Present|CGPA: 7.4|(till 3rd Semester)|Nehru World School, Ghaziabad (Uttar Pradesh)|CBSE|2019 - 2020|12th Percentage:|94.8%|Nehru World School, Ghaziabad (Uttar Pradesh)|CBSE|2017 - 2018|10th Percentage:|87.8%|",
  "skills": "Expertise Area|Programming|Language|Java, Multivariate calculus |Python, Java, C, SQL, HTML, CSS|Tools and|Technologies|Technical|Electives|Artix Linux, JavaFX, Scene Builder, MATLAB, LaTeX, Adobe Illustrator, |Adobe Indesign, Adobe XD, Canva, Figma, Django, MySQL, Bootstrap |Introduction to programming, Data structures and algorithm, |Advanced programming, Computer Organisation, Operating Systems|",
  "projects": "(Jul,21 - Aug,21) |Team Size-3|(Dec,21)|(Nov,21 - Dec,21) |Team Size- 6|(Jan,22 - Present) |Team Size- 4|Assembler and Simulator|Compiled in python an assembler and simulator for assembly language |taking input in assembly outputs in binary, and perform operations on it.|Snake and Ladders|Built a fully functional UI of snake and ladders game based on Ludo |master by hippo labs using Java and JavaFX and applied the concept of |OOPs.|Working with an NGO(The MoveVent Project)|Guide: Dr. Indrani De Parker|Worked with an external client to provide social Media templates, |Instagram page design, and Instagram filters for promotion.|Scout : A Web Application (Ongoing project)|Guide: Dr. Grace Eden|Creating an web application through which user can upload and view |public journals.|Helps users store key moments and share it with other users. It lets |them view real life experiences of other users, thus providing them |information about the place.|Technology stack - HTML, CSS, SQl, Bootstrap, Google Maps API,  |Django, MySQL|Awards and Achievements|*|Played Chess Tournaments with school team at District, State, and National levels.|*|Achieved 3rd position at State level Chess as a school team.|*|Secured 2nd position in an Intra college BGMI tournament as a team of 4.|Interests and Hobbies|*|I have a strong interest towards chess and am very enthusiastic about different types of|chess matches.|*|I love video games and take part in different competitions and tournaments.|*|I am keen on building a good physique.|Declaration: The above information is correct to the best of my knowledge. |Sarthak Daksh|Date: April 21st, 2022|Positions of Responsibility|*|Designer in 65th square(Chess Club),IIITD|(Feb,22 - Present)||"
}