{
  "email": "prashantsoni250@gmail.com",
  "mobile": "+91835896570",
  "degrees": "[('BTech', '2022'), ('CBSE', '2017')]",
  "PROJECTS": "tic tac toe|ReactJS, ReactIcons,Bootstrap, css ,html| October 2022|* an online game|* Efficient use of state and props in ReactJS|* Used React icons and google fonts|E-commerce website|ReactJS, css, html| July 2022|* Allow user to buy products online|* Fully responsive and dynamic|",
  "EDUCATION": "B.Tech in Computer Science and|Engineering, 9.90 CGPA|Chitkara University,Punjab| June 2020 - June 2024|12th Std. CBSE Board, 80%|St teresa's Sr.Sec school, Gwalior, India| April 2019 - March 2020|10th Std. CBSE Board, 89.9%|St teresa's Sr.Sec school, Gwalior, India| April 2017 - March 2018|",
  "SKILLS": "Languages|C/C++|Java|Python|JavaScript|SQL|Frontend|ReactJS|Bootstrap|HTML|Database|MongoDB|Firestore Database|MySQL|Tools|Git|Github|Latex||"
}