{
  "email": "anaghgarg2002@gmail.com",
  "mobile": "+918104564331",
  "degrees": "[('x', '2014'), 'MS']",
  "EDUCATION": "New Horizon Scholars School, Thane |10-06-2014 - 28-03-2018 |10th percentage: - 78.2 % | |Narayana Junior College, Thane |11-04-2018 - 18-03-2020 |12th percentage: - 66.5% | |Vellore Institute of Technology, Bhopal  |30-09-2020 - current |B.Tech- Computer Science Engineering with specialization in Artificial |Intelligence and Machine Learning. | | |WORK EXPERIENCE :- |Younity.in |30-05-2021 - 20-06-2021 |Intern :-Business development and research  |         My role was to generate revenue and research about various |courses that can be launched in Younity. I made a total sales of worth |Rs7000 during my short tenure. |  | | |21-06-2021 - 1-07-2021 |Team Leader- Business development and research |           My role was to lead, guide and generate revenue from a team |of 65 interns. I generated a revenue of over Rs50000 in just 8 days. | | |Geeks for Geeks |27-08-2021 - present | |Core team :-  Management  |              My role was to manage and organize events, right from the |planning of the event to hosting and organizing it.  | | | | | |",
  "SKILLS": "Computer Proficiency   |HTML  |C++ |Java |Python |SQL |MS Office(Word, Excel, Access, Power point) |MatLab | | | |Languages Proficiency: - |English |Hindi |Marathi |German (intermediate Fluency) | | | ||"
}