{
  "email": "anishka0081.be20@chitkara.edu.in",
  "mobile": "9759161476",
  "degrees": "[('BTech', '2020')]",
  "Experience": "Event Coordinator|Chitkara University|Nov 2020 - Present (2 years 1 month +)|1. I have organized various events at Chitkara university and have been to national events too.|2. Led the theatre club as club coordinator.|3. Organiser at smart India hackathon.|4. First position in english debate by DEBSOC .|",
  "Education": "Chitkara University|Bachelor of Technology - BTech, Computer Science|2020 - 2024|",
  "Skills": "Web Development   *   Programming   *   C++   *   Java   *   Acting   *   Theatre   *   Event Management   *  |Organization Skills|Anishka singh - page 1||"
}