{
  "name": "ASHWINI KALE",
  "email": "ashwinikale934@gmail.com",
  "mobile": "6309073240",
  "degrees": "['Btech', 'SSC']",
  "education": "* Pursuing B.tech in electronics and communications  |Engineering.  |* Intermediate in MPC with an aggregate of 89% from Narayana |junior college, Kukatpally, Hyderabad.                                                 |* SSC with an aggregate of 9.2 GPA from RAVINDRA BHARATHI |HIGH SCHOOL, Hyderabad.   | |TECHNICAL SKILLS: |Good knowledge in Python, C Language | | Hobbies:  |* Playing badminton  |* dancing | |     |   |   |STRENTHS:                                                                                                  |* Ability to learn new technology quickly.  |* Enthusiastic and motivated with positive attitude.                                  | |  |Personal details     |NAME:                             ASHWINI KALE |FATHER NAME:              MACHINDHER KALE  |MOTHER NAME:            ARCHANA KALE  |DATE OF BIRTH:             02 APRIL 2003  |NATIONALITY:                INDIAN  |LANGUAGES KNOWN:  ENGLISH, TELUGU , MARATHI |LOCATION:                     HYDERABAD  |  |DECLARATION  |I hereby declare that the above-mentioned information is correct up |to my knowledge and I bear responsibility for the correctness of the |above mentioned particulars.  |                                                                                ASHWINI KALE.  |  | |    ||"
}