{
  "email": "ushasrikande@gmail.com",
  "mobile": "+91636349093",
  "degrees": "[('SSC', '2018')]",
  "Education": "* Shri Vishnu Engineering College for Women|Bhimavaram, India|Bachelor of Technology - Computer Science and Engineering; CGPA: 8.6|September 2020 - June 2024*|Favourite Courses: Web Technology, Data Structures, Analysis Of Algorithms,Machine Learning, Networking, DBMS|* Sri Chaithanya Junior College|Jangareddygudem, India|Intermediate|2018-2020|* Z.P.P.High School|Chityala, India|SSC|2018|",
  "Experience": "*|Sparks Foundation|Web Development Internship|June 2022 - August 2022*|* : Working on the Project Online Bank Transactions.|*|IBM-Skill Build by Edunet Foundation|AI - ML(Internship)|September 2022 - November 2022*|* : Working On the project Advance Driver Assistance System|*|Talentsprint|WISE ( Apprenticeship)|2021 - Present|* Skills Learned: Basic Programming, Python, Object oriented programming,Developing Gaming Application|* : Created a game in python by using Pygame, Tikinter modules|*|Smart Interviews|C and DS ( Apprenticeship)|2021 - Present|* Skills Learned: Basic Programming, Data Structures, Advanced Data Structures|",
  "Projects": "* Online Banking System:|A project for performing the bank to bank transactions|- Customer Details|- Transaction|- Transaction History|Technical Stack : HTML, CSS, JavaScript, Bootstrap, SQLite, Git - Version Control, LateX, Servlet, JDBC, MySql.|* Advanced Driver Assistance System:|Based on the problems encountered in detecting objects by autonomous vehicles an effort has been made to demonstrate|lane detection using OpenCV library. Technical Stack : OpenCV,Git - Version Control, LateX, Django, Artificial|Intelligence,Machine Learning,Keras.|* Ping Pong Game:|Ball game similar in principle to lawn tennis and played on a flat table divided into two equal courts by a net fixed across its|width at the middle.|Technical Stack : HTML, CSS, JavaScript|Honors and Awards|* Bagged gold badges in \"Problem Solving , CPP, Python , Java , SQL,C.net JavaScript, C language\" from|Hackerrank|* Qualified in \"Cutshort Certified Python - Advanced\" with 97 percentage from CutShort.|* Completed Guided paths on Coding Ninjas in \"Fundamentals of HTML, OOPS in Python, Aptitude Preparation \"|by solving more than 100 problems in each.|* Qualified College level coding competition conducted by our college|Certifications and Workshops|* : c++ course from Simplilearn|* : Full Stack Course from vedic.dev|* : Intoduction to machine Learning from YBI Foundation|* : TeachLearn Amazon Go from TechLearn|* : Scientific Computing with Python from freecodecamp|* : Node.js Course from Coursera|* Design Thinking workshop by Talentio:|Its a two days long workshop conducted to explore the different techniques to solve the problems like FishBone method,|5Whys? method etc. Solved 4 to 5 real life problems by brainstorming|Hackathons and Presentations|* : Participated in Google Kick Start Challange|* : Participated in Dare2Complete Challenge in \"Fipkart Grid 2.0\" by Filpkart.|* : Participated in Internal Hackathon conducted by SathyaBhama Institute.|Volunteer Experience|* : Participated as a student volunteer in various events organized at department||",
  "skills": "* Languages:|Python(Expert Level),C(Good) C++(Good), JAVA(Decent)|* Frameworks:|Bootstrap(Good), TensorFlow(Beginner), Django(Beginner), OpenCv(Beginner)|* WebDevelopment:|HTML(Good), CSS(Good),JS(Good), XML(Good), Servlets(Good), JSP(Good), JDBC(Good)|* Tools:|MySQL(Beginner), SQL(Beginner), Tomcat(Decent),|* Platforms:|Web(Decent), Windows(Decent)|* Soft Skills:|Leadership, Writing, Public Speaking, Time Management|"
}