{
  "email": "rahuldeshwal2003@gmail.com",
  "mobile": "8700369",
  "degrees": "[('BTech', '2020')]",
  "EDUCATION": "B.Tech |Delhi Technological University |05/2020 - 05/2024,  |Electrical Engineering |",
  "SKILLS": "C++ |Data Structures and Algorithms |Figma |UX Design |Wireframes |CERTIFICATES |https://coursera.org/share/c5cd8d0a37e9ca903b1bc|4f8d2ab6158 |Build Wireframes and Low-Fidelity Prototypes |https://coursera.org/share/f58c8a1041186f51f07bbc|3eacfc84bf |Start the UX Design Process: Empathize, Define, and Ideate |https://coursera.org/share/fad79189562c85846ecf9|65593b0e485 |Foundations of User Experience (UX) Design |Courses ||"
}