{
  "email": "ullas20255@iiitd.ac.in",
  "mobile": "2020255",
  "degrees": "[('CBSE', '2017'), ('MS', '2020')]",
  "education": " |Indraprastha Institute of Information Technology, Delhi |B.Tech(ECE) |2020 - 2022 (Present) |CGPA: 7 |(till 3rd Semester) | |GEMS Our Own Indian School, Al Quoz, Dubai |CBSE Board |2019 - 2020 |Percentage: |       96% |GEMS Our Own Indian School, Al Quoz, Dubai |CBSE Board |2017 - 2018 |CGPA: 9.8 | |",
  "skills": " |Expertise Area |Advanced Programming Concepts in Java, Circuit Theory |Programming |Language |Java, Python, C++ |Tools and |Technologies |IntelliJ Idea Community Edition, Grammarly, Pycharm Community Ed. |LTspice XVII, Vivado 2019.1, MATLAB R2021a. |Technical |Electives |Advanced Programming, | |",
  "projects": " |Snakes and Ladders |Guide: Mr.Koteswar Jerripothula's Lectures |(Dec,21 - Dec,21) |Team Size - 2 |Objective was to make a working/playable game taking inspiration for implementation |features for the Original game \"LUDO Master\" by Hippo Labs |Trinetra: Home Security Systems |Guide: Online Resource - figma.com  |(Apr,21 - Apr,21) |Team Size - 5 |Designed a mobile interface for a Home security system that integrates the functionality of |home appliances into an application for user convenience where I designed the \"Home |appliance\" controls of the app interface. | |Simple Assembler/Assembly Language Simulator |Guide: Assignment sheet, geeksforgeeks for coding |(Aug,21 - Aug,21) |Team Size - 3 | |Assembly code in asked format is converted to machine derivable code (binary) by the |Assembler, and result of assembly instructions are implemented by the Simulator code |which prints the memory dump of the 256 byte register - after the instruction execution. | | |Ullas Ravindra Pai |2020255 , Email: ullas20255@iiitd.ac.in |DOB: April 25, 2002 |Address: Karama, Dubai, UAE | | | |Positions of Responsibility | | |Council Member |(Apr,14 - Mar,15) | |School Prefect |(Apr,18 - Mar,19) | |Eco Club Member | |Social Service Leader |(Apr,19 - Mar,20) |(Apr,17 - Mar,18) | | | |Awards and Achievements | | |AISSCE Exam School Topper (2020) | |MS Excel Tutorial Memento (2015) | |Inter-School Chess Tournament Competitor (2011) | |Interests and Hobbies | | |Sports and Fitness: Football, Cricket, Badminton, Track and Field activities | |Cycling, Swimming | |Chess  | | |Declaration: The above information is correct to the best of my knowledge. |Ullas Ravindra Pai |Date: January 17, 2022 | | | | | ||"
}