{
  "email": "likhi3916@gmail.com",
  "mobile": "9199662239",
  "degrees": "[('BTech', '1996'), ('CBSE', '2020')]",
  "Technical Skills": "*|Programming Languages: Python, C, Java|*|Web Technologies: HTML, CSS, JS|Soft Skills:|*|Communication Skills|*|Problem Solving Skills|*|Team work|Workshops:|*|Participated in Design Thinking Workshop conducted by Talentio|*|Participated in Kotlin Workshop conducted by SmartInternz|Certificates:|*|Completion Certificate of Week Of Web (WoW) Program Conducted by Vedic|*|Certificate for Participating in NEO 6.0 and got selected for 2nd round|*|Stood 1st in Coding Contest conducted by Our College|",
  "Projects": "*|Designed a mini calculator using HTML, CSS, JS|*|Developed a Python Code for UNO Game as a part of WISE Project|",
  "Strengths": "*|Dedicated Working|Personal Profile :|Father's Name:|GRANDHI RAMA KRISHNA|Date Of Birth:|23/07/2003|Gender:|Female|Nationality:|Indian|Languages Know: Telugu, English|Address:|D.NO 45A-2-29/4|Near Vasavi Club Function Hall|Palakol, West Godavari, Andhra Pradesh|Pin - 534260|Declaration:|I hereby declare that the above information given by me in the above document is accurate|to the best of my knowledge|GRANDHI LIKHITHA SRIYA||"
}