{
  "name": "Jagrit Digga",
  "email": "jagritdigga1234@gmail.com",
  "mobile": "9643975958",
  "degrees": "[('XII', '2020'), 'X']",
  "EDUCATION": "NETAJI SUBHAS UNIVERSITY OF|TECHNOLOGY, DELHI |INSTRUMENTATION AND CONTROL|ENGINEERING |2020 - 2024,  |CGPA:7.63 |C.R. OASIS SR SECONDARY SCHOOL,|NAJAFGARH, NEW DELHI |XII th |PERCENTAGE : 85% |K.L. ARYA DAV PUBLIC SCHOOL, HISAR |X th |CGPA : 10 |WORK EXPERIENCE |Title/Position |Workplace/Company |",
  "SKILLS": "C++ |Data Structure And Algorithms |Problem Solving |DBMS |HTML |",
  "ACHIEVEMENTS": "Currently a Mentee at Microsoft ENGAGE program. |",
  "LANGUAGES": "English |Full Professional Proficiency |Hindi |Native or Bilingual Proficiency |",
  "INTERESTS": "Competitive Programming |Web Development |Problem Solving |Dancing and Singing |bachelor of technology (B.Tech) ||"
}