{
  "email": "riyabansal13072001@gmail.com",
  "mobile": "3072001",
  "degrees": "[('BTech', '2001')]",
  "education": "Class-10th|The Sky Land School Muzaffarnagar, Uttar Pradesh|Scored 10 CGPA (2017)|Class-12th|The Skyland School Muzaffarnagar, Uttar Pradesh|Scored 95% in PCM (2019)|B.Tech(Computer Science and Engineering)|KIET Group of Institutions Ghaziabad, Uttar Pradesh|Scored 84.25% |Languages|English, Hindi|Certificates|HTML CSS and Javascript for Web developers by coursera, HTML Course by Sololearn, Flutter Bootcamp by DSC KIET,|Online internship as minor specialization Project by KIET|Project|Coder's Map- This project was built in a team and under MCA department of KIET in minor specialization(web|developement)|Movie Recommender System- It is a content based recommender system which recommend movie on the basis of|cast,crew,genures,keywords and overview.|Achievements|c|e e e ts|Shortlisted as a mentee in microsoft intern engage 2022.|4 star in C on hackerrank|4 star in C++ on hackerrank|Position Of Responsibilty|Team Member (Web) in Developer Student Club (KIET)||",
  "skills": "C, C++, HTML, CSS, Javascript, PHP|"
}