{
  "name": "Jaya Pushpa",
  "mobile": "378960214",
  "degrees": "[('SSC', '2002')]",
  "education": "Vishnu Institute of Technology, Bhimavaram, b-tech, Artificial Intelligence and|Data Science, 2020-2024|First Year CGPA: 9.46, Second Year CGPA: 9.21|Vidyanidhi Junior College, MPC, 2018-2020|CGPA: 9.94|Bhashyam EM School, SSC, 2017-2018|CGPA: 10|",
  "skills": "Languages: C, Java, Python.|Web Development: HTML, CSS, JavaScript.|LANGUAGES|English, Telugu|INDIVIDUAL|Team Work, Communication, Flexibility, Critical Thinking Skills, Problem Solving|LINKS|Github Link: https://github.com/Pravallikanalla123|LinkedIn Link: https://www.linkedin.com/in/pravallika-nalla-378960214|DECLARATION|I hereby declare that the details mentioned above in my resume are correct to the best|of my knowledge and belief. I bear responsibility of any errors or in the data if occur|in the future||",
  "projects": "Project One: Heart Disease Risk Prediction Machine Learning Project Using Dif-|ferent Machine Learning Algorithms such as Logistic Regression, Support Vector Ma-|chines, K-Nearest Neighbor, Decision Tree Classifier, Random Forest Classifier and|Gradient Boosting Classifier on Heart Dataset.|Project Two: Word Guessing Game Using Python.|Project Three: Stock Prices on Apple Company using Exploratory Data Analysis,|Splitting Dataset into Test and Train, Logistic Regression, Random Forest Classifier|and Decision Tree Classifier.|Project Four: Tic Tac Toe Game Using Python|CERTIFI|CATIONS|AI for Everyone Course in Courseera|Python, Pandas, Data Visualization, Data Cleaning, Intro to Machine Learning and|Intermediate Machine Learning Courses in Kaggle Website|Python Course in Perfect ELearning|Data Structures Course in Perfect ELearning|Machine Learning Course in Perfect ELearning|Object Oriented Programming Course in Perfect ELearning|PCAP Programming essential in Python in CISCO Academy|Cyber Security in CISCO Academy|Course on HTML, CSS and Java Script on Vedic Platform|INTERNSHIPS|AIML Internship Offered by AWS Academy consists of Two Courses i.e Cloud Foun-|dations and Machine Learning|Software Intern in Perfect ELearning|COMPUTER|"
}