{
  "name": "Samiksha S",
  "email": "1rn20cs127.samikshas@gmail.com",
  "mobile": "6362008308",
  "EDUCATION": "\t||\t|Bachelor of Engineering (B.E.) - | |Computer Science and Engineering\t|\t|\t|2020 - present|\t|RNS Institute of Technology, Bangalore|\t|PU\t|\t|\t|\t|\t|\t|\t|\t|2018 - 2020|\t|Vidya Mandir Pre University College, Bangalore|\t|School\t|\t|\t|\t|\t|\t|\t|2006 - 2018|\t|Cluny Convent High School|",
  "SKILLS": "\t|Good Knowledge in: C, C++, Java, Python|\t|Basic in: HTML |",
  "PROJECTS": " |Library management system. | |Smartphone booking system. | |Implementing Basic concepts of C. ||"
}