{
  "name": "Aditya Patni",
  "email": "adityapatni2020@gamil.com",
  "mobile": "+91876730298",
  "degrees": "[('Btech', '2020'), 'CBSE']",
  "SKILLS": "DBMS , OOPS , DSA , PROBLEM SOLVING|Programming Languages C, C++, JAVASCRIPT, BASIC JAVA|Tools / Platforms HTML, CSS|Databases MYSQL|CERTIFICATIONS|* SQL(INTERMIDATE) - HACKERRANK|HONORS & AWARDS|* CODECHEF MAX RATING - 1874|* CODECHEF STARTERS 17 - GLOBAL RANK 37|* CODEFORCES ROUND 780 - GLOBAL RANK 1383|* CODEFORCES ROUND 784 - GLOBAL RANK 510||",
  "education": "NATIONAL INSTITUTE OF TECHNOLOGY Dec 2020 - July 2024 B.tech Computer science Jamshedpur|GPA: 8.5|LADY ANUSEA SINGHANIA SCHOOL,JHALAWAR JULY 2018 - JULY 2020 CBSE BOARD SCIENCE|KOTA GPA: 95%|"
}