{
  "email": "abhinav.tanniru@research.iiit.ac.in",
  "mobile": "+91888490027",
  "degrees": "[('BTech', '2014')]",
  "EDUCATION": "2020 - PRESENT |Currently pursuing 2nd year Bachelor of Technology and Master of Science (in |Electronics and Communication Engineering) from International Institute of Information |Technology, Hyderabad (IIIT-H). |* |Coursework includes: Communication and Controls in IoT, Intro to Processor Architecture, Digital |Systems and Microcontrollers and Communication Theory. |* |Completed 1st year B.Tech with a CGPA of 8.4. |2014 - 2019 |Graduated Grade-12 with 94% and Grade-10 with 10 CGPA from Venkat International Public |School, Bangalore |* |Relevant Courses: Computer Science, Physics, Chemistry and Mathematics. |RESEARCH INTERESTS |IoT implementations and improvement of existing IoT systems, computer microarchitecture. |",
  "EXPERIENCE": "Head - Graphics Committee, 2017-19 - A students leadership forum of Venkat |International Public School for developing programming and coding skills in students.  |* |Trained 5 members from the committee in multiple programming activities. |* |Organized a coding event for the school's annual science fair. |",
  "AWARDS": "* |Won Second place in Code-Blooded a State level coding competition, organized by St. Joseph's |High School, Bangalore in 2017 edition of Transcendence Science and Tech Fest.  |* |Finished at Fourth place (out of more than 100 teams) in 2018 edition of Dot-Slash - a |Hackathon event conducted by PES University, Bangalore. |* |Participated in V4 Science Programme conducted by Centre for Nano and Soft Matter Sciences |(Autonomous institute under Dept. of Science and Technology, Govt. of India) in 2016.  |* |Regularly participated in National Science Olympiads during High School.    | | |",
  "SKILLS": "Software: Familiarity with C, C++, Verilog, MATLAB |HOBBIES |Formula-1 race, Fan of Marvel Movies, Xbox games, Tennis and Photography. |FAMILY DETAILS |* |Father is an SVP and Head of a Global FinTech company in India.  |* |Mother is a home maker. |* |One younger sister currently studying in 11th grade.  ||"
}