{
  "email": "adarsh.jha1611@gmail.com",
  "mobile": "+919606197408",
  "degrees": "[('BTech', '1974'), ('HSC', '2020'), ('SSC', '2020')]",
  "education": "Vellore Institute of Technology, Bhopal|Bhopal|B.Tech Computer Science GPA: 8.36|October 2020 - June 2024|Tejas Vidyalaya|Vadodara|HSC 12th Marks - 74%|- May 2020|SSC 10th Marks - 79.5%|- May 2017|",
  "skills": "Programming Languages:|JAVA, Python, HTML, CSS, SQL|Libraries/Frameworks:|JavaScript, ReactJS|Tools / Platforms:|IntelliJ, Pycharm, VScode|Databases:|My SQL||",
  "experience": "Bit By Bit | Design Member|VIT, Bhopal | October 2021 - January 2022| I worked as a core team member for Design Team in the o\u001ecial club of college named Coding blocks|club - Bit By Bit|Bit By Bit | Design - Lead|VIT, Bhopal | January 2022 - -| Currently I'm the Design and graphics team lead at the Coding Blocks club - Bit By Bit|"
}