{
  "email": "pratyush20454@iiitd.ac.in",
  "mobile": "2020454",
  "degrees": "[('CBSE', '2020')]",
  "education": " |IIIT Delhi |B.Tech(CSAM) |2020 - Present |CGPA: 9.07 |(till 3rd Semester) | |DAV Public School BSEB Colony, Patna, Bihar |CBSE Senior School |2018 - 2020 |Percentage: 94% |DAV Public School BSEB Colony, Patna, Bihar |CBSE Secondary School |2008 - 2018 |Percentage: 93.4%  | |",
  "skills": " |Expertise Area |Object Oriented Programming, Data Structures and Algorithms, Linux |Kernel and System Development, Web/Android App Development |(intermediate), Google Cloud Services (amateur) |Programming |Language |Python, Java, C, C++, Kotlin, Bash, SQL |Tools and |Technologies |IntelliJ IDEA, PyCharm, CLion, Android Studio, Visual Studio Code, |Google Cloud Platform, AWS, OpenCV, Tenserflow, BigQuery, Kubernetes |Engine, MySQL, Jupyter, Flask, Django, HTML, Bootstrap, Adobe |Photoshop, Adobe XD, Figma |Technical |Electives | | |Internship | | | | |",
  "projects": " |Snakes and Ladders Game |Guide: Dr. Koteswar Rao Jerripothula |(Dec,21 - Dec,21) |Team Size-2 |Turn-based two player game made with JavaFX. Repository | |Assembler and Simulator for Custom ISA |Guide: Dr. Tammam Tillo |(Aug,21 - Sep,21) |Team Size-3 |Python program to convert custom assembly instruction to binary |PRATYUSH KUMAR |2020454, Email: pratyush20454@iiitd.ac.in |DOB: October 16, 2002 |Address: Flat 304, Unnati Griham Appt., Road no. 02 |Gardanibagh, Patna-800001, Bihar |Phone: 8084806034, GitHub | LinkedIn | |And simulate the results. Repository |Search & Shop |Guide: Dr. Rajiv Ratn Shah |(Mar,21 - Apr,21) |Team Size-4 |High fidelity prototype made suing Figma for an e-commerce app to search |availability of products in neighborhood and purchase them. | |Positions of Responsibility | |* |Part of Event Organizer Team |(May,18 - Apr,19) | |Awards and Achievements | |* |Selection for Stage 1 of NTSE |* |Cash Prize of INR 10,000 for securing top 25 rank in National Scholarship Exam by VMC |* |National, State and School Level medals for Olympiads organized by SOF and Silverzone | |Interests and Hobbies | |* |Object oriented programming |* |Linux operation and development |* |Android app development |* |UI/UX Design |* |Motorsports | | |Declaration: The above information is correct to the best of my knowledge. |Pratyush Kumar |Date: April 21, 2022 | | | | | ||"
}