{
  "email": "kaushikshiva2001@gmail.com",
  "mobile": "8059028543",
  "EDUCATION": "Bachelor of Technology |Netaji Subhas University of technology |12/2020 - Present,  |7.00 CGPA |Class 12th |Mata Nand Kaur Public School |04/2018 - 04/2019,  |76.8% |WORK EXPERIENCE |Freelancing |Chegg |12/2020 - 08/2021,  |solved many problems of Maths and Physics |",
  "SKILLS": "C++ |Data Structure and Algorithm |Python |Microelectronics |C |LT Spice |VHDL |DCS |Machine Learning |PERSONAL PROJECTS |1)Stock Price Prediction |Working on Machine learning based stock prediction|project(Quantitative Analysis), using different technical indicators|for trading |2)Electronics Project (Working on Breadboard project) |CERTIFICATES |C++ and DSA Coding Ninja (12/2021 - 06/2022) |",
  "LANGUAGES": "English |Professional Working Proficiency |Hindi |Native or Bilingual Proficiency |",
  "INTERESTS": "coding |Machine Learning |Badminton |Cricket |Geo politics |Finance |Current Affairs |Achievements/Tasks ||"
}