{
  "name": "Hardik Gupta",
  "email": "guptahardik830@gmail.com",
  "mobile": "+09625400569",
  "degrees": "[('BTECH', '2022')]",
  "EDUCATION": "B.TECH |Delhi Technological University |12/2020 - Present,  |Delhi |CGPA -9.0 |12th Boards |Little Flowers Public Sr. Sec. School |04/2019 - 03/2020,  |Delhi |Aggregate - 90% |",
  "SKILLS": "C++ |C |NodeJs |HTML |CSS |JavaScript |PERSONAL PROJECTS |Personal Portfolio (01/2022 - Present) |CERTIFICATES |Data Structures in C++ (05/2021 - 09/2021) |",
  "INTERESTS": "Chess |Music |B.TECH - Electrical Engineering |Courses ||"
}