{
  "email": "maryadavats@gmail.com",
  "mobile": "9588544933",
  "degrees": "[('BE', '2017')]",
  "EXPERIENCE": "Fresher|",
  "PROJECTS": "Project 1|Food Website/Foody|* https://github.com/Maryada1934/foody|Project 2|Electronic Website|* https://github.com/Maryada1934/Maryada|A DAY OF MY LIFE|Sleep,|beautiful sleep|Hopeful nov-|elist by night|Studies|Sports and relaxation|Spending time|with family|MY LIFE PHILOSOPHY|\"Something smart or heartfelt, preferably in one sentence.\"|",
  "STRENGTHS": "Hard-working|Eye for detail|Motivator & Leader|C++|Web Development|",
  "LANGUAGES": "English|* * * * *|Japnese|* * * * *|Hindi|* * * * *|",
  "EDUCATION": "10th|R.P.S PUBLIC SCHOOL,Hansi| March 2017 - March 2018|12th|HINDU PUBLIC SCHOOL,Hansi| March 2019 - March 2020|BE in CSE|Chitkara University| October 2020 - July 2024||"
}