{
  "name": "Sai Chirag",
  "email": "saichiraggs@gmail.com",
  "mobile": "7411358",
  "EDUCATION": "Integrated M-Tech in Software engineering |VIT CHENNAI |2020 - Present,  |",
  "SKILLS": "Problem solving |Coding |Data analytics |Leadership |",
  "LANGUAGES": "English |Full Professional Proficiency |Telugu |Native or Bilingual Proficiency |Kannada |Native or Bilingual Proficiency |German |Elementary Proficiency |Hindi |Limited Working Proficiency |",
  "INTERESTS": "Coding |Problem solving |Management |HR management ||"
}