{
  "name": "Ayush Chitransh",
  "email": "mailtoayushchitransh@gmail.com",
  "mobile": "8756815772",
  "degrees": "[('BTECH', '2020'), ('CBSE', '2017')]",
  "projects": "* Image Security Using Encryption (December, 2021 - January, 2022) :Image encryption can be defined in|such a way that it is the process of encoding secret image with the help of some encryption algorithm in|such a way that unauthorized users can't access it.|TECHNICAL SKILLS|* Languages Python (proficient), C (proficient), C++ (proficient),||"
}