{
  "email": "aku3141@gmail.com",
  "mobile": "8144444440",
  "degrees": "[('BTech', '2020'), ('MS', '2020')]",
  "EDUCATION": "B.Tech |Shiv Nadar University |08/2020 - 08/2024,  |Greater Noida, India |Mechanical Engineering |Schooling |PSBBSSS |",
  "SKILLS": "Equity Portfolio Management |Microsoft Excel |Catia VS |Lt Spice |Engineering Drawing |Communication |Skill |",
  "ACHIEVEMENTS": "House Captain of Red Rose (PSBB) |CERTIFICATES |Introduction to Positive and Social Psychology |Coursera |Future Thinking-Forecasting and Foresight |Coursera |Big Data - Modelling Integration and Processing |Coursera |The Brain |Coursera |",
  "LANGUAGES": "English |Full Professional Proficiency |Hindi |Full Professional Proficiency |",
  "INTERESTS": "Equity Research |MS Excel |Football |Reading Books |Interest |Courses ||",
  "experience": "Member |Sports Committee, Shiv Nadar University |"
}