{
  "email": "harshitagrawal_ee20b14_44@dtu.ac.in",
  "mobile": "+09319032773",
  "degrees": "[('BTech', '1903')]",
  "EDUCATION": "B.Tech |Delhi Technological University |12/2020 - Present,  |Delhi |Senior Secondary |New Green Filed Public School |04/2018 - 04/2020,  |New Delhi |Higher Secondary |New Green Filed Public School |04/2014 - 03/2018,  |New Delhi |",
  "SKILLS": "C |C++ |React Native |JavaScript |PERSONAL PROJECTS |Notes App (03/2022 - Present) |",
  "ORGANIZATIONS": "DTU Times |",
  "LANGUAGES": "English |Full Professional Proficiency |Hindi |Native or Bilingual Proficiency |",
  "INTERESTS": "Binge watcher |Cricket |Badminton ||"
}