{
  "email": "palakkhnn12@gmail.com",
  "mobile": "+919306211590",
  "degrees": "[('XII', '2020'), 'CBSE', ('X', '2020'), ('MS', '2020')]",
  "education": "Graduation |Course |B.Tech/B.E. ( Electronics/Telecommunication )  |College |Thapar Institute of Engineering & Technology, Patiala |Year of Passing |Graduating in Jul 2024 | |Email: |palakkhnn12@gmail.com | |Schooling |Board Name |Medium |Class XII |CBSE |English |Class X |CBSE |English | | |Year of Passing |2020 |2018 |",
  "skills": " |Score |96.4% |93.5% |- Typing | | | | |- MS Office | | | | |- Internet |- Email |- Chat | | |LANGUAGES KNOWN |English ( Both ) |Hindi ( Both ) |Punjabi ( Spoken ) |INTERNSHIPS |Reveja | August 2022 - September 2022 |- Marketing head at our college-based startup called Reveja. | |AWARDS AND HONOR |Got a gold medal for being first in school in SOF Maths Olympiad. |member of NSS from 2018-2020. |Head Girl of the Junior wing of the school. |Got prizes in various debate and speech competitions. | |ACHIEVEMENTS |- Topper in class 12th CBSE Board exams in school ||"
}