{
  "email": "vanshverma@gmail.com",
  "mobile": "9318400651",
  "degrees": "['BTECH']",
  "EDUCATION": " |* KENDRIYA VIDYALAYA, PITAMPURA |* 10TH PERCENTAGE = 89.8 |* 12TH PECENTAGE = 89.4 |* JEE MAINS PERCENTILE = 98.6 |* PURSUING BTECH FROM NSUT AND COMBINED CGPA TILL 2ND |SEM = 7.52 | | |WORK EXPERIENCE  | |VANSH |VERMA | | |COMPUTER SCIENCE |ENGG. | | | | | | | | | |CONTACT |VANSH VERMA |E-1/5, SECTOR - 16 |ROHINI, NEW DELHI | | | |Phone no. = 9318400651 |Email= |vanshverma@gmail.com | | | | | |* I BEEN INDULGED IN MAKING PROJECTS ON WEB |DEVELOPMENT AND DATA STRUCTURES. |* MAKE 4 WEBSITES INCLUDING ON WITH WHOLE DBMS |BACKEND AND ONE WITH COOL CSS EFFECTS. |* COLLABING WITH MY COLLEGE MATES FOR CODING |QUIZES. |* BEEN MAKING FRIENDS FROM OUTSIDE THE INDIA FOR |HELPING AND GAINING KNOWLEDGE. | |",
  "SKILLS": "* CODING |* COMMINCATION |* LOGICAL THINKER |* PROBLEM SOLVER |* TEAM WORKER |* AMBITIOUS |* DEDICATION |* WORK - ETHICHS | | |PERSONAL DETAILS |* DOB = 31ST AUGUST, 2002 |* GENDER = MALE |* MARITAL STATUS = SINGLE |* LANGUAGES = HINDI, ENGLISH | |COURSE COMPELETED |* DSA SERIES WITH ALGO |* WEB TECH WITH CSS, JAVA, HTML  |* WORKING WITH JAVASCRIPT |* C++ COMPETETIVE PROGRAMMING ||"
}