{
  "email": "mahalakshmigubbala1518@gmail.com",
  "mobile": "8333839922",
  "degrees": "[('BTech', '2020'), ('SSC', '2020'), 'CBSE']",
  "TECHNICAL SKILLS": "  |Programming Languages          |:  C,  Python, C++  |Web Technologies  |:  HTML, CSS  |  |",
  "ACHIEVEMENTS": " Secured 1st place in Essay Writing.  | Secured 2nd place in Quiz Competition in Inter School Competitions.  | Secured 1st place in MAKEINTERN WORKSHOP in association with SPRING FEST- IIT KHARAGPUR on |Cybersecurity and Ethical Hacking at School Level.   |  |TRAININGS ATTENDING  | I am a part of \"Women Engineers\" program offered by TalentSprint and supported by Google.  | I am currently attending \"WISE\" Program at Shri Vishnu Engineering College For Women, Bhimavaram. | I am currently attending \"C & DS\" program by Smart Interviews at Shri Vishnu Engineering College for Women. | |EXTRA CURRICULAR ACTIVITIES  | I played the role of School Green House Vice Captain .  | I participated in Regional Level CBSE Science Exhibition.  |  |HOBBIES  | Listening to music and podcasts.  |  ||",
  "education": "  |97.17%  |  |2018 - 2020  |  |3  |  |S.S.C  |J . Sikile School,  | Narsapur  |  |Central Board of  |Secondary  |  |91.4%  |  |2018  |  | | | | |  |",
  "projects": "  |Project #1  |:  |Page selection based on keyword matching.  |Tools & Technologies |Used:  |:  |Python & Gitlab.  |  |  |"
}