{
  "email": "monika1125.be21@chiktarauniversity.edu.in",
  "mobile": "8283955362",
  "degrees": "[('BE', '2021')]",
  "Education": "Chitkara University,Himachal Pradesh | | |[2021-present] |B.E (CSE) | |G.M.S.S.S (MHC) Chandigarh | | | | |[2019-2021] |12th | |",
  "Achievements": "* Got an opportunity to attend 14 days workshop at INFOSYS. |* Participated in National Level program RAIFY (RESPOSIBLE AI FOR |YOUTH) and got selected for national level presentation. |* Participated in various HACKATHONS organised by FLIPKART, BAJAJ |FINSERV .  | | |",
  "Skills": "* Web Development |* C++ Programming Language |* Problem Solving |* Also familiar with Python, C | |Activities/Hobbies |* Former Member of NSS (2019-2021) |* Love to explore nature and photography the nature |*  Singing, Dancing, listening music | ||"
}