{
  "email": "sumanyatorati@gmail.com",
  "mobile": "9573079908",
  "degrees": "[('SSC', '2020')]",
  "education": "Qualification|Institution|Year of passing|Percentage|B. Tech|(Electronics and|communication|Engineering)|Shri Vishnu Engineering|College for Women|(BHIMAVARAM)|2024|8.86 CGPA|(Upto 4th semester)|Intermediate (BIE)|(MPC)|SASI Junior College|(VELIVNNU)|2020|9.69 CGPA|SSC|Sri Chaitanya School|(Mandapeta)|2018|10 CGPA|Technical Skills:|Software Skills: C, python, Html, CSS|Hardware Skills: Verilog|Others: Microsoft word, Power point|Achievements:|Won prize in leg cricket conducted in zone level of Sri Chaitanya school.|Certificates:|*|Certification on introductory level of web development by Codinza.|*|Certification on machine learning by Engineering Staff College of India,Hyderabad.|*|Certification on Matlab by MathWorks.|",
  "projects": "*|TITLE: Password Based Digital Keypad Security Door Lock Using Arduino.|DESCRIPTION: This device is a digital door lock with a password or pin code which prevents the|users from opening the door unless they input the correct password.|*|TITLE: TETRIS Video Game Using Python|DESCRIPTION: A tetris is a tile matching puzzle game. It has a simple goal of destroying the lines|of rectangular tiles horizontally using tetrominos.The difficulty of levels rises as game is being|played.|*|TITLE: Human activity Recognition Using Smart Phone With Machine Learning|DESCRIPTION: The main Objective of the Machine learning Model is to recognize the human -|activities like jogging, Walking-upstairs , Walking-downstairs, Sleeping, Standing, Sitting by|analyzing the mobile phone sensor data.|Strengths:|*|Versatile|*|Idealistic|*|Positivity|Extra-curricular:|*|Gardening|*|Meditation|*|Participated in events conducted by clubs in our college|*|Participated in Smart India Hackathon|Place: BHIMAVARAM|THORATI SUMANYA|Date:31-10-2022||"
}