{
  "email": "gargakanksha07@gmail.com",
  "mobile": "7988328164",
  "Education": "Bachelors of Computer Science Engineering Chitkara University at Rajpura | August 2020 - Present|I am currently pursuing Bachelors of Computer Science from Chitkara University Punjab.I am currently in the 5th semester.I have gained a lot from what all I have learnt so far and I|want to keep learning new skills and techniques.I am a fresher and I am keen to learn more and grow in the industry.|Key Skills|",
  "Certifications": "Introduction to Cyber Security | January 2021|Web Development | February 2021|Programming in Java | October 2021|problem Solving through Programming in C | October 2021|",
  "Projects": "Akanksha|Garg|Software Engineer|gargakanksha07@gmail.com|7988328164|HTML-5|CSS-3|Bootstrap|Javascript|JQuery|DSA in CPP|Beginner in Java|Computer Networks|Time Management Skills|Dash & Leap    -Dash And Leap is a Javascript Game in which the player has to make the object jump in order to save it|from the obstacle.|Paintaka           -Paintaka is a website that is used to showcase my paintings and artworks.|Stop The Ball   -Stop The Ball,as the name suggests, is a CSS game in which the player has to hover on the ball to stop it|from bouncing.|WarmHome     -WarmHome is a platform that helps people come in contact with the dogs that were abondoned and need|a home.||"
}