{
  "email": "2226kavitashikha@gmail.com",
  "mobile": "9185889101",
  "Education": "* Indira Gandhi Delhi Technical University For Women|New Delhi, India|Bachelor of Technology - Mechanical and Automation; CGPA:8.89(till 3rd sem)|Dec 2020 - Present|Key Courses: Data Structures, Programming in C, Object Oriented Programming|* Kendriya vidyalaya Sector-8,Rohini|New Delhi,India|12th std - 81.17% PCM,10th std- 10 CGPA|Aug 2016 - May 2018|",
  "Projects": "* Portfolio Website:|Jan 2022 - May 2022|Made a portfolio website under PROTEGE : The Mentorship society of IGDTUW.|Tech Stack Used: HTML, CSS, Js|* Developer at Celestial Biscuit:|May 2022 - Present|Developing a Donation application.The application contains various things to donate like books , clothes and stationery.|Tech Stack Used: Flutter|Volunteer Experience|* Mentor at Education Mentoring Program|New Delhi, India|Mentored 3 students of high school for Pursuing Higher education in STEM sector.|September 2021 - March 2022|* Event Organizer at Taarangana - Cultural fest at IGDTUW|New Delhi, India|Coordinated with Head Coordinaters and Associates during various events.|Jan 2021 - Feb 2021||",
  "skills": "* Languages:|C++, HTML,CSS,Javascript|* Tools:|GitHub, GIT, MySQL|* Platforms:|Windows|* Soft Skills:|Leadership, Event Management, Writing, Public Speaking|"
}