{
  "name": "Prateek Mishra",
  "email": "prateek.mishra061001@gmail.com",
  "mobile": "+91977392036",
  "degrees": "[('BTech', '2020')]",
  "education": "B.Tech, Computer Science With Specialization In Artificial Intelligence |Netaji Subhas University of Technology |2020 - 2024 |CGPA: 8.60/10 |Senior Secondary (XII), Science |Sumermal Jain Public School |(CBSE board) |Year of completion: 2020 |Percentage: 95.20% |Secondary (X) |Sumermal Jain Public School |(CBSE board) |Year of completion: 2018 |Percentage: 94.40% |TRAININGS |Data Structures in C++ |Coding Ninjas, Online |Jan 2022 - Present |Learning about problem solving techniques (recursion, time-space complexity), object-|oriented programming (basics and advanced), Linear Data |Structures (Linked lists, Stacks and Queues), Trees (Generic Trees, Binary Trees, |Binary Search Trees), Advanced Data Structures (Priority Queues, Hashmaps, |Tries, Graphs) and Dynamic Programming (Introduction and Applications).    |Web Development  |Udemy, Online |Dec 2021 - Present |Covers various tools and technologies, including: |1. Front-End Web Development |2. HTML 5 |3. CSS 3 |4. Bootstrap |5. JavaScript ES6 |6. DOM Manipulation |7. jQuery |8. Bash Command Line |9. Git, GitHub and Version Control |10. Backend Web Development |11. Node.js |12. NPM |13. Express.js |14. EJS |15. REST |16. APIs |17. Databases |18. SQL |19. MongoDB |20. Mongoose |21. Authentication |22. Firebase |23. React.js |24. React Hooks |25. Web Design |26. Deployment with GitHub Pages, Heroku and MongoDB Atlas    |Introduction To C++ |Coding Ninjas, Online |Dec 2021 - Jan 2022 |Learnt about elementary concepts of C++ like loops (for, while and do while) and |functions, arrays, strings and 2D arrays. |Completion Certificate: | |https://certificate.codingninjas.com/view/4ee5adff0c850ba3 | |Excellence Certificate:  |https://certificate.codingninjas.com/view/52685036c5fe3fe1 |Innovation, Business Models and Entrepreneurship |NPTEL, Online |Aug 2021 - Oct 2021 |The course gave an in-depth understanding on various aspects of innovation, creativity, |evolving business models, incubation and entrepreneurship. It also included sessions on |blue ocean strategy and technology incubation which are proving as game changer in |today's competitive scenario. It also dealt with role of IPR and IP management in |innovation management, and is useful to understand innovation and its applications in |different spheres of development and growth. |Certificate: |https://drive.google.com/file/d/14QlJPdjcnMVubdb6Y0ekIbFqkNIx5A85/view |",
  "skills": "CSS |JavaScript | |Intermediate |Intermediate | |Python |HTML | |Beginner |Intermediate | |C++ Programming Intermediate |C Programming |Intermediate |Data Structures |Intermediate |WORK SAMPLES |GitHub pro le |https://github.com/Prateek692 | |ADDITIONAL DETAILS |2-star coder on Codechef | |Profile Link: https://www.codechef.com/users/prateek692 |Earned 5-star badge in following skills (HackerRank): |* Problem Solving |* C++ |* C |* Python |* 30 Days of Code |Profile Link: https://www.hackerrank.com/prateek692?hr_r=1 |Verified Skills: |* https://www.hackerrank.com/certificates/de2498903360 |* https://www.hackerrank.com/certificates/e0bb8a949472 |* https://www.hackerrank.com/certificates/7fd0855cc60b |* https://www.hackerrank.com/certificates/ef9bf4488d08 ||",
  "projects": "University Website Oct |2021 - Dec 2021 |https://github.com/Prateek692/Group2 |I made a University Website with following features (fully responsive, animations, live |carousel, live widget, database, implementation (user ids), sending automated emails |via info collected by a form, etc.). |Languages Used: HTML, CSS, JS, PHP. |"
}