{
  "email": "nimishbhatia2002@gmail.com",
  "mobile": "919911128",
  "degrees": "[('BTech', '2002')]",
  "education": " |B.Tech., Computer Science & Engineering |with Specialisation in Artificial Intelligence |Netaji Subhas University of Technology |2020 - 2024 |Senior Secondary (XII), Science |Delhi Public School R.K. Puram |(CBSE board) |Year of completion: 2020 |Percentage: 97.00% |Secondary (X) |Hansraj Model School |(CBSE board) |Year of completion: 2018 |Percentage: 97.00% | |TRAININGS |Learn Ethical Hacking from Scratch |Udemy, Online  |Dec 2021 - Present | |The course is divided into four main sections: |1. Network Hacking: Consists of Pre-connection attacks, Gaining Access for cracking all |types of passwords (WEP, WPA and WPA2 encrypted) and Post connection attacks for |getting user information, etc. |2. Gaining Access: Two main approaches: Client-Side Attacks and Server-Side Attacks for |creating backdoors, trojans as well as exploiting vulnerabilities. |3. Post Exploitation: How to access le system, spy (e.g., using webcam) and use target |computer as a pivot to hack other systems. |4. Website Hacking: Exploit vulnerabilities like file upload, SQL injection, etc.    |Cyber Security and Ethical Hacking Introduction Course  |Udemy, Online |May 2021 - May 2021 |Certificate: |https://drive.google.com/file/d/1QaRS2cJTVwYuFRFZtDLIokfK54HQiSJb/view?usp=shari|ng | |Learnt about basic concepts of cybersecurity and ethical hacking like importance of |cybersecurity, introduction to hacking, types of hackers, skills required to become a |hacker, different programming languages important for cybersecurity, why Linux is best |for hacking, as well as types of cyber-attacks.    |Web Development  |Udemy, Online |Dec 2021 - Present | | | | | | |Covers various tools and technologies, including: |1. Front-End Web Development |2. HTML 5 |3. CSS 3 |4. Bootstrap |5. JavaScript ES6 |6. DOM Manipulation |7. jQuery |8. Bash Command Line |9. Git, GitHub and Version Control |10. Backend Web Development |11. Node.js |12. NPM |13. Express.js |14. EJS |15. REST |16. APIs |17. Databases |18. SQL |19. MongoDB |20. Mongoose |21. Authentication |22. Firebase |23. React.js |24. React Hooks |25. Web Design |26. Deployment with GitHub Pages, Heroku and MongoDB Atlas    |Innovation, Business Models and Entrepreneurship |NPTEL, Online  |Aug 2021 - Oct 2021 |  | | | | | |Certificate: |https://drive.google.com/file/d/12yibemwTDfBkAS44Q5LryeBtbzzeCBbD/view?us|p=sharing | |The course gave an in-depth understanding on various aspects of innovation, creativity, |evolving business models, incubation and entrepreneurship. It also included sessions on |blue ocean strategy and technology incubation which are proving as game changer in |today's competitive scenario. It also dealt with role of IPR and IP management in |innovation management, and is useful to understand innovation and its applications in |different spheres of development and growth.    |Data Structures and Algorithms in Python |Coding Ninjas, Online  |Jun 2021 - Sep 2021 |  | | | | | |  | | | |Certificate: |https://ninjasfiles.s3.amazonaws.com/certificate14712839eb9af2e630209004d53|ce51019c51e8.pdf | | | | |  | | | | |Learnt about different data structures in Python like linked lists, stacks and queues, |maps, priority queues, trees, graphs, as well as various problem solving and |optimization techniques like recursion, OOPs, Huffman coding, dynamic programming |and backtracking.       |Introduction To Python |Coding Ninjas, Online  |Apr 2021 - May 2021 |  | | | | |  | | | |Certificate: |https://ninjasfiles.s3.amazonaws.com/certificate1471282407f6238290c590c0b140|f4fc0b08051.pdf | | |Learnt about basic concepts of Python like conditionals and loops, patterns, |functions, arrays and lists, searching and sorting, strings, 2-D lists, tuple, dictionary, |as well as sets. |Data Structures in C++  |Coding Ninjas, Online |Dec 2020 - Apr 2021 | |  | | | |Certificate: |https://ninjasfiles.s3.amazonaws.com/certificate1360631067f50250e93ec174d47c|3c7d7f563f7.pdf | |Learnt about different concepts in C++ like pointers, dynamic allocation, recursion, |OOPs, Huffman coding and dynamic programming, as well as various data structures like |linked lists, stacks and queues, trees, priority queues, | |hash maps and graphs. | |",
  "skills": "C++ Programming |Intermediate |Python |Intermediate | |HTML |Intermediate |CSS |Beginner | |JavaScript |Beginner |Ethical Hacking |Beginner |WORK SAMPLES |GitHub profile |https://github.com/Nimish-Bhatia | | | | | |ADDITIONAL DETAILS | |Became a 3-star coder on Code Chef platform |Code Chef profile: https://www.codechef.com/users/nimbro_2002 |Earned 5-star badge in C++ language on Hacker Rank platform |Hacker Rank profile: https://www.hackerrank.com/nimishbhatia2002 |Earned 5-star badge in Python language on Hacker Rank platform |Hacker Rank profile: https://www.hackerrank.com/nimishbhatia2002 ||"
}