{
  "email": "ramyachigatapu@gmail.com",
  "mobile": "9959671920",
  "degrees": "[('BTech', '2020'), ('SSC', '2021')]",
  "education": "BTech - Computer Science(Honors), Shri Vishnu Engineering College For Women|2020 - 2024(Anticipated)|CGPA: 9.39(till now)|Favourite Courses: Data Structures, Python,Java, Databases, Data Visualization|Women Engineers Fellowship, Talentsprint (Supported By Google)|2021 - 2023(Anticipated)|Favourite Courses: Python, Object Oriented Programming, Data Structures, Advanced Algorithms|Intermediate, Sri Chaitanya Junior College|2018 - 2020|Stream: MPC|Percentage: 96.1|SSC, Dr.K.K.R's Gowtham School|2017 - 2018|GPA: 10|",
  "skills": "Languages and Frameworks|Python(Expert), Java(Decent), SQL(Decent)|Web Skills|HTML, CSS, JavaScript, NodeJs|Soft Skills|Leadership, Event Management, Critical Thinking, Time Management|Tools and Platforms|GIT, MySQL, Linux, Windows, VsCode, Tableau, Gitlab, Postman.|",
  "projects": "Diamonds|April 2022|* Built a card based game for three players where the highest bidder wins a diamond card.|* Used Python and few python modules.|* I was the team lead.|Student Club Management System|October 2022|* a web application application to manage events conducted by the student clubs which gives data on upcoming|events.|ACHIEVEMENTS|* Women Engineers Cohort-3 Scholar by TalentSprint supported by Google|- I was in the top 500 who got selected among 27000+ applications and received a 50% scholarship from|Google.|- Learnt writing clean code, Function Abstraction, Decomposition ,coding long programs, busi-|ness communication, dsa skills.|* 5 star problem solver - HackerRank.|* Women In Software Engineering Scholar by TalentSprint, NSE - Learnt industrial concepts,coding|practices, building projects, python and machine learning.|* Selected as Contributor for Girl Script Summer of Code 2022.|* Postman Student Expert.|CERTIFICATIONS|* Completed The Complete Web Development Bootcamp at Udemy.|* Hackathon participation certification on Web Development powered by Studyowl.|* Completed Introduction to Artificial Intelligence at Infosys Springboard|* Completed Introduction to Natural Language Processing at Infosys Springboard.|* Participated in Flipkart GRiD 3.0 - Software Development Challenge.|* Completed Java Fundamentals at Coding Ninjas.|* Completed Postman API Fundamentals Student Expert Certification.|EXTRA-CURRICULAR ACTIVITIES|* Co-ordinator at ECHARTS(Every child has right to study) club, it is a fundraising club. The main aim of|this club is to educate the poor.|LEADERSHIP|* Organized a fund raising event at college where we collected more than twenty thousand.||"
}