{
  "email": "hemangi.dbohra@gmail.com",
  "mobile": "+91886770429",
  "degrees": "[('BE', '2020')]",
  "education": "BE in Electronics and Communication Engineering , BITS PILANI Hyderabad Campus|November 2020|CGPA: 7.06|",
  "skills": "Languages|MATLAB, LTSpice, Xilinx, C , Simulink|Tools|Word,Excel|Soft Skills|Time Management, Teamwork, Communication, Problem Solving, Leadership, Accountability|EXTRA-CURRICULAR ACTIVITIES|* Part of Basketball Team|* Part of Ultimate Frisbee team|* Part of English Language and Activities Society||"
}