{
  "email": "ujjwalgupta218@gmail.com",
  "mobile": "8700823",
  "degrees": "[('BTech', '2020'), ('CBSE', '2009')]",
  "education": "Vellore Institute of Technology, Chennai: BTech (2rd year) - Computer |Science and Engineering CGPA - 6.82 |August 2020 - |Present |Bal Bharati Public School , Ghaziabad : CBSE Class 12 Boards |Percentage - 90% |2018 - 2020 |Bal Bharati Public School , Ghaziabad: CBSE |Class 10 Boards |Percentage - 74% |2009 - 2018 | |",
  "projects": " Video Downloader for Facebook (Java, XML) |Contributed to a ML based crop recommendation system that takes into consideration various |geographical and climatic factors.  | ZBC Covid-19 Website (HTML, CSS, JavaScript, Django) |Was a part of the team that developed websites for the technical club - Zero Bugs Club - providing |an interface to display the activities going on in the club. Link to website - |https://zbcvitc.pythonanywhere.com/ | Bus Management System (HTML, CSS, PHP, MySQL) |A online platform for bus ticket booking  | Online Grocery Management System (HTML, JavaScript, CSS, Onsen framework) |Online grocery website and app. Link to website - http://15.206.179.164:8080/  |App name - Raashn | | |   Technical Skills: |Coding Languages: |Python, C, C++, Java, JavaScript, PHP, C# |Tools and Technology: |HTML, CSS, Git, Django, Flask, Machine Learning |Database |Management |Systems: |MySQL, Oracle Database |Simulation Software: |Matlab, RStudio, LTSpice, Cisco Packet Tracer, Node Red, Unity | | |Positions of Importance: |Member in Marketing Lead, Boisphere Club VITC |Help club in marketing and in various other works. |August 2021 - |Present | ||"
}