{
  "email": "sujithagogi2121!@gmail.com",
  "mobile": "9177281796",
  "degrees": "[('BTech', '2024'), ('SSC', '2024')]",
  "Certifications": "1) Certificate on python for beginners.|2) Certificate on React JS.|Hobbies :|1) Listening to music.|2) Photography.|Personal Information:|Name|Sujitha Gogi|Gender|Female|Date of Birth|26-05-2002|Father Name|Chanti babu Gogi|Father's Occupation|Farmer|Mother's Name|Asha jyothi Gogi|Mother's Occupation|House wife|Languages Known|Telugu, English|Nationality|Indian|Communication Address|D-no : 2-124,Antervedi kara,|Sakhinetipalli Mandal,|East Godavari District, Andhra Pradesh,533252.|Declaration:|I hereby solemnly affirm that all the details provided above are true to the best of my|knowledge.|Date : 15-11-2022|Place: Bhimavaram.|SUJITHA GOGI||",
  "education": "Course|Specialization|School/College|Board/University|Year of|passing|Grade|Point|B.Tech|Information|Technology|Shri Vishnu|Engineering College|For Women|JNTU Kakinada|2024|6.95|Intermediate|M.P.C|Sri chaitanya Junior|College|Board of|Intermediate|2020|8.36|S.S.C|State|Z.P.P.High School|Board of|Secondary|2018|9.7|Technical Skills :|* Programming Languages                        :    C, Python, Java.|* Web Technologies                                   :    HTML, CSS, Java script, React, Bootstrap.|Project Details :|1) I have done a project called photography by using html,css and javascript.|Other skills:||Good communication skills in English.||Ability to work both independently and as a team player.|"
}