{
  "name": "Ishika Gupta",
  "email": "ishika.g2101@gmail.com",
  "mobile": "7248718664",
  "degrees": "[('BTech', '2020'), 'SSC']",
  "skills": "* Languages : C(proficient), C++(proficient), Python(proficient), Java(Beginner)|* Web Skills : HTML, CSS, JavaScript, ReactJs|* Technical/Programistic Skills : Front End Developer (Beginner),UI/UX, Cloud Computing, Competitive|Coding, Proficiency with Algorithms and Data Structures, Machine Learning(Beginner).|* Database : MySQL|",
  "projects": "* Smart Traffic Light Scheduling in Smart City.|* ACM Website for our college ACM Student Chapter.|Using Python:|* Leetspeak|* Monty Hall Problem|* URL Shortener|* Four in a Row (Game)|* Downloads Folder Sorter|* Calculator|FIELDS OF INTEREST|* Web Development, Machine Learning, Competitive Coding, Cloud Computing|ACCOMPLISHMENTS AND TRAININGS|* Microsoft Certification Program 2021 - Microsoft Certified : Azure Fundamentals.|* Microsoft Certification Program 2021 - Microsoft Certified : Data Fundamentals.|* Google WE Cohort 3 Program Finalist.|* Completed the Alibaba Cloud Landing Developer learning series|* Completed a project with Alibaba Cloud in Alibaba Cloud Low-Code Development Contest|* Completed the Adobe UX Foundation Learning Journey aligned to SSC NASSCOM UX Design Foundation|* Completed the 30 Days of Google Cloud Challenge.|* Shortlisted for the Google Cloud Computing Foundation Course Training by Google Experts.|* Shortlisted for the Google Associate Cloud Engineer training.|* Completed the Microsoft Azure Fundamentals Course.|* Completed the Microsoft Azure Data Fundamentals Course.|* Completed the Microsoft Security Data Fundamentals Course.|* Earned a digital credential from IBM SkillsBuild P - Tech Program on - Working in a Digital World : Profes-|sional Skills.|* Shortlisted as a delegate of Sparklers Summit 2021 IEEE Region 10 Young Professionals.|POSITIONS OF RESPONSIBILITY|* Vice-Chair at ACM-W in Graphic Era University.|* Chapter Lead of Dehradun at GirlScript.|* A member of the Design and Development Team at ACM Student Chapter.|* Working as an intern in the Aashman Foundation as a social worker.|* Ninja Entrepreneur at Coding Ninjas.|STRENGTHS|* Positive Attitude|* Time management|* Steadfastness|* Hardworking|* Keen and a fast learner with constant zest to acquire new skills|* Multi-tasking|* Adaptable to a new environment|* Teamwork|* Creative thinking||"
}