{
  "email": "rahuldhyani800@gmail.com",
  "mobile": "8077397472",
  "EDUCATION": "INDIAN INSTITUTE OF INFORMATION TECHNOLOGY|Ranchi, Jharkhand|Bachelor of Engineering|Expected 2024|Major in Computer Science Engineering|Cumulative GPA: 8.88/10|BALUNI PUBLIC SCHOOL|Motadhak, Uttarakhand|12th-Percentage: 91.8%|",
  "PROJECTS": "KANBAN | ReacJS, MUI, CSS, NodeJS, MongoDB Atlas, ExpressJS|Github Link|* A workflow management tool  to visualize and streamline tasks|PROJECT CERTIFICATE | ReactJs,  MUI|* A project to generate certificate for the GDSC workshop|* Worked on the front end part to take student name , date of event, roll number and event name as input to|generate a certificate.|",
  "ACHIEVEMENTS": "* Top 3% in JEE 2020 MAINS|",
  "SKILLS": "Web Development: HTML, CSS, Javascript,  MongoDB ,MERN Stack, BootStrap|Programming Languages: C++ , Python||"
}