{
  "name": "Pallavi Arora",
  "email": "pallaviarora1010@gmail.com",
  "mobile": "2861022",
  "degrees": "[('BE', '2022')]",
  "Experience": "Graphic Designer|Chitkara ACM Student Chapter|Nov 2020 - Sep 2022 (1 year 11 months)|Content Writer|Chitkara ACM Student Chapter|Nov 2020 - Sep 2022 (1 year 11 months)|Microsoft Engage Mentee 2022|Microsoft|May 2022 - May 2022 (1 month)|Data Science Intern|PlotMyData|Sep 2021 - Nov 2021 (3 months)|Graphic Designer|Rosewood Arena|Dec 2020 - Mar 2021 (4 months)|",
  "Education": "Chitkara University|Bachelor of Engineering - BE, Computer Science|2020 - 2024|Delhi Public School - India|High School , PCM with CS|2014 - 2020|Branch - Sec 45, Gurgaon|Pallavi Arora - page 1|Licenses & Certifications|Introduction to Programming Using HTML and CSS - Learnoverse by BitDegree|2861022|Introduction to Python for Chitkara University - Coding Ninjas|Active Listener (7Cups) - 7 Cups|Introduction to Graphic Designing - LinkedIn|Graphic Design Careers: First Steps - LinkedIn|Introduction to Cybersecurity - Cisco|Introduction to Web Technologies - Coding Ninjas|Photoshop - Beginners - EDUCBA|O8MBAoDK|Crash Course on Python - Google|Git Course - Progate|Programming Foundations with JavaScript, HTML and CSS - Duke University|Fundamentals of Graphic Design - California Institute of the Arts|Foundations of User Experience (UX) Design - Google|Introduction to UI Design - University of Minnesota|CSS (Skill Assessment) - HackerRank|",
  "Skills": "Java   *   C++   *   Cascading Style Sheets (CSS)   *   JavaScript   *   Adobe Photoshop   *   Graphic Design   *  |HTML5   *   HTML   *   Content Writing   *   Microsoft Word|Honors & Awards|Pallavi Arora - page 2|2nd position, Front End Bootcamp - Eminent Organization (LPU)|Sep 2020|2nd Position at the Front End Bootcamp by Eminent Organization (LPU)|Participated in National Writing Contest 2.0 - Writer At Heart|Sep 2020|Silver Medal, French Olympiad|Dec 2017|Blue Badge|Aug 2020|Academic Excellence|Pallavi Arora - page 3||"
}