{
  "email": "abdulraashidasulthana.1756@gmail.com",
  "mobile": "912146833",
  "degrees": "[('SSC', '2018')]",
  "TECHNICAL SKILLS": "Programming Languages: C, Java, Python|Web Technologies: HTML, CSS, JavaScript|Database: SQL|AREA'S OF INTREST|*|Web Development|*|Cyber Security|*|Excel|",
  "PROJECTS": "MINI PROJECT-1|Mini Project|:|Ludo Game development project|Description|:|Ludo is a strategic board game for two to four|players, in which the players race their four tokens|from start to finish according to the rolls of a single|die.|Tools & Technologies|:|PyCharm editor, Python Language, Tkinter Module|Role|:|Participated in programming, Providing|information for the development of game|MINI PROJECT-2|Mini Project|:|Alumni Management System|Description|:|Created Alumni Management System at college|level, where students can be able to interact with|their alumni|Tools & Technologies|:|HTML, CSS, JavaScript, Mysql.|Role|:|Team lead|",
  "ACHIEVEMENTS AND AWARDS": "*|Certificate of completing \"Introduction to IOT\" in NASSCOM FutureSkills.|*|Appreciation certificate for securing more than 75% in Trigger Mindscape, A National|Level Online Coding Quiz.|*|Certificate of completion Prelims 1 of Wipro earthian Sustainability Quiz.|*|Participation certificate of Online Quiz of Flipkart Runway - Season 2 organised by|Flipkart.|*|Participation certificate from National Olympiad Engineering for Aptitude Test.|EXTRA CURRICULAR ACTIVITIES|*|Coordinator of Echo - Friendly Association.|",
  "STRENGTHS": "*|Communication Skills.|*|Quick Learner.|*|Time Management.|*|Team Work.|*|Problem Solving Skills.|*|Positive Attitude.|HOBBIES|*|Meditation.|*|Exploring new things.|*|Listing music.|PERSONAL INFORMATION|Name|Abdul Raashida Sulthana|Gender|Female|Date of Birth|05-11-2002|Father's Name|Abdul Matheen|Mother's Name|Abdul Rajathunnisa|Languages Known|English, Hindi, Telugu.|Nationality|Indian|Communication Address|D/o Abdul Matheen|D-no: 21-639/6, Boxing Naidu Street, parasupeta,|Machilipatnam, AP, 521001|DECLARATION|I hereby solemnly affirm that all the details provided above are true to the best of my|knowledge|Place: Machilipatnam|Ab. Raashida Sulthana|(Name)||",
  "education": "2018-2020|9.8|SSC|R.C.M High School,|Machilipatnam.|Board of Secondary|2017-2018|10.00|"
}