{
  "name": "RONAK GODARA",
  "email": ":godararonak935@gmail.com",
  "mobile": "8287317330",
  "degrees": "['CBSE']",
  "education": " |Netaji Subhas University of Technology (Formerly NSIT, Delhi University) India              |2020 - 2024 |* Branch| Computer Science Engineering(COE) | CGPA: 8.00( Till sem 2) | | |  | |DWARKA INTERNATIONAL SCHOOL,DWARKA ,NEW DELHI-110073 |* |CBSE (Class XII), Aggregate: 87.4% | | | | | | | | | |   |DWARKA INTERNATIONAL SCHOOL,DWARKA ,NEW DELHI-110073 |* |CBSE (Class X), CGPA: 9.6 | | | | | | |                |                   |",
  "skills": " |JAVA( intermediate DSA) | HTML | CSS | JavaScript | ReactJs | MySQL | | |",
  "projects": "* FOODY : Developed a restaurant aggregator and food delivery based |project using HTML , CSS, JAVASCRIPT, XAMPP. |* A Restaurant Management System using MYSQL | |LinkedIn: www.linkedin.com/in/ronak-godara-2b8918215  | | | | | | | | | ||"
}