{
  "name": "Prerna Rawat",
  "email": "prernarawat506@gmail.com",
  "mobile": "+91936820891",
  "Strengths": "* Problem Solving - Solved 90+ questions on various coding platforms. |* Interpersonal Skills - Participated in various interhouse competitions during school time. |* Leadership Skills - Was appointed as class In-charge for 3 consecutive years. | |Hobbies: |* Photography - Active member of university's Photography club. |* Dancing - Participated in many cultural events. |* Calligraphy  | |Personal Details: |* |Parents' Name: |Mr. Sunil Singh Rawat |Mrs. Suman Devi |* Date of Birth: |5 January 2004 |* Languages Known: English and Hindi | | | | | | ||",
  "education": " |Degree |Institute |Marks/Percentage |Year |B-Tech |Graphic Era Hill |University |8.5* |2024 |12th |Army Public School, |Hempur |81 |2020 |10th |Army Public School, |Hempur |85 |2018 | |Technical Knowledge Purview: |* Programming Languages :  Java, C++, C, SQL |* Web Technology |: HTML, CSS, JavaScript |* IDE Tools |: Visual Studio, IntelliJ |* DBMS |: Oracle, MySQL |* Operating System |: Windows, Unix | |Technical Courses Completed: |* Machine learning by Swayam. |* Introduction to Google Cloud fundamentals for AWS Professionals. | |Technical Projects Undertaken: |Project\tTitle:\tOpenCV\t[\tImage\tProcessing]\t|Description: You have to upload a image from your device, and then it will provide you the |cartoon image of your original picture. You can also download this image. |Key Takeaways: Performed various image processing techniques on the image, like Gray scaling, |filtering etc for better understanding, enhancement and segmentation of image. |Language Used: I've worked with libraries of python like OpenCV, numpy, easyGUI, tkinter(etc). | |Project\tTitle:\tExpense\tManagement\tSystem\t|Description: Expense management is a multi-step process that includes capturing and submitting |expenses. Maintains the expense in database. | |Key Takeaways: Implemented Database using oracle for storing expenses |Language Used: HTM, SQL, CSS, JavaScript. | | |"
}