{
  "email": "EMAIL:Varnika0773.be20@chitkara.edu.in",
  "mobile": "9646492721",
  "degrees": "[('Btech', '2020')]",
  "EDUCATION": "Pursuing Btech in CSE from Chitkara University,Rajpura and CGPA 9.97 till now. Year of|completion is 2020-2024 .|",
  "SKILLS": "Programming Languages: C++, python , React js php, HTML,CSS ,Javascript, SQL,DSA|Also have knowledge of graphic designing and UI-UX.|I have certification too for the same you can refer to my linkedin Account for that.|PARTICIPATION|Octa Hacks:3.0|Code Champ|Flipkart GRiD 4.0-Software challenge||"
}