{
  "email": "dahiya.harsh55@gmail.com",
  "mobile": "7988972249",
  "degrees": "[('XII', '2020'), ('X', '2017'), ('x', '2022')]",
  "education": "CGPA: 7.72|NETAJI SUBHASH UNIVERSITY OF TECHNOLOGY,DELHI|(BACHELOR OF TECHNOLOGY - COMPUTER ENGINEERING|DEC 2020- PRESENT|Percentage: 88.6%|SARVODAYA BAL VIDYALAYA-NARELA,DELHI|NON-MEDICAL/SCIENCE |CLASS - XII, 2019|CGPA: 10|LITTLE ANGELS SR. SECONDARY SCHOOL,SONIPAT|CLASS - X, 2017|CAMPUS AMBASSADOR:MOKSHA FEST-NSUT|FEB 2021|WORK EXPEREINCE|LANGUAGES:  C++,|FRONT-END: HTML ,CSS|",
  "skills": "Soft Skills: Communication,Interpersonal skills.|Second Year Engineering Student|Managed the PR campaigns.|Helped in reaching out to x different colleges .|NSS VOLUNTEER-NSUT|FEB 2022-PRESENT||"
}