{
  "email": "mvaanisha.pro@gmail.com",
  "mobile": "+917207947138",
  "degrees": "[('BTech', '2020')]",
  "EDUCATION": "* Pursuing B.Tech (3rd year) CSE from BVRITH affiliated to JNTU, Hyderabad |(Batch 2020-24). |* Inter with 96% from TSBIE, Hyderabad (Batch 2018-20). |* 10th with 92.8% from Central Board of Secondary Education (Batch 2017-18).  |",
  "SKILLS": "* C, C++ |* Basics of Python, JAVA |* HTML, CSS, MySQL |* Basics of Data Structures | |",
  "CERTIFICATIONS": "* C Programming from MyCaptain. |* C++ Programming from Great Learning. |* Python Programming from MyCaptain. |* MySQL Basics from HackerRank. |ACTIVITIES |* Participated and received multiple certificates in DRONE activity. |* Published my article on college website about \"Induction Program Experience\". |* Captain for one of the houses at school level. |* Actively participated in inter school science exhibitions. | ||"
}