{
  "email": "aniketlather1818@gmail.com",
  "degrees": "['BTech']",
  "EDUCATION": "B.Tech |Netaji Subhash university of technology |12th |DAV Jind |80.2 |PERSONAL PROJECTS |Hotel management website |Frontend and backend used |WORK EXPERIENCE |Sports Secretery |BH-2 Nsut |",
  "SKILLS": "HTML |CSS |JS |PHP |c |c++ |python |sql |",
  "ACHIEVEMENTS": "JEE Rank 2640 |CERTIFICATES |Innovation and business development by IITK |",
  "LANGUAGES": "English |Native or Bilingual Proficiency |Hindi |Native or Bilingual Proficiency |Punjabi |Full Professional Proficiency |",
  "INTERESTS": "Basketball |Music |Video Editing ||"
}