{
  "name": "Kollepara Tejaswini",
  "email": "kolleparatejaswini978@gmail.com",
  "mobile": "7075608291",
  "degrees": "[('SSC', '2024')]",
  "education": "Course|Specialization|School/College|Board/University|Year of|passing|Grade|Point|B. Tech|Information|Technology|Shri Vishnu Engineering|College for Women|JNTU Kakinada|2024|9.25(till|2-2)|Intermediate|M.P.C|Aditya Junior College -|Palakol|Board of Intermediate|2020|9.88|S.S.C|State|Vikas School|Board of Secondary|2018|10.0|Technical Skills :|*|Programming Languages|:|C, Python.|*|Web Technologies|:|HTML, CSS, Java script, React, Node, MySQL.|Project Details :|1)|Hostel Bed Booking application: https://github.com/20B01A1278/Hostel-Bed-Bookings|In this application students can login into application and book the preferable bed and can also|change their preferences accordingly. Admins can choose the booking details of each hostel.|Technologies used: React JS, Node JS, MySQL(not yet completed). This is a collaborative project|done in hackathon conducted by faculty in my college.|2) Inventrom website using HTML, CSS, JS.|3)Photo gallery website using HTML, CSS, JS.|Other skills:||Good communication skills in English.||Ability to work both independently and as a team player.||Time management skills.||Patience.|Certifications:|1)|Certification on HTML from LinkedIn Learning.|2)|Certificate completion of JavaScript project from Great Learning.|3)|Cybersecurity awareness Training certificate|4)|Certificate completion of Database Management System from Great Learning.|5)|Lead India Test certificate in 6th class (Mandal 3rd).|6)|Internship Certificate completion of web development(Frontend).|Hobbies :|1)|Watching TV.|2)|Spending time with family.|3)|Drawing.|Personal Information:|Name|Kollepara Tejaswini S S S Padma Sri|Gender|Female|Date of Birth|26-01-2003|Father's Name|Kollepara Rama Krishna|Father's Occupation|Business|Mother's Name|Kollepara Roja Lakshmi Sree|Mother's Occupation|House wife|Languages Known|Telugu, English|Nationality|Indian|Communication Address|Ramamurthy Kirana|A.V Palem|Sakhinetipalli mandal|East Godavari - 533252|Andhra Pradesh|Declaration : I hereby solemnly affirm that all the details provided above are true to the best of my|knowledge.|Date : 15-11-2022|Place: Bhimavaram.|Kollepara Tejaswini||"
}