{
  "name": "PRINCE VERMA",
  "email": "princeverm631@gmail.com",
  "mobile": "9852018719",
  "EDUCATION": "VELLORE INSTITUTE OF TECHNOLOGY,BHOPAL|Sep 2020 - Aug 2024|B-Tech Computer Science And Engineering|Bhopal GPA: 8.22|",
  "EXPERIENCE": "CORE MEMBER | Robotics Club|Bhopal | Sep 2022 - Aug 2024|",
  "SKILLS": "Programming Languages|C, C++, Java, Python, SQL, PLSQL, HTML, CSS|Libraries/Frameworks|Mathematics, English|",
  "CERTIFICATIONS": "* Web Development With bootstrap - Shape AI,GDG Ranchi|* Certificate of Appreciation - Shape AI(MICROSOFT)|* Certificate Of Participation - Bit by Bit Coding Blocks|* Certificate Of Completion(Bootcamp) - Shape AI|* Certificate Of completion - DSC at BIT Mesra ,Ranchi|* Certificate of Completion - GDG ,Ranchi|* Google Ads For Beginners - coursera|* Build & Deploy AI Messenger Chatbot using IBM Watson - Coursera|* Getting Started in Google Analytics - Coursera|* Getting Started with Azure DevOps Boards - Coursera|* Applied Machine Learning in Python - Coursera||",
  "projects": "E-SPORTS|Website Of Different Things Require By sports Person|GAME DEV|Gaming of a Gun|"
}