{
  "email": "21215a6602@bvrit.ac.in",
  "mobile": "+91889701256",
  "degrees": "[('SSC', '2018')]",
  "education": "Course|Year|Institute|Board/University Percentag|e/|CGPA|B. Tech|(Computer|Science-|AI & ML)|2020-202|4|BV Raju Institute of Technology,|Narsapur.|JNTU Hyderabad|8.4|Diploma|(CME)|2018-2021|Government Polytechnic|College-Nalgonda|State Board of|Secondary|Telangana|8.1|SSC|2017-2018|Z.P.H.S. Thornal|State board of|Secondary|Telangana|8.2|Technical Skills|Software|:|C, Python|Strengths|Strong work ethics.|Evident|in|time|m|anagement,|priori tizing,|using|resources|effectivel y.|Adapting expertise with the changing environment.|Communication skills.|",
  "projects": "Project Title : Building and Assembling the part of a Computer|Description : From this project we can know that how components are assembled. It gives|information|functions of components of the system.|Project Title : Driver Drowsiness Detection using Deep Learning|Description : This is a classification problem of supervised deep learning. Driver drowsiness|is a car safety|technology which prevents accidents when the driver is getting drowsy.|Accomplishments|Completed 6 months industrial training on android app development|Completed AI-ML Virtual internship on AWS by AICTE|Certified in database for developers by ORACLE.Dev Gym|Personal Information|Father' s Name|: Mandala Raju|Date of Birth|: 17-February-2003|Hobbies|: Playing Badminton, drawing, dancing.|Gender|: Female|I hereby declare that all the information stated above is true to my knowledge and would|prove to you on demand.|MANDALA KAVYA|Place: Thornal, siddipet.||"
}