{
  "name": "Hasika Tandon",
  "email": "hasikatandonht@gmail.com",
  "degrees": "[('BTech', '2021')]",
  "Experience": "built the homepage of many society's website(ISTE). Skilled in Python (Programming Language), C++, Dance,|Management, and Marketing. I have tried my hands in frontend development, and now I am enjoying it! Strong|operations professional with a Bachelor of Technology - BTech focused in Computer Engineering from Thapar|Institute of Engineering & Technology.|I have participated in code for good hackathon by jpmc as well.|Convener|ISTE Thapar Chapter|May 2022 - Present (5 months +)|core membe|Entrepreneurship Development Cell, TIET|Sep 2021 - Present (1 year 1 month +)|Head Of Public Relations|ISTE Thapar Chapter|Jun 2021 - Jun 2022 (1 year 1 month)|Mentor|Frosh TIET|Sep 2021 - Jan 2022 (5 months)|Intern|TRITECHTURBO|Jul 2021 - Nov 2021 (5 months)|team member|Entrepreneurship Development Cell, TIET|Oct 2020 - Sep 2021 (1 year)|Hasika Tandon - page 1|Campus Ambassador|Phoenix Global|May 2021 - Jun 2021 (2 months)|Team Member|ISTE Thapar Chapter|Oct 2020 - Jun 2021 (9 months)|",
  "Education": "Thapar Institute of Engineering & Technology|Bachelor of Technology - BTech, Computer Engineering|2020 - 2024|Prudence International School - India|12th, PCM|Mar 2018 - Mar 2020|Presidium School|10TH|Mar 2007 - Mar 2018|Sports prefect, subject excellence trophy, participated in taekwando championship, chess zonals,|singing zonals, debates|",
  "Skills": "GitHub   *   R (Programming Language)   *   Adobe Premiere Pro   *   SQL   *   Management   *   Marketing   *   C|++   *   Dance   *   Public Relations   *   C (Programming Language)|Hasika Tandon - page 2||"
}