{
  "name": "Ganj Basoda",
  "email": "patelhariomk@gmail.com",
  "mobile": "9893669298",
  "EDUCATION": "VIT BHOPAL|sep, 2002 - July 2024|Bachelors Computer Science|Bhopal, India GPA: 6.92|",
  "SKILLS": "Programming Languages|C++, Java and Python|Libraries/Frameworks|NodeJS, NextJs|Tools / Platforms|Codechef, codeforces, GeeksforGeeks|Databases|MYSQL and MongoDB|",
  "CERTIFICATIONS": "* Android Development workshop using Java, xml and Kotlin - VIT Bhopal University|HONORS & AWARDS|* Honered with many Badges in Google Developers Android Training Program||",
  "projects": "DICE ROLLER | Link|Java, XML|This anroid application is a replica of a physical dice i.e Every time when the dice rolled it will generates an|integer in between 1 to 6 digits(randomly) with a good looking UI|"
}