{
  "email": "dheeraj20194@iiitd.ac.in",
  "mobile": "2020194",
  "degrees": "[('BTech', '2021'), ('CBSE', '2021')]",
  "education": " |IIIT-Delhi |B.Tech (ECE) |2021 -Present |CGPA: 7.47 |(till 3th Semester) | |KIIT WORLD SCHOOL, DELHI  |12 th CBSE Board |2020 - 2019 |CGPA: 8.27 |KIIT WORLD SCHOOL, DELHI  |10 th CBSE Board |2017 - 2016 |CGPA: 7.8 | |",
  "skills": " |Expertise Area |Advance Programming , Data Structures and Algorithms, web |development,Problem Solving, Circuit Analysis, Digital Electronics, Quantitative |aptitude, Signals and Systems |Programming |Language |Python, Java ,C++, Verilog(current) |Tools and |Technologies |GitHub, Ltspice, Tinker cad ,Vivado(current), MATLAB,R_Studio |Technical |Electives |Advance Programming, Data Structures and Algorithms, Human-Computer |Interaction | | |",
  "projects": " |SimpleRisc ISA Assembler and Simulator |Guide: Dr Tammam Tillo | |Implemented Assembler and Simulator used in Computer |Architecture with high-level languages (Java for assembler and |simulator) |(Aug,21 - Sep,21) |Team Size-3 | |Snake and ladder |Guide: DR.Koteswar Rao Jerripothula |(Dec,21 - Dec,21) |Team Size-2 |A snake and ladders game using javafx. | | |Simple |Guide:  DR. Rajiv Ratn shah |User interface of a app which provides assistance to find furniture's    |Dheeraj |2020194 Email: dheeraj20194@iiitd.ac.in |DOB: July 15, 2000 |Address: 793/60, Lekhu-nagar,Tri-nagar, Delhi 110035 | |                                                                                                   (Mar,21 - Apr,21) |                                                                                                      Team size 4 | |online and user will be able to use AR how it will looks like in real life in there surroundings               | | |Positions of Responsibility | |* |Club video editor head (MIC DROP Club) |(july,21 - jan,22) | | | | | |Awards and Achievements | |Gold medal in Taekwondo | | |Interests and Hobbies | |* |Game Development |* |Martial art |* |Badminton , volleyball | | | |Declaration: The above information is correct to the best of my knowledge. |DHEERAJ |Date: January 8, 2022 | | | | | ||"
}