{
  "name": "Rajasri Chandaluri",
  "email": "chrajasri888@gmail.com",
  "mobile": "8886877708",
  "degrees": "[('SSC', '2018'), ('Btech', '2018')]",
  "education": "Chaitanya Olympiad school|SSC |10.0|Chaitanya junior College|Intermediate |9.86|Vishnu institute of technology|B.tech |9.26|",
  "skills": "Python|C Programming|Java|HTML|",
  "projects": "Nykaa products review|https://lnkd.in/dMsdPTvh|Interests|Cooking|Drawing and Painting|Languages|English|Telugu|Hindi|Certificates|Python 101 of Data Science - Cognitive|Python 101-cognitive|Python(Basic)- Hackerrank|Intermediate Machine Learning - Kaggle|Intro to Machine Learning - Kaggle |Pandas - Kaggle|Data Visualization - Kaggle |Python - Kaggle||"
}