{
  "email": "satwiksharma160@gmail.com",
  "mobile": "9915491",
  "degrees": "['BTech', 'CBSE']",
  "EDUCATION": "B.Tech in Computer Engineering|Aug '20 - Present|Thapar Institute of Engineering and Technology|Class 12th|Mar '19 - Mar '20|Delhi Public School|Class 10th|Mar '17 - Mar '18|Delhi Public School|KEY SKILLS|C|C++ |Data Structures & Algo|Operating Systems|OOPs Concept|DBMS|Computer Networks|SQL|Linux|Patiala, Punjab|Korba, Chhattisgarh|Korba, Chhattisgarh|Satwik Sharma|An Aspiring Student|CGPA : 7.48|93.2% in CBSE Boards|91.2% in CBSE Boards||",
  "skills": "can make small apps or technology for all of our ease.|"
}