{
  "name": "Muskaan Dudi",
  "email": "muskaan3563.be20@chitkara.edu.in",
  "mobile": "8826170214",
  "degrees": "[('BTech', '2021')]",
  "Experience": "Event Organizer|UnsaidTalks|Dec 2021 - Aug 2022 (9 months)|Media Manager|Victory Dome|Oct 2021 - Aug 2022 (11 months)|Interviewer|UnsaidTalks|Sep 2021 - Jan 2022 (5 months)|Video Editor|OneDay|Jul 2021 - Oct 2021 (4 months)|",
  "Education": "Chitkara University|Bachelor of Technology - BTech, Computer Science|2020 - 2024|Licenses & Certifications|Introduction to Python Excellence Certificate - Coding Ninjas|Muskaan Dudi - page 1|1235232942fed983312eaf973495104f872afbd|",
  "Skills": "Video Editing   *   Graphic Design   *   Engineering   *   Web Development   *   Programming   *   C++|Muskaan Dudi - page 2||"
}