{
  "email": "2502kritinihi@gmail.com",
  "mobile": "+91799156567",
  "degrees": "[('Be', '2020')]",
  "education": " |Vellore Institute Of Technology- AP, India 2020 - 2024 |Bachelor of Technology (Btech) in Computer |Science With Business System | CGPA- |7.81(Till 3rd Semester) |Maa Bharti International School,Kota, India 2018 - 2020 |AISSCE (Class XII), Aggregate- 88.8% | |Maharishi Patanjali Vidya Mandir, Allahabad, India |2017 - 2018 |AISSE (Class X), Aggregate- 86.2% | | |",
  "skills": "Proficient in C,C++ |Familiar with MySQL,HTML | | |ADDITIONAL | | | |* |Competitive Programming on Codechef |* |Good Problem Solving Skills |* |Team Leadership |* |Strong Communication Skills | | |POSITIONS OF RESPONSIBILITY |Be a Nerd Club                         Nov 2020- Mar 2021 | |Event Team | |PROJECT | |Fit-Tech, a Simple Heath monitoring application built using Android Studio. | ||"
}