{
  "email": "adilakshmimandadi427@gmail.com",
  "mobile": "+91832801744",
  "degrees": "[('BTech', '2019')]",
  "education": "2017-2019 |9.88 |Secondary(S.S.C) |ZPGH School, |Darsi. |Board Of |Secondary |2016-2017 |8.8 | | | | | I have received a certificate from Hacker Rank for the course of C Language. | | I have received a certificate from Hacker Rank for the course of C Language. | | I have received a certificate for Great learning from Python Course and also | |received a project completion certificate. | | I have received a Runner up certificate on coding challenge conducted by  | |college. | | I have completed mini Project and also published in IEEE Journal and received certifiction |from IEEE. | | |Design Thinking by Talentio. | | |Problem Solving by Talentio. | |CERTIFICATION:- | | | |* I have received a badge from hacker rank. |* I have participated for the postal presentation which were conducted by college. |AWARDS and ACHIEVEMENTS:- | | | |* Self-Motivated and smart worker |* Able to finish the work in stipulated timeFlexible-Adaptable to timings and |environment |* Can maintain good Interpersonal Relations | | | | | | |Date Of Birth |12-06-2002 |Country |India |Father's Name |Mandadi.Srinu |Marital status |Single |Gender |Female |Languages Known |Telugu , English |Hobbies |Reading Books, Cooking,Playing games |Address |Flat no : 1-82,Ramalayam Street,East |Veerayapalem(V)(P),Darsi(MD),Prakasam(Dt),An|dhra Pradesh,523252. | |DECLARATION: |I hereby declare that all above information is correct to the best of my knowledge and I take |the responsibilities for the correctness of the above information. |Adilakshmi.M |PERSONAL TRAITS:- |PERSONAL INFORMATION:- ||",
  "projects": "considerably. We can use this fact to construct our simple smoke detector alarm that can notify |the residents in around the premises about the fire breakout.The Automatic Smoke Detector |Alarm is very compact as it doesn't employs the costly smoke detecting sensors. It has pair of |infrared sensors which are continuously monitoring the visibility in the premises where they are |attached. | | | | | | |QUALIFICATION SCHOOL/ |COLLEGE |UNIVERSITY |/BOARD |YEAR |PERCENTAGE |/CGPA |B.Tech |(Electronics and |Communication) |Vignan's |Nirula |Institute Of |Technology |and Science |for Women |Jawaharlal |Nehru |Technological |University, |Kakinada |2019-2023 |7.8(Upto 3-2 |semester) |Intermediate |(M.P.C) |Sri Gowthami  |junior  |college,Darsi |Board of |Intermediate |"
}