{
  "email": "20WH1A1205@bvrithyderabad.edu.in",
  "mobile": "9705056474",
  "degrees": "[('BTech', '2001'), ('SSC', '2017')]",
  "CERTIFICATIONS": " Great Learning   OOPs using C++ | MyCaptain           Python Certification | Great Learning    Data Structures in C | Great Learning     MySQL Basics | |EXTRA CURRICULAR | Participated in Rakhi making competition held at BVRIT Hyderabad. | Participated in Diya making held at BVRIT Hyderabad. |PERSONAL SKILLS | Active listener | Quick Learner | Can maintain healthy relations with people | Can work well with teams |LANGUAGES KNOWN | English | Hindi | Telugu ||",
  "education": "2020-2024 |B.Tech - Information Technology, Present - 2nd Year |BVRIT Hyderabad College of Engineering for Women, Hyderabad. |Affiliated by JNTUH |Upto 2nd Year CGPA - 8.34 |2018-2020 |Intermediate M.P.C |                            Sri Chaitanya Junior College, D D Colony, Hyderabad, Telangana. |                            Board: TSBIE         Percentage: 94.9 |2017-2018 |10th |                                ST.MARY HIGH SCHOOL, HYDERABAD |                                 BOARD: SSC                  CGPA: 9.7                                                                   |TECHNICAL SKILLS |LANGUAGES:   C, C++, Basics of Python |OPERATING SYSTEMS:   Windows,  LINUX |Front End:                    HTML |Database:                     MySQL |IDE/Tools:                    VSCode, Eclipse, NetBeans |",
  "projects": "          OCTOBER 2021    Worked in team on a Python Project \"Tic Tac Toe\" |          | |ORGANISATIONS | Django Girls | Women Who Code | Indian Society Of Technical Education | ACM-W Chapter in BVRIT HYDERABAD |"
}