{
  "email": "21032003thar@gmail.com",
  "mobile": "2103200",
  "degrees": "[('BTech', '2003')]",
  "EDUCATION": "B.Tech - Electronics and communication|engineering |vellore institute of technology |09/2020 - 09/2024,  |vellore |Senior school |Velammal vidhyashram, Surapet, Chennai |graduated with distinction,|performed well in JEE(94.6|percentile). |",
  "SKILLS": "c++ |python |git |Microsoft office |Agile Project Management |Ability to Work in a Team |",
  "LANGUAGES": "English |Full Professional Proficiency |Tamil |Full Professional Proficiency |Hindi |Full Professional Proficiency |Korean |Full Professional Proficiency |",
  "INTERESTS": "app development |algorithms |physics |linguistics ||"
}