{
  "email": "triguna.ch.123@gmail.com",
  "mobile": "+91817945266",
  "degrees": "[('BTech', '2020'), ('SSC', '2020')]",
  "education": "BTech in Computer Science(Honors), Shri Vishnu Engineering College For Women|2020 - 2024(Anticipated)|CGPA: 9.01(till now)|Favourite Courses: Data Structures, Python,Java,Software Engineering, Database Management Systems, Data Visu-|alization|Women Engineers Fellowship, Talentsprint (Supported By Google)|2021 - 2023(Anticipated)|Favourite Courses: Python, Object Oriented Programming, Data Structures, Advanced Algorithms|Intermediate, Aditya Junior College|2018 - 2020|CGPA: 9.94|SSC, Narayana e-techno School|2017 - 2018|GPA: 10|",
  "skills": "Languages and Frameworks|Python(Expert), C++(Good), Java(Decent), SQL(Decent)|Web Skills|HTML, CSS, JavaScript, nodejs|Soft Skills|Leadership, Event Management, Critical Thinking, Time Management|Tools and Platforms|GIT, MySQL, Linux, Windows, VsCode, Tableau, Gitlab.|",
  "projects": "Traffic Lights Simulation|* Built a project that contains a 4-way traffic intersection with traffic signals controlling the flow of traffic in each|direction .|* Used python and few python modules.|* This simulation can be further used for data analysis or to visualize AI or ML applications.|* I was the team lead.|Fake News Detection|* Built a model to accurately classify a piece of news as REAL or FAKE.|* Built an algorithm that has a large number of false and real news stories to learn to distinguish between them|automatically, and then give a possible score or percentage of confidence such as a given news release is true or|false.|* Used sklearn for modelling and natural language processing module.|ACHIEVEMENTS|Women Engineers Cohort-3 Scholar by TalentSprint supported by Google|* I was in the top 500 who get selected among 27000+ applications and received a 100% scholarship from|Google.|* Learnt writing clean code, Function Abstraction, Decomposition , coding long programs, Data|Structures and Algorithms, business communication.|Women In Software Engineering Scholar by TalentSprint, NSE|* Learnt building projects, industrial concepts, coding practices, python and machine learning.|5 star problem Solver at HackerRank.|CERTIFICATIONS|* Completed Introduction to IoT at Cisco.|* Completed Introduction to CyberSecurity at Cisco.|* Completed Introduction to Artificial Intelligence at Accenture.|* Completed Python Fundamentals at Coding Ninjas.|* Completed Database Programming, Database Design at Oracle Academy.|* Participated in FlipKart GRiD 3.0 , 4.0 - Software Development Challenge.|EXTRA-CURRICULAR ACTIVITIES|* Co-ordinator at Matheletes Club.|LEADERSHIP|* Organised an event called Brain Games.||"
}