{
  "email": "sriyasaisri@gmail.com",
  "mobile": "+91833290784",
  "degrees": "[('SSC', '2018')]",
  "Education": " | |Technical Skills |                |* C |* Basics in Java |* Data Science using |Python(basics) |* Python |* Basics in R |* Basic Html | |",
  "Projects": "* AI based virtual voice assistant using python libraries(GitHub link: |https://github.com/sriyavegiraju) | |* Designed  Futoshiki game using python libraries. | |Internship Experience | |* Worked for Twowaits Technologies as Tathastu Python Scholor intern for 1month | | |Degree/Course |Institute |Board |Year  |CGPA | |B-Tech(Artificial |Intelligence & Data |Science) | | |Shri Vishnu |Engineering College for |Women, Bhimavaram | | |JNTUK | |2020-2024 | |9.03(Current) | |Intermediate(+1,+2) | | |Sasi Junior College for |Girls, Velivennu | | |BIE-AP | |2018-2020 | |9.88 | |SSC(secondary) | | |Sasi EM High |School,Velivennu | | | AP SSC | |2018 | |9.7 | | |Achievements | |* Selected as top 6th team in Datathon 1.0 | | |Certificates  | |* HTML course completion certificate by sololearn.  |* Full Stack web development program demo session certificate by Edurekha.  |* Participation and Appreciation Certificate in Datathon 1.0(36 hours collaborative |analytical hackathon.) |* Two waits tathastu python scholar intern certificate | |",
  "Interests": "* Listening to music |* Travel |* Yoga |* Mythological Stories | |",
  "Strengths": " |* Positive Attitude |* Flexibility and Adaptability | | |DECLARATION: | | |I hereby declare that all the particulars stated above are true to the best of my knowledge and belief. | |Place: Bhimavaram                                                                             |Date: 1st September, 2022                                                                                             V. Sriya Sai Sri ||"
}