{
  "name": "Vinayak Buchke",
  "email": "vinayakkumar808@gmail.com",
  "degrees": "[('BTech', '2022')]",
  "Experience": "Web Developer|The Sparks Foundation|Feb 2022 - Present (3 months +)|Core Committee Member Of Vit Animation Club|Vellore Institute of Technology|Nov 2020 - Present (1 year 6 months +)|",
  "Education": "Vellore Institute of Technology|Bachelor of Technology - BTech, Computer Science|Jan 2020 - Sep 2024|Army Public School Bangalore|Higher secondary , PCM|Jun 2018 - Jun 2020|Licenses & Certifications|Problem Solving(Basic) - HackerRank|4F36C81617EB|",
  "Skills": "Front-End Development   *   C++   *   C (Programming Language)   *   Python (Programming Language)   *  |Adobe Premiere Pro   *   HTML   *   Cascading Style Sheets (CSS)   *   Git   *   GitHub   *   JavaScript|Vinayak Buchke - page 1||"
}