{
  "name": "Maitri Vyas",
  "email": "maitrivyas0@gmail.com",
  "mobile": "869034233",
  "degrees": "[('BE', '2020'), ('XII', '2020'), ('X', '2020')]",
  "education": " | |Qualification  |Institute  |CGPA /%  |Year  |B.E. (CSE)  |Chitkara University, Rajpura  |9.93 (4th Sem)  |2020-24  |XII, RBSE  |Modern Nation Public School, Bikaner  |74.00  |2020  |X, RBSE  |Modern National Public School, Bikaner  |85.83  |2018 |  |Key Skills  | |Languages  |C++, Java |Web Development  |HTML, CSS, Bootstrap, JavaScript, jQuery, ReactJS  |Application Software |and Development Tools  |VS Code, Git/GitHub  |Core Subjects  |Data Structures, Operating Systems, Database Management, Computer |Networks, OOPS  |  |Academic/Live Projects  |Dynamic Quiz  | HTML | CSS | Javascript |Todo-list  | Javascript | |Railway |Management |System | DBMS |  |Achievements and Appreciations  |* |Attended a prestigious workshop on Internet Of Things by CEPTA |* |Completed the Google 30 Days of Cloud program |* |Completed the Google Ready to Facilitator program |  |Email: maitrivyas0@gmail.com | Mobile: 8690342338  |Maitri Vyas |  |  |  |Additional Certifications  | |Responsive website using HTML, |CSS and JS  |Course on getting started with web development.  |Design, Analysis and Algorithms |in C++ |Upskilling Course offered by Coding Ninjas |30 Days of Cloud Programme  |30 day long challenge on and about Google Cloud  |Microsoft and FOSSASIA | |Object Oriented Programming in |Java |Microsoft and FOSSASIA present this Digital Certificate | |Upskilling Course offered by Coding Ninjas | ||"
}