{
  "name": "Prashant Mishra",
  "email": "prashant4.pm@gmail.com",
  "mobile": "9628153614",
  "degrees": "['ICSE', 'MS']",
  "skills": "   |* |Software Skill: Core Java and C language (Basic)                                                     |* |MS Office (Word, Excel, PowerPoint)   |* |SQL   |* |HTML and CSS                                                                     |* |Leadership Skill   |* |Management Skill   |* |Public Speaking Skill   |* |Negotiation skill   |   |ACHIEVEMENTS   |   |* |2nd position is Debate competition organised by Counselling cell - DIT University.  |* |Got the title of \"Mr. Benign\" at St. Francis College-2020.  |* |2nd position in English Debate, 1st position in English Extempore, organized by Christ Church College, Lucknow.  |CO-CURRICULAR ACTIVITIES   |  | |* |Worked as a Co-Anchor at \"RANGOTSAV\" - Holi Fest organised by DIT University.   |* |Organised an \"Interactive Session\" for the freshers under Counselling cell - DIT University  |* |Worked as a lead anchor at the inaugural of the Prithvi Club - DIT University.  |* |Working as a Core-Committee member of Counselling cell at DIT University  |* |Worked as Co-Anchor at the \"Women's Day celebration\" organised by DIT University.  |* |Worked as a Volunteer of \"Expressions\" - A cultural fest organised by St. Francis College.  |* |Worked as disciplinarian at Christ Church College.   |   |PERSONAL DETAILS   |   |  Nationality  |  |:              Indian   | |Date of Birth  |  |:              26/12/2001   |   |  Gender  |  |:   |Male   |  Contact Number      |:              9628153614   |Home town                         :              Lucknow   |Permanent address          :               281/70 Mawaiya,  Lucknow, Uttar Pradesh.   |                                                                PIN - 226004   |LinkedIn URL                     :             https://www.linkedin.com/in/prashant-mishra-6b71ab1ba/  |   |I declare that the details above are correct and true to the best of my knowledge.   |   |   |     |  Prashant Mishra  ||"
}