{
  "email": "navita0486.be20@chitkara.edu.in",
  "mobile": "+91623031646",
  "degrees": "[('XII', '2020'), ('X', '2020')]",
  "education": "2020 - Present|Bachelor of Computer Engineering|Chitkara University, Rajpura, Punjab, India|2019 - 2020|Grade XII|DAV Centenary Public School, Una HP|2017 - 2018|Grade X|Shishu Niketan Public Sch school, Sec-43A Chandigarh UT|",
  "projects": "Frontend Web Development|By-Ed spread|Introduction to IOT|By-Cisco|JavaScript Essentials|By-Open EDG|Object Oriented programming|By-Coding Ninjas|Introduction to Programming Using Python|By-Coding Ninjas Issued Jan 2020|Cyber Stalking|By-Ministry of Electronics|and Information Technology|Email Security|By-Ministry of Electronics|and Information Technology|Mental Health Awareness|By-Techfest, IIT Bombay|PROGRAMMING AND COMPUTER KNOWLEDGE|*|C++|*|Operating system|*|Python|*|MySQL|*|Microsoft Word|*|Microsoft Excel|*|Microsoft PowerPoint|*|HTML, CSS, Java Script|*|Bootstrap, JQuery|*|Database management System|*|Cloud Computing|*|React|OTHER KEY SKILLS|*|Quantitative and qualitative research|*|Statistical and mathematical analysis|*|Intercultural competence|*|Problem identification and solution|*|Constructive teamwork skills|*|Effective communication skills||",
  "experience": "1.|ENGINEERING INTERN (MAY - JULY 2022)|Phi Brain Consulting Services (16 German Circle Brampton Ontario, CANADA L6X5K4)|2.|PROFESSIONAL TRANNING|React|Databases|Networking|AWS|Cloud Computing|"
}