{
  "name": "Shraddha Suman",
  "email": "shraddhasuman2526@gmail.com",
  "mobile": "9348893015",
  "degrees": "[('XII', '2020'), ('X', '2020')]",
  "education": "Bachelor's in Technology (Information |Technology)|Vellore Institute of Technology|Sep 2020 - present | Vellore, India|CGPA - 8.79|AISSCE - Class XII|Kendriya Vidyalaya No. -1, Cuttack|Aug 2012 - Mar 2020 | Cuttack, Odisha|Percentage - 93%|AISSC - Class X|Kendriya Vidyalaya No. - 1 Cuttack|Aug 2012 - Mar 2020 | Cuttack, India|Percentage - 98.2%|Academic Achievements|Selected for Seema Darshan Program to |Tawang Arunachal Pradesh in collaboration |with the Ministry of Human Resource |Development(Mhrd) and Ministry of |Defence among the top 10 students of |Bhubaneshwar region under Kendriya |Vidyalaya Sangathan.|Received a Certificate of Merit from the |Ministry of HRD for scoring 100/100 in |Science, Social Studies, and Sanskrit in the |AISSC exam.|",
  "skills": "Python|Earned a Silver badge on HackerRank|Java|Earned a Silver Badge on Hacker Rank|SQL|Earned a Gold Badge on Hacker Rank|C/ C++|Earned a Silver Badge on HackerRank|HTML, CSS|Figma|",
  "projects": "Health Now|Java FX Project|\"HEALTH NOW\" is a Doctor's Appointment |Booking Portal that aims to provide the facility |of booking appointments to the user along with |functionalities such as registering for a blood |donation program. |Java FX, Java, Scenebuilder, MySQL|DocsApp|Hospital Management System|\"DocsApp\" is a project on Hospital Management |System, which helps people from different |places to connect and contact doctors |worldwide through video calls and text facilities. |HTML, CSS, JavaScript, Angular, MongoDB, Node |JS, Express JS|Car Service Management System|This project aims to create a Car Service |Management System. The end-users of the car |service centers can share the data quickly and |effectively across the organization.|MySQL, MySQL Workbench|My Portfolio|Front-End of Portfolio Website|HTML, CSS, JavaScript|Interests|Content Writing|Wrote a blog on the topic \"Schism Of Life -|Passion vs Job\". |https://medium.com/@shraddhasuman?|p=73112ae605d4|Poem Oratory|Participated and awarded in regional level |Oratory Competitions.|Sports|- Swimming |- Badminton|Positions and Responsibilities|HEARTS -UHET, VIT|Co-Secretary|Currently appointed as the co-secretary of the |organization.|Hosted a guest-event \"Health Matters\" with |over 100+ participants.|Hindi Literary Association|Associate Creativity Head|Appointed as the Associate Creativity Head of |the Club.|Hosted an open mic event.|Creativity Club|Senior Core Committee Member|Part of Editorial and Design department of the |Club.|Publications|Performance Comparison of Two Statistical |Parametrical Methods for Outlier Detection |and Correction|This paper focuses on two well-established |statistical parametric methods, namely |improved sliding window prediction and |portrait dataset-based, and compares both |methods' preprocessing performance when |applied to seasonal time series data with |varying time resolutions and complex trend |patterns for different content of outliers through |detailed result analyses. Further, a new metric to |measure outlier correction capability is |suggested.||"
}