{
  "name": "Rishank Sharma",
  "email": "rishanksharma46744@gmail.com",
  "mobile": "918700576",
  "degrees": "[('BTech', '2020'), ('X', '2017')]",
  "education": " |Vellore Institute of Technology, Chennai |Chennai, IN |B.Tech, Computer Science and Engineering, 8.62/10 CGPA |Sept. 2020 - July 2024 |Indian Institute of Technology, Chennai |Chennai, IN |B.Sc, Programming and Data Science, 7/10 CGPA |Sept. 2020 - July 2023 |Sant Gyaneshwar Model School, Delhi |Delhi, IN |Science with Maths, 86.66 % Higher Secondary |Apr. 2017 - Mar 2019 |Delhi Public School, Rewari |Haryana, IN |Till Class X, 9.8 GPA Secondary |Apr. 2012 - Mar 2017 |",
  "projects": " |AngelVIO Room Booking   | ReactJS, NodeJS, HTML |Jan. 2022 |* Developed a Web Application for users to book rooms at cheaper rates. |* Integrated the stripe payment and UPI payment links |EmoWeet - A emotion detection ML algo | Numpy, Knearest neighbours, pandas, Matplotlib             July. 2021 |* Developed algo using k nearest algorithm |* Got efficiency of 60% |Oswald Social Media Web App | ReactJS, Mongo DB, TailwindCSS, HTML                                         May. 2021 |* Developed Social media platform specifically for gamers |* Proposed Solutions related to decentralized chatting and emoji |* Peer to Peer video calling feature |VITCAD - Learning Management System | Mysql,  PhP, Html                                                                      Mar. 2021 |* Developed a COVID-19 Tracker, previewing number of active, Death and detected |COVID-19 cases |* Plotted Data on the World Map and using Slider, the Users can view the Spread |of COVID-19 cases over the world |TECHNICAL SKILLS AND COMPETENCIES | |Languages: Python, C/C++, SQL, NoSQL, JavaScript, HTML/CSS, R, TypeScript |Frameworks: React, Node.js, Flask, WordPress |Developer Tools: Git, GitHub, VS Code, PyCharm, Eclipse, CI/CD, Firebase |Libraries: pandas, NumPy, Matplotlib,Pandas,Scikit-learn |Competitive Programming: 3-Star Codechef, Google Kickstart B - 5308 Rank, Codeforces - 1120 Rank |Organizations: VitCC Codechef Club, Microsoft Student Ambassador Club, Coding minutes Campus |Amabassador | |Achievements | |- Got all India Rank of 1889 in Codechef Round 1B |- Got International Rank of 5308 in Google Kickstart |- Got elected as the member of executive committee of student body in IITM Bsc online ||",
  "experience": " |Polygon & Crust Hacknight Hackathon |       April. 2022 - Present  |Polygon Network |* Qualified for Final Round of hackathon |* Stood amongst 33teams selected for last round out of 90 teams |* Extensively contributed in creation of blockchain based freelancing web app | |Codechef Snakdown'22 Coding Compitition |   Sep. 2021 - Oct. 2021 |Codechef |* Ranked 1889th out of selected 3000students |* Cleared Round 1B | |BharatBillPay I3 Challenge | Feb. 2021 - Sep 2021 |BharatBillPay |* Developed a model to enable biller acess to multiple |touch point easy |* Provide a solution to make billers available at all touchpoints instantly across multiple touch-points |* Explored ways to improve user experience. | |EbidtaMart Ecommerce App Developer | May. 2019 - Aug 2020 |EbidtaMart |* Developed ecommerce site within 4months of learning web dev |* Managed to get 15 customers on my app |* Manged customer queries and issue on day to day basis | | |ZetaBlog - A article sharing website | Mar. 2019 - May 2019 |ZetaBlog |* Developed blogging website using html, css, javascript for school |* Managed day to day issues and error debugging |"
}