{
  "name": "Sanjana Rachumallu",
  "email": "sanjurac07@gmail.com",
  "mobile": "+91939091818",
  "degrees": "[('BTech', '2020'), ('XII', '2020'), ('X', '2020'), ('CBSE', '2020')]",
  "education": "B.Tech, Computer Science & Engineering|Shri Vishnu Engineering College For Women Autonomous|2020 - 2024|Senior Secondary XII, Science|ANDHRA PRADESH STATE BOARD board|Year of completion: 2020|Secondary X|Nalanda Vidya Niketan|CBSE board)|Year of completion: 2018|INTERNSHIPS|Web Developement|1stop, Virtual|Jul 2021 - Oct 2021|I built an online shopping Website. This internship program|drove the interest in me to develop more websites.|In this internship i learnt the basic technologies required to|build a website .|POSITIONS OF|RESPONSIBILITY|I am a Coordinator of Mecow Club in our college.|I am a co-ordinator of Splash Out club.|TRAININGS|Amazon Web Services|AWS Academy Cloud Foundations, Online|Sep 2022 - Sep 2022|Android Application Development|Google, Online|Sep 2022 - Sep 2022|Python Data Structures|Coursera, Online|Aug 2022 - Sep 2022|Learnt how to work with python data structures efficiently|C And Ds|Smart Interviews, Bhimavaram|May 2022 - Present|",
  "skills": "Advanced Data Structures.|Full Stack Web Developement|Study Owl, Online|Feb 2022 - Present|I have completed learning my front end development. I|learned html, css, javascript. I am going to learn backend|development in coming days.|Wise(women In Software Engineering)|talent sprint, Bhimavaram|Sep 2021 - Present|programming,Developing Gaming Applications. Created a|ColorLines game in python by using Pygame, Tikinter|modules.|HTML|Intermediate|CSS|Intermediate|Python|Intermediate|C Programming|Intermediate|Java|Intermediate|JavaScript|Intermediate|Node.js|Beginner|GitHub|Intermediate|Bootstrap|Intermediate|MySQL|Intermediate|PHP|Beginner|Database Management|System DBMS|Intermediate|ADDITIONAL DETAILS|Secured a Good performance certificate in National level|coding contest|Delivered a Poster presentation on Blockchain Technology|Attended a workshop on Android App Developement|Attended a workshop on Tableau.|Achieved Gold badge in python programming by hackerrank||",
  "projects": "Telegram ChatBot|Sep 2022 - Sep 2022|In this project, I developed a telegram chatbot using Nodejs|Online Bank|Jul 2022 - Jul 2022|Developed an online bank using Java Servlets , sql|workbench and Tomcat webserver|Online Shopping website|Apr 2022 - Apr 2022|Yahtzee|Feb 2022 - Feb 2022|I developed a game named Yahtzee using Python and its|special modules in Pycharm IDE|Martial Arts|Jan 2022 - Jan 2022|Developed an animated Martial arts Game using Javascript|Personal Portfolio Website|Jun 2021 - Jun 2021|I have developed my own personal website(Portfolio) using|HTML, CSS and Bootstrap.|"
}