{
  "email": "rrenita1206@gmail.com",
  "mobile": "9742057359",
  "degrees": "[('ICSE', '2011')]",
  "education": "2020 - 2024|Bangalore, India|Bachelor of Technology, CSE, PES University|Courses - Data Structures and Algorithms, Linear Algebra, Python|Represented University in various Basketball Tournaments|Core Member of Iris - Open Source Vertical of CSE Club|Worked with a team to conduct and host a workshop on Git and Github|Member of ACM-W|CGPA - 8.74|2020|12th State Boards - 85.8% | JEE Mains - 97.14%, Ryan PU College|2018|10th ICSE Boards - 94%, Ryan International School|",
  "skills": "Python|MongoDB|JavaScript|C/C++|Git | Github|Flask|R|Arduino|HTML | CSS|SQL|Java|MERN|Achievements|MRD Scholarship, PES University|Top 10 finalist in Build Against a Virus Hackathon, ACM-W|Winner of ACM SIG Datahack Workshop|Certifications|Natural Language Processing In Tensorflow|Coursera | June 2021|Computer Vision with Deep Learning|PESU IO | May 2021|Version Control with Git|Coursera | June 2021|Getting Started With AWS|Coursera | May 2021||",
  "projects": "Automation of Waste Management, Arduino | IoT|Built an IoT bot aimed to improve the waste management system and reduce the human labor |involved|Used Arduino Uno and various other components to collect waste along a pre-determined path|Blood Cell Image Classification Model, Python | Tensorflow | Keras|Built a deep learning model employing CNNs to classify the four types of blood cells|This image processing model classifies images into a cell type with an accuracy of 87%|Exploratory Data Analysis Report on Violence Against Women, Python libraries | Git|Analyzed a dataset depicting the violence against women in India between the years 2011 and |2014.|Used given data to generate crime trends for each state and build a model to predict safety index|Automatic Parking Lot System, Arduino | IoT|Built a project that simulates an automatic parking lot|Utilized Arduino Uno and other components for automatic barriers, lighting and visual indication of |available parking spaces|Sentiment Analysis with Twitter Dataset, Python, Tensorflow, Keras|Used the twitter dataset to predict the sentiment of user with an accuracy of 85%|Classified tweets into one of the following emotions - suprise, fear, love, sadness, anger and joy|"
}