{
  "email": "arunpuneet123@gmail.com",
  "degrees": "[('BTech', '2020')]",
  "education": "Vellore Institute of Technology , Vellore | | | |2020-2024 |B.Tech in Computer Science Engineering |CGPA - 9.1/10 | |Getamata ACS College, Pune | | | | | |2019-2020 |Class 12 | | | | | | | | |Percentage - 92.7% | |",
  "skills": "C++  | | |Java |HTML |CSS |JavaScript |Python |Machine Learning  |DSA |MySQL |  ||",
  "projects": "Image Colourization  |* |Converting grayscale image to colourful images based on dataset using neural networks. |Hotel Booking Website |* |Fully responsive website using HTML, CSS and JavaScript |Link - https://github.com/Puneet2252/Open-source-proj  | |"
}