{
  "email": "ujjwal20545@iiitd.ac.in",
  "mobile": "2020545",
  "degrees": "[('CBSE', '2020')]",
  "education": " |Indraprastha Institute of Information Technology |B.Tech(CSB) |2020 - Present | |CGPA: 7.6 |(till 3rd Semester) | |Venkateshwar Global School, New Delhi 110085 |CBSE Standard 12 |2009 - 2020 | |Percentage: |91.8% | |Venkateshwar Global School, New Delhi 110085 |CBSE Standard 10 |2009 - 2020 |Percentage: |89.8% | | | | |",
  "skills": " |Expertise Area |Database Management, Object-Oriented Programming, Data |Structures and Algorithms, Machine Learning(amateur), Android App |Development |Programming |Language |Python, Java, SQL, C, C++, R, HTMML, CSS, JavaScript |Tools and |Technologies |MATLAB, Android Studio, IntelliJ IDEA, GitHub, MySQL Workbench | |Technical |Electives |Database Management Systems, Advanced Programming in JAVA, |Data Structures and Algorithms, Operating Systems, Computer |Organization, Algorithm Design and Analysis | | |Internship  | | | |UJJWAL GOEL |2020545, Email: ujjwal20545@iiitd.ac.in |DOB: June 06, 2002 |Address:  E-604 Shri Sai Baba apartments, |Sec-9 Rohini, Delhi |DataKart (IIITD and GS1 JointProject) (Industrial and Research) |Guide: Prof. Rajiv Ratn Shah |(Jan,22 -Jul,22) | |The aim is to apply Artificial Intelligence, Machine Learning and other futuristic technologies |to develop tools for image compression, attribute extraction, and for improving quality of |product data in the National Product Data Repository (DataKart). | |Pass Port |Size |Photograph | | | | | | | |",
  "projects": " |1-Pixel Black Box Attack on CNN's |Guide: K Naveen Kumar |  (Mar,21) | Team Size - 2 |* |Attacked a CNN with Artificial perturbations to an image to make it misclassify the |provided image.  |* |Limited the perturbations to 1 pixel, thus making it hard for human eye to identify |it.  |* |Achieved a success rate of 6% on LeNet, and 35% ResNet.  |* |Successfully demonstrated how CNNs can easily be made to misclassify, and |depicted the adverse effects they can cause in real life. |Snakes and Ladders |An implementation of Snakes and Ladders game, developed using  |JavaFX with additional features. | |  (Dec,21) | Team Size - 2 | |WhatsApp                                                                                           (April,22) |Developed a Management System for a Chatting App for storing the     Team Size - 4    |details of the users, messages and their contacts in an efficient and  |organized Database. Designed an ER-model and translated the model  |into a relational schema for a management system and implemented an  |android application using Android Studio.                                                                                            | |Interests and Hobbies | |* |Football |* |Travelling |* |Table Tennis | | |Declaration: The above information is correct to the best of my knowledge. |Ujjwal Goel |Date: January 19, 2022 | | | | | ||"
}