{
  "name": "Ankur Goswami",
  "email": "ankurgoswami718@gmail.com",
  "mobile": "323767233",
  "degrees": "[('BTech', '2020'), ('X', '2020'), ('XII', '2020')]",
  "Education": "Netaji Subhas Institute of Technology|Bachelor of Technology - BTech, Computer Engineering|2020 - 2024|DLDAV MODEL SCHOOL PITAMPURA|Apr 2008 - Mar 2020|Class X|95.67 %| |Class XII|95.6 %|Licenses & Certifications|Certificate of Excellence | Introduction to C++ - Coding Ninjas|certificate.codingninjas.com/verify/d908194f4001fce6|Certificate of Training | Data Structures and Algorithms - Internshala|F50FF08B-2BBC-E72A-D9E7-77F73B36E555|",
  "Skills": "Engineering   *   Communication   *   C++   *   C (Programming Language)   *   HTML   *   Python (Programming|Language)   *   Cascading Style Sheets (CSS)   *   MySQL|Ankur Goswami - page 1||"
}