{
  "email": "samridhipapneja06@gmail.com",
  "mobile": "8168025042",
  "degrees": "['MS', 'CBSE', 'BE']",
  "Education": "10TH, PKR JAIN VATIKA SR. SEC. SCHOOL, Ambala|M A R C H  2 0 1 7  --  M AY 2 0 1 8|Scored 89% in CBSE BOARD|12TH, PKR JAIN VATIKA SR. SEC. SCHOOL, Ambala|F E B R U A RY 2 0 1 9  --  M AY 2 0 2 0|Scored 81% in CBSE BOARD|B.E. CSE, CHITKARA UNIVERSITY, Rajpura|A U G U S T 2 0 2 0  --  M AY 2 0 2 4|First Year - 9.71 CGPA|Second Year -  9.73 CGPA|INTERNSHIP|Campus Ambassador, YOUNITY|O C TO B E R  2 0 2 0  --  D E C E M B E R  2 0 2 0|Encouraged Students for Professional Development,Personality Development and |helped them in planning their career.|CONCEPTS|* Data Structures|* Operating System|* Linux|* Angular|* React|* Computer Networks|* SQL|",
  "PROJECTS": "HAPPY PAWS|A website created for dog lovers where they can order food,clothes and toys for |their dogs with some additional information about different breeds of dogs.|YOUTUBE CLONE|Created a clone of YouTube as a project for sessionals using HTML AND CSS.|TO-DO LIST|A project made for Sessionals using HTML,CSS and Javascript.|INTERPERSONAL SKILLS|* Active listening|* Teamwork|*  Flexibility|*  Patience|* Solution Focus|* Empathy|* Believes in Hard work with Smart work|* Honest|Extra-curricular activities|C2S2 THEATRE CLUB, Member|C2S2 DHWANI CLUB, Member|Courses|AWS Academy Introduction to Cloud Semester 1|F E B R U A RY 2 0 2 2|Introduction to Cybersecurity, CISCO|J A N U A RY 2 0 2 1|Global Disaster Risk Reduction and Management Pathway, kaya|J U N E  2 0 2 1|Introduction to Python , Coding ninjas|A U G U S T 2 0 2 0  --  N OV E M B E R  2 0 2 0||"
}