{
  "name": "Sangita Kushwaha",
  "email": "nk17oct@gmail.com",
  "mobile": "7063939081",
  "degrees": "[('BTech', '2020')]",
  "education": " |2.1 |Secondary & Higher Secondary | | | |Year of | |Marks | |Examination |Board / Institution |Passing | | | | | | |Obtained |Out of |% | | | | |(Total)  |10TH STD |Central Board of Secondary |        2018 |         462 |       500 |       92.4 | |  | | | | |12TH STD |Central Board of Secondary |         2020 |          474 |        500 |       94.8 | | | | | | | | |2.2 |Graduation | | | |SEM |1 |2 |3 |4 |5 |6 |7 |8| |SGPA |     9.32             8.95             7.82 | |CGPA |    9.32             9.15              8.70  |  | | | |3. Scholastic achievements: | | |Secured global rank 446 in Codechef August Cookoff 2021 (division 3) out of more than 6000 |contestants | |1st state rank in Informatics, Science and Aptitude Olympiads | |Second Runner-up in state level quiz | |1st in intra-school sports quiz | |1st in inter-school essay writing competition | |1st in state level Digital India Quiz | | |4. Skills and Weakness: |     Skills:  |           Data Structures and Algorithms  |           Languages: C, C++, JavaScript, Python(basic) |           Web: HTML, CSS, Bootstrap, React, Nodejs, MongoDB, Flask |           Tools: Git, GitHub  | |    Weakness:   | |I try to achieve perfectness in everything I do which is most of the time unnecessary.  | |I procrastinate on the work I am not interested in. | | |5. Position of responsibility: | | |Executive member of IEEE Student branch NIT Durgapur | | |6. Extracurricular activities: | | |Web developer in IEEE student branch NIT Durgapur. | |Participated in Hacktoberfest, 30 Days Of Google Cloud and AWS BugBust re:Invent Challenge. | |Participated in various sports competitions. | |Former scout and NCC 'A' certificate holder. | | | |I hereby declare that the information given above is true and correct. | | | |DATE: _____________________ |SIGNATURE: ___________________________ |1 March 2022 ||"
}