{
  "email": "vanshika20413xxx@iiitd.ac.in",
  "mobile": "2020413",
  "degrees": "[('BTech', '2020'), ('CBSE', '2016')]",
  "education": " |Indraprastha Institute of Information Technology |BTech - Computer Science and Applied Mathematics (CSAM) |01/2020 - 04/2024 (Present)  | |CGPA: 8.0 |(Till 3rd Semester) | |RPM Lovely Public Sr. Sec. School, New Delhi |Senior Secondary Education - CBSE (Standard: 11th - 12th) |03/2018 - 03/2020  | |Percentage:96.2% |RPM Lovely Public Sr. Sec. School, New Delhi |Higher Secondary Education - CBSE (Standard: 9th - 10th) |03/2016 - 03/2018 |Percentage:98.6% | |",
  "skills": " |Expertise Area |Data Structure and Algorithms, Object Oriented Programming, |Communication Skills |Programming |Language |Java, C++, C, Python, HTML |Tools and |Technologies |Git, VMware Workstation Player, IntelliJ IDEA, SceneBuilder, JavaFx, |Ubuntu, HTML |Technical |Electives |Data Structure and Algorithms, Advanced Programming, Computer |Organization, Operating Systems, Basic Electronics | |",
  "projects": " |ASTRELLA |Guide: Grace Eden (Professor) |(01/2021 - 04/2021) |Team Size- 5 |A design project named Astrella, in which, the interface design of an  |application is developed related to astronomy and star tracking to provide |deep knowledge of space and virtual touring of the space. | |Snakes and Ladders |Guide: Koteswar Rao Jerripothula (Professor) |(11/2021 - 12/2021) |Team Size - 2 |The game Snakes & Ladders is created in Java using SceneBuilder inspired |by the design of Ludo Master App interface. | |Positions of Responsibility | |* |Content Writer in Machaan (Acting society of IIITD) |(02/2021- Present) |Vanshika Goel |2020413, Email: vanshika20413xxx@iiitd.ac.in |DOB: 13/05/2002 |     Address: House No-19, New Layal Pur Colony, |                                     Delhi-110051 | | | | | | |Awards and Achievements | |* |Best Delegate - Modelled United Nations (MUN) (09/2019 - 10/2019)  |* |3rd Position - Kamal-e-Kalam (Organized by Machaan) |* |3rd Position - Quiz De La Langue Francais (03/2014 - 03/2015)  | | |Interests and Hobbies | |* |Story Writing |* |Coding |* |Volunteering |* |Designing | | |Declaration: The above information is correct to the best of my knowledge. |Vanshika Goel |Date: 01/19/2022 | | | | | ||"
}