{
  "name": "Kavya Sharma",
  "email": "kkavyassharma@gmail.com",
  "mobile": "8302460749",
  "degrees": "[('Btech', '2020')]",
  "EDUCATION": "Btech |jecrc university |10/2020 - 05/2024,  |Jaipur,India |",
  "SKILLS": "C Programming (Intermediate) |C++ (Intermediate |HTML |CSS |JAVA (Basic) |Python (Basic) |DSA (Basic) |PERSONAL PROJECTS |Solace (01/2022 - 02/2022) |https://ab05-hub.github.io/Project-Solace/ |CERTIFICATES |certificate of participation (01/2021 - 01/2021) |C programming course |HTML Course Completion (01/2021 - 04/2021) |Sololearn HTML course Certificate ||"
}