{
  "email": "lakshmisaiteja123@gmail.com",
  "mobile": "+91799745842",
  "degrees": "[('SSC', '2020')]",
  "education": "2018-2020|10.0|SSC|Sri Chaitanya techno|school, Vuyyur|Board of|Secondary|2017-2018|10.0|TECHNICAL SKILLS|Programming Languages|:|C,Python, Java|Web Technologies|:|HTML, CSS, JavaScript.|Database|:|SQL|AREA'S OF INTEREST||Web development||Cyber Security||Excel|",
  "skills": "ACADEMICS|Qualification|Institution|University/Board|Course|Duration|Percentage/|CGPA|B-Tech (CSE)|(pursuing)|Sri Vishnu|Engineering College|for Women,|(Autonomous)|Bhimavaram, AP|J.N.T.U|Kakinada,|A.P|2020-2024|9.47|(Till 4th|semester)|Intermediate|Sri Chaitanya Junior|College, Vuyyur|Board of|Intermediate|",
  "projects": "Mini Project|:|Hangman Game development project|LAKSHMI SAI TEJA AREPALLI|Email id: lakshmisaiteja123@gmail.com|Mobile: +91-|7997458422|Description|:|This game tests the guessing ability of person. This game|selects a random word and displays dashes where the no of|dashes is equivalent to the length of word.for every incorrect|guess hangman parts will be drawn and when it is drawn fully|guesser will loose the game.|Tools &|Technologies|:|PyCharm editor, python Language, turtle module|Role|:|Team Lead; Participated in programming, providing|information for the development of game.|CERTIFICATIONS||Certified by Vedic dev -Introduction to Web development||Certified by cisco-Introduction to IOT||Certified by cisco - Introduction to Cybersecurity||Certified by NASSCOM skill up - Completion of AI foundations||Certified by Oracle - Data base Programming with SQL||Participated in various talent quizes.|EXTRA CURRICULAR ACTIVITIES||Student Coordinator - Indian Society for Technical Education (ISTE) Student Chapter|STRENGTHS||Communication Skills.||Quick Learner.||Time Management.||Team Work.||Leadership Quality.||Problem Solving Skills.||Positive Attitude.|HOBBBIES||Exploring new things.||Playing badminton|PERSONAL INFORMATION|Name|Arepalli Lakshmi Sai Teja|Gender|Female|Date of Birth|05-11-2002|Father Name|Arepalli Mardhudu|Father's Occupation|Farmer|Mother Name|Arepalli Sumithra|Mother's Occupation|Home maker|Languages Known|English, Telugu|Nationality|Indian|Communication|Address|D/o Arepalli Mardhudu|D-no: 3-25,|Saibaba temple Street,|Indupalli,Krishna district, A.P|Pin code: 521311|Declaration|I hereby solemnly affirm that all the details provided above are true to the best of my|knowledge.|Place: Indupalli|A.LAKSHMI SAI|TEJA|(NAME)||"
}