{
  "email": "kashyapadarsh008@gmail.com",
  "mobile": "+91785790412",
  "degrees": "[('BTECH', '2020')]",
  "EDUCATION": "NATIONAL INSTITUTE OF TECHNOLOGY|2020 - 2024|B.TECH COMPUTER SCIENCE|JAMSHEDPUR GPA: 8.82|RED ROSE SCHOOL|2018 - 2020|INTERMEDIATE|B.DEOGHAR GPA: 93.8%|D.A.V PUBLIC SCHOOL|2018|MATRICULATION|B.DEOGHAR GPA: 94%|",
  "EXPERIENCE": "* Consistently participated in competitive programming contest on codeforces.|* FAST LEARNER- Got to an expert level in just 8 months.|",
  "SKILLS": "Programming Languages|C, C++, HTML, CSS|Databases|MySql|HONORS & AWARDS|* 1754 (EXPERT) - Max rating at codeforces Handle- adarsh8409|* Got 173 rank in Codeforces Round #756 (Div. 3)|* Got 259 rank in Codeforces Round #773 (Div. 2)|* Got 396 rank in Codeforces Round #760 (Div. 3)|* Got 527 rank in Codeforces Round #772 (Div. 2)|* Secured 23 rank out of 218 teams in Alohomara conducted by newton school||"
}