{
  "email": "abhijeet20486@iiitd.ac.in",
  "mobile": "2020486",
  "degrees": "[('CBSE', '2017')]",
  "education": " |IIIT - Delhi |B.Tech(CSB) |2020 - 2024 |CGPA: 8.33  |(till 3rd Semester) | |Hans Raj Smarak Sr. Sec. School, Dilshad Garden, New Delhi |CBSE |2019 - 2020 |Percentage: 97 |Hans Raj Smarak Sr. Sec. School, Dilshad Garden, New Delhi |CBSE |2017 - 2018 | |Percentage: 89.6 | |",
  "skills": " |Expertise Area |Object-Oriented Programming, Android App Development(amateur) |Programming |Language |Python, C++, Java, Kotlin, HTML/CSS  |Tools and |Technologies |VSCode , Arduino, MATLAB, Android Studio, Proteus(amateur) |Technical |Electives |Advanced Programming, Operating Systems , Computer Organization, |Data Structures and Algorithms, Digital Circuits | |",
  "projects": " |Cab Services (Bootstrap, HTML, CSS, Django, MySQL) | |Web application where the user can avail online ride booking facilities. |Developed using Django and MySQL for the backend support and |Bootstrap, HTML, CSS for deigning the front end, webpages. | |(Apr 23,21 - Apr |27,21) |Team Size - 4 |Snakes and Ladders (Java, JavaFX, OOPS, Multithreading) |Guide: Koteswar Rao Jerripothula | |(Dec 19,21 - Dec |23,21) |Team Size- 2 |2 players Snake and Ladders game developed using Java & JavaFx with animations and |transitions. | |Two-pass Assembler (Python) |Guide: Sujay Deb |(Aug 14,21 - Aug |27,21) |Team Size- 3 |Simple Assembler that takes Assembly code, checks for errors and generates corresponding |ABHIJEET SINGH |2020486, Email: abhijeet20486@iiitd.ac.in |DOB: January 30, 2002 |Address: H.No: 45, St.No.:7, Balbir Nagar Extn., Shahdara, |Delhi - 32 |object code. Simple Simulator which executes the object code generated. |Quantum C  | |Google assistant API which offers newsletters, resources regarding |new achievements and happenings in Quantum Computing Field. |(Mar 21 - Present) |Positions of Responsibility | | |Member, BioBytes-IIITD |(May,21 - Present) | |Interests and Hobbies | | |Badminton | |Electronics | |Particle Physics | | |Declaration: The above information is correct to the best of my knowledge. |Abhijeet |Date: April 27, 2022 | | | | | ||"
}