{
  "email": "snehithagopalthota110@gmail.com",
  "mobile": "6302974896",
  "EDUCATION": "NEIL GOGTE INSTITUTE OF TECHNOLOGY|BACHELOR OF ENGINEERING (COMPUTER SCIENCE)|DECEMBER 2020 - JUNE 2024|CURRENT CGPA: 8.2|",
  "CERTIFICATIONS": "*|MACHINE LEARNING AND ARTIFICIAL INTELLIGENCE -- ROBOTECH LABS (IIT|HYDERABAD)|*|ETHICAL HACKING - SUPRAJA TECHNOLOGIES|ONLINE PROFILES|LINKEDIN : https://www.linkedin.com/in/thota-snehitha-a436ba1b1/|",
  "PROJECTS": "*|MACHINE LEARNING|*|BLOOD DONATION WEBSITE||"
}