{
  "email": "Garvinchowdhary260102@gmail.com",
  "mobile": "+91875555490",
  "degrees": "['MS']",
  "education": "VIT vellore  |2020-now |As a student I have learned various skills  |Wrote, modified, and debugged program that can enhance security |by hiding data behind images. |Methods and modules: LSB, RSA, OpenCV, NumPy, PIL. |Impact: Enhanced Cyber Security with encryption and decryption |methods | |Agra Vanasthali |2017 - 2019 |Got 95% in 11th. Admitted in Penn State university and Michigan State |university. Scored 800/800 in SAT physics, and 800/800 in SAT math 2 | |DPS Agra |2012 - 2016 |Achieved various awards in Yoga, Karate. Scored top of the class, and |maintained great results until 10th grade. Learned very basic skills |related to robotics. | | | |",
  "skills": "languages: Python * Java * C/C++ * HTML * CSS3* R language | |software: Fusion 360* MS office* MATLAB | |Solving * DSA * DBMS * Operating Systems* Robotics ||"
}