{
  "email": "aviralkaushal30apr@gmail.com",
  "mobile": "+91874500025",
  "degrees": "[('BTech', '2020')]",
  "education": "B.Tech, Computer Science & Engineering |Netaji Subhas University Of Technology |2020 - 2024 |Senior Secondary (XII), Science |Delhi Public School R.K.Puram |(CBSE board) |Year of completion: 2020 |Percentage: 94.30% |Secondary (X) |Delhi Public School R.K.Puram |(CBSE board) |Year of completion: 2018 |Percentage: 95.00% | |TRAININGS |Introduction To C++ |Coding Ninjas, Online |Dec 2021 - Present |Certificate of Completion: |https://certificate.codingninjas.com/view/1115456ce11e54b3 | |Certificate of Excellence: |https://certificate.codingninjas.com/view/32943b4e7ca36831 | |Learned the concept of Flowcharts, Conditional Loops(for, while, do-while), |Practiced problems on different types of patterns to get a clear idea of loops, |Understanding the concept of Functions in C++,(1-D & 2-D Arrays), Searching & |Sorting Methods, Character Arrays, and Strings. | |Python(basics) |Hackerrank, Online |Nov 2021 - Nov 2021 |Cerificate: |https://www.hackerrank.com/certificates/b67e4fd0d939 | |Innovation, Business Models And Entrepreneurship |National Programme on Technology Enhanced Learning(NPTEL), Online |Aug 2021 - Oct 2021 |Certificate: |https://drive.google.com/file/d/15njuX4V7ZvmNCG7EpEOng7QD2kK|U2m7y/view?usp=sharing | |Learned about various aspects of innovation, creativity, evolving business |models, incubation and entrepreneurship, blue ocean strategy, and technology |incubation which are proving as the game-changer in today's competitive |scenario, role of IPR and IP management in innovation management. | |Data Structures And Algorithms In Python |Coding Ninjas, Online |Jun 2021 - Oct 2021 |Certificate of Completion: |https://ninjasfiles.s3.amazonaws.com/certificate1556015598949970842105ae994251d3c8a |8139.pdf | |Certificate of Excellence: |https://ninjasfiles.s3.amazonaws.com/certificate15560155f23ef1468bb1882a71b5e9289217 |a0e.pdf | |Learned the concept of Recursion and practiced problems based on it, Analyzed |the concept of Time and Space complexity, Understanding the concept of Linked |Lists, Stacks & Queues, Binary Trees, Binary Search Trees, Generic Trees, |HashMaps/Dictionaries, Priority Queues, Huffman Coding, Dynamic |Programming, Backtracking, Graphs(Dijkstra & Prims Algorithms For Minimum |Spanning Trees.) | |Introduction To Cyber Security And Ethical Hacking |udemy, Online |May 2021 - May 2021 |Certificate: |https://www.udemy.com/certificate/UC-20740b68-4c6a-48c2-bb60-2c2a2998fa2c/ | |Learned the basic concepts of cybersecurity and ethical hacking, What hacking is |all about, Types of hackers, a complete road-map of becoming a professional |hacker, Different programming languages and their importance in Cyber Security, |Understanding the importance of Linux Operating system which is best for |different hacking purposes, What is Cyber Attack, Types of Cyber Attack and |Phases of Hacking. | |",
  "skills": "HTML |Intermediate |CSS |Intermediate | |Python |Intermediate |C++ Programming |Intermediate | |JavaScript |Beginner |Ethical Hacking |Beginner | |WORK SAMPLES |GitHub profile |https://github.com/Aviral3004 | |ADDITIONAL   DETAILS |Earned a five star Golden Badge both in C++ And Python On Hackerrank. | |Hackerrank Profile: www.hackerrank.com/aviralkaushal301 ||"
}