{
  "name": "Dev Arora",
  "email": "adev030@gmail.com",
  "mobile": "+91812686489",
  "degrees": "[('CBSE', '2024')]",
  "skills": "* |Proficiency in Microsoft Office.  |* |Knowledge of Android app development  |* |Understanding & Knowledge of Computer Languages like C, C++,HTML,Java,python etc.  |* |MySQL - Basic  |* |Basic knowledge of investment plans and share market. |* |Teamwork  |* |Communication   |* |Marketing Strategies | |  |HOBBIES  |    |* Listening Punjabi music  |* Playing cricket  |* Binge racers  |* Travel | |   |  |  |  |  |  |  ||"
}