{
  "name": "Priyusha Yerramsetti",
  "email": "priyushayerramsetti@gmail.com",
  "mobile": "917601083",
  "degrees": "[('XII', '2002'), ('X', '2002')]",
  "SKILLS": "- C|- HTML|- CSS|- Javascript|- Python|LANGUAGES KNOWN|English ( Both )|Hindi ( Spoken )|Telugu ( Both )|Priyusha Yerramsetti|PERSONAL DETAILS|Date of Birth|November 1, 2002|Gender|Female|",
  "EDUCATION": "Graduation|Course|B.Tech/B.E. ( electronics and communication engineering )|College|Shri Vishnu Engineering College For Women, Bhimavaram|Year of Passing|Graduating in Jul 2024|Score|8.0/10|Schooling| Class XII| Class X|Board Name|Diploma|Andhra Pradesh|Medium|English|English|Year of Passing|2021|2018|Score|92%|93.8%|INTERNSHIPS|Engineering Staff College of India | August 2022 - September 2022|- apart from theme of the internship our mentors helped us in developing our communication |",
  "PROJECTS": "Single axis solar tracking system | March 2022 - March 2022|- Developed an solar tracking system using Arduino Uno and IR sensor inorder to move the |solar plate according the sun light|Current Location|4-24,Pennada,bhimavaram-534243||"
}