{
  "email": "sushmithamsushmitham288@gmail.c",
  "mobile": "+6364574492410",
  "degrees": "[('BE', '2020')]",
  "EDUCATION": "2024 :|JSSSTU ( SJCE)|B.E|9.3(4 sem)|2020 :|Marimallapa PU college|Pre University|95%|2018 :|S't Joseph's High school|SSLC|96%|PROJECT|Density based traffic control and giving priority to emergency|vehicles :|in this project we try to control the traffic based on density and|hence providing the required time interval to that lane we have|used RFID technology to give priority to emergency vehicles|IOT based irrigation control :|",
  "LANGUAGES": "English Kannada Hindi (intermediate)|Sushmitha M||"
}