{
  "name": "Anushka Kashyap",
  "email": "kashyapanushka461@gmail.com",
  "mobile": "8696285021",
  "degrees": "[('XII', '2020'), ('X', '2016')]",
  "Technical skills": "* |Adobe Photoshop    |* |Adobe Illustrator       |* |HTML       |* |CSS                      |* |Figma                         |* |JavaScript    |Interest and Hobbies    |* |Painting |* |Cooking |* |Yoga |* |Reading |* |Meditation |MY SAMPLE WORK LINK:  https://drive.google.com/file/d/1gN-|qQkY7d61hxlpqCOVc3UZVHAxWlqt2/view?usp=sharing |Thankyou. ||",
  "education": "2020-2024           Bachelor of Technology |                               Civil Engineering |                               Vellore Institute of Technology, Vellore, Tamil Nadu |2017-2019            Class XII (Science) |                               Sunbeam English School, Bhagwanpur, Varanasi, Uttar Pradesh |2016-2017           Class X |                               Aacharya Shri Sudarshan Krishna Niketan, Patna, Bihar | |Position of Responsibilities |* |Design Member in The hindu Education Plus Club. |* |Design Member in VIT Animation club. |* |Member of Eride NGO. | |"
}