{
  "email": "hansisupritha@gmail.com",
  "mobile": "7893717780",
  "degrees": "[('SSC', '2020')]",
  "Technical Skills": " | Programming Languages            :                C, Java, Python | Web Technologies                      :                 HTML | |Expertise Areas:                                                                                                  | Data Base                                     :                  Data Base Management System |Linguistic Abilities: | English | Telugu |Personal Details: |Name                                  :             Gorrumuchu Supritha                                     |Father's Name                   :             Gorrumuchu Venkata Rao  |Date of Birth                      :             3rd October 2002  |Gender                                :             Female |Marital Status                    :             Single |Nationality                          :              Indian |Address                               :              Kabadipalem near eschol church,Ongole  |Hobbies                               :              Singing, Travels, Reading | |Declaration: |I hereby declare that the information given above is true to the best of my knowledge and belief. | ||",
  "education": " |COURSE |INSTITUTION |UNIVERSITY/ |BOARD |DURATION |PERCENTAGE/ |CGPA |B-Tech |II-Year |Shri Vishnu |Engineering |College For |Women |J.N.T.U kakinada |Pursuing |2020-2024 |8.35 |Intermediate |MPC |Narayana Junior |College |Board of |Intermediate |2018-2020 |93.2% |SSC |Kendriya |Vidhyalaya |Central Board Of |2017-2018 |74.8% | |"
}