{
  "mobile": "+91844815478",
  "degrees": "[('XII', '2020'), ('X', '2020')]",
  "education": " |Year |Degree/Certificate |Institute/Board, City |%/CGPA |2020 - 24 |B. Tech Software Engineering |Delhi Technological University (DTU) |9.5 CGPA (1st year) |2020 |Class XII   |Mount Abu Public School, Rohini Delhi-|110085 |95.4 % |2018 |Class X |Mount Abu Public School, Rohini Delhi-|110085 |92.6 % | |",
  "projects": " |Online Blood Bank Management | |1. Using C++, HTML, CSS, JavaScript, Node JS, Mongodb and SQL database, we're primarily developing an |online blood bank management system as a replacement for manual blood banks, which are |demanding, time-consuming, and space-consuming. |2. To improve the safety and efficiency of blood transfusions, a web application has been developed. |Chat Application |1. Recently, I've been working on a self-project that involves C++, data structures, and a standard template |library (STL). |2. The chat application is a console-based application using map and vector data structure and some |object-oriented paradigm which provides technology to bring people and ideas \"together\" despite the |geographical barriers. | |Airline Booking System |1. Using C language and File Handling. |2. It automates the flight booking process, allowing passengers to book tickets among the specific seats |available on numerous flights, hence increasing income. Airline timetables, costs, passenger reservations, |and ticket records are all aspects of it. |3. The system initially contains login feature for security purpose. |4.  The provision of: |* One-way and round-trip options are available, with the total price displayed. |* There is a choice between first class and economy class. |* Whether or if a food facility is required is also a feature. |Personal Website |1. As a self-practice, I am currently creating this website using HTML and CSS.  |2. It mostly serves to keep people up to date on my YouTube Channel. | | |OTHER SKILLS & HOBBIES | |Soft Skills:  |1. Teamwork (During my first year, I worked in groups on 5-6 projects (some of which were on distinct |subjects).) |2. Problem Solving |3. Leadership (Mentoring students since last year) |4. Quick Learner, Efficient Communication. | |Technical Skills: C, C++, C++ STL, HTML, CSS, Data Structures and Algorithms. |1. Video Editing (Premier Pro/Shotcut) |2. Audio Mastering (Audacity/FL Studio) |3. Photoshop | |Language: English, Hindi. |Hobbies: Playing Piano, Playing Badminton, Reading Books. | |DECLARATION | |I hereby declare that the information stated above is accurate to the best of my knowledge. ||",
  "experience": " |Presenting Piano Covers | On YouTube  |YouTube |Channel Name: - The Soulful Echo |March' 2021- Present Date |"
}