{
  "name": "Nikhil Yadav",
  "email": "nikhil.yadav2020@vitbhopal.ac.im=n",
  "mobile": "7509148488",
  "degrees": "[('Ms', '2020')]",
  "EDUCATION": "VIT BHOPAL UNIVERSITY|july 2020 - july 2024|Bachelors of Computing Science Computer science|Bhopal,India GPA: 8.501|",
  "SKILLS": "Programming Languages|C/C++, python, Java, Javascript|Libraries/Frameworks|React js, Web3 js|Tools / Platforms|Adobe photoshop, Ms office|Databases|Mongodb, SQL|",
  "CERTIFICATIONS": "* Blockchain Basics - Coursera|HONORS & AWARDS|* Mozilla Firefox Vit bhopal Technical core team member||",
  "projects": "SENTIMENTAL ANALYSIS USING NLP | Link|Python, Django, javaScript, Html, css|In this i have created sentimental analysis tools which read the tweets from particular hastags or user's|retweet and perform sentimental analysis.|TRUSTVOTE (DECENTRALIZED VOTING SYTEM) | Link|React js, Web 3 js, HTML, CSS, Mongodb,|Nodejs|With this project i was aiming to create a decentralized and secure voting system using blockchain|technology. through this project anyone can create election and only verified voter are able to vote.|AMAZON CLONE USING REACT JS | Link|React js, React - Redux, HTML, CSS, Mongodb, Nodejs|With this project i was aiming to create clone of amazon using react|"
}