{
  "name": "Ankur Kumar",
  "email": "ankurkumar82987@gmail.com",
  "mobile": "9693480587",
  "degrees": "[('BTech', '2020')]",
  "EDUCATION": "NATIONAL INSTITUTE OF TECHNOLOGY JAMSHEDPUR|Dec 2020 - July 2024|B.Tech Computer Science|Jamshedpur GPA: 8.5|JAWAHAR NAVODAYA VIDYALAYA , BEGUSARAI|May 2018 - March 2020|Intermediate PCM|Begusarai , Bihar GPA: 85%|",
  "SKILLS": "Programming Languages|C, C++, HTML, CSS, JAVASCRIPT, Data Structure & Algorithm|Libraries/Frameworks|Bootstrap|Tools / Platforms|Git, Git Hub|Databases|MySQL||"
}