{
  "name": "Pratham Singhal",
  "email": "pratham.singhal.ug20@nsut.ac.in",
  "mobile": "9910763",
  "degrees": "[('BTech', '2010')]",
  "Education": "2020-Present|B.Tech Information Technology, Netaji Subhas University of technology, Delhi,|CGPA - 7.90/10.|2018-2019|Higher Secondary Examination, Ch. Chhabil Dass Public School, Patel Nagar,|Ghaziabad, 92%.|2016-2017|Secondary Examination, Ch. Chhabil Dass Public School, Patel Nagar, Ghaziabad,|CGPA - 9.20/10.|Honours and Awards|Academic|.| Successfully completed both the milestone of 30 Days of Google Cloud Program 2021.| Secured 46 Global rank in Codechef September Challenge 2021.| Secured 184 Global rank in Codechef CodeChef Starters 11.| 3 star coder at Codechef.|",
  "Technical Skills": "Programming|Languages|C, C++, Python|Web|HTML, CSS|Operation|Systems|Windows, Ubuntu||"
}