{
  "name": "Navyasri Gabbita",
  "email": "gabbitanavyasri@gmail.com",
  "mobile": "9014197547",
  "degrees": "[('BTech', '2021'), ('SSC', '2021'), ('CBSE', '2021')]",
  "education": "Qualification|Institution|University|Year|passing|of Percentage|B.Tech|(3rd|year)|Shri Vishnu|Engineering|College|For Women|Jawaharlal|Nehru|Technological|University|Kakinada|2021|75.1|Intermediate|Sri|Chaitanya|Junior|College|Board|of|Intermediate|2020|84.0|SSC|V S|ST.JOHN'S|Higher|Secondary|School|CBSE|2018|78.3|Technical skills: Python, C, Java.|Certifications:|*|Oracle certificate in Database Management System.|*|LinkedIn certificates in HTML, CSS , Java, ReactJs, NodeJs.|*|Simplilearn certificate in Data Science Using Python.|Personal Details:|Father Name: G. V. Nanda Kishore|Mother Name: G. Rajeswari|Gender: Female.|Date of Birth: 27 January, 2003|Nationality: Indian.|Languages Known: Hindi, English , Telugu .|Address: Flat No : 506, SVS HOMES, Near HP Gas Company , Sai Nagar,|Gannavaram.|(Navyasri Gabbita)||"
}