{
  "name": "Himanshu Tanwar",
  "email": "tanwarhimanshu1603@gmail.",
  "mobile": "+91987025476",
  "education": "Delhi Technological University, -- B.  Tech|AUGUST 2020 - JULY 2024|Jinvani Bharti Public School, New Delhi|",
  "skills": "*|C++|*|Javascript|*|Bootstrap|*|Php|LANGUAGES|English, Hindi||",
  "projects": "EduNxt|A website in which College Resources are easily available and can be used|to get and post jobs for College Grads.|",
  "experience": "Co-founded a Website \"Theeskape.com\" which is a travel based site used|to suggest people Good places in New Delhi,India according to their mood.|The Website was made using wordpress.|"
}