{
  "name": "Prabhat Mishra",
  "email": "07prabhatmishra@gmail.com",
  "degrees": "[('BTech', '2020')]",
  "EDUCATION": "VELLORE INSTITUTE OF TECHNOLOGY, BHOPAL|October 2020 - November 2024|B.Tech Computer Science|Bhopal-Indore Highway GPA: 7.98|",
  "SKILLS": "Programming Languages|C++ Python Java|Libraries/Frameworks|React MongoDB|Tools / Platforms|VS CODE|Databases|SQL|",
  "projects": "MEDICAL PAGER | Link|raect.js, node.js, getstream|The Problem of loosing the loved ones is growing day by day due to lack of time the person cannot reach to|an expert. So , Medical pager connects a simple doctor to an expert doctor for better consultation and|guidance so that the patient can get cured.||"
}