{
  "email": "kumarikajal30356@gmail.com",
  "mobile": "9197176258",
  "degrees": "[('CBSE', '2017')]",
  "EDUCATION": " B. Tech - Computer Science Engineering                                     (2020-2024)   |Indira Gandhi Delhi Technical University for Women    | 12th Standard -CBSE                                                                            (2019-2020)   | Govt. Girls  Sr. Sec. School      | Percentage  : 82.2%   | 10th Standard - CBSE                                                                            (2017-2018)   | Govt. Girls  Sr. Sec. School      | Percentage  : 78%   |   |",
  "SKILLS": "Data Structure & Algorithm |Programming Language    | C, C++, Python,  |Database    | MySQL |Mongodb |Web Development | HTML|CSS|Javascript|Bootrap|Node.js, Express.js|React JS|Git GitHub|VS Code|  |Deveopment Tools | Git GitHub|VS Code|  |  ` |PROJECT    | Made a Frontend of online Book Shopping System    | Personal Portfolio, bootstrap project. | Fake News Detection using Machine Learning | |",
  "ACHIEVEMENTS": " [Google Developer Student Club, IGDTUW] Get Milestone in 30 Days Google Cloud |Program    | [NPTEL Joy of computing with python Course]   | Web development course completion   | |",
  "Languages": " | +919717625831  | kumarikajal30356@gmail.com                                                                                             KAJAL | https://github.com/kajal202                                                                                                       Student |       |  New Delhi | | |   |   |   |   |   |   |   |   |   |   |   |   |   ||"
}