{
  "email": "Mail:ridakhan1304@gmail.com",
  "mobile": "9195502504",
  "degrees": "[('BTECH', '1955'), 'MS']",
  "education": "B. TECH (IT) * 2020-2024 * BVRIT HYDERABAD COLLEGE OF |ENGINERRING FOR WOMENS |Engineering skills by attending formal education |programs, practical's of coding, gaining relevant |employment and pursuing certifications. | |INTERMEDIATE (MPC) * 2018-2020 * URBANE JUNIOR COLLEGE | |Studied diverse curriculum of Math's, Physics and chemistry.  |Gained knowledge of Statistics and probability.  |Electives - Economics, Home Sciences |CERTIFICATIONS. |Cloud Computing (2022) - Suyam, NPTEL |Troubleshooting (Basic) - Hacker rank.  |Python 3.X Programmer (Core) - AIMER Society.  |Certificate of Excellence - Supraja Technologies. | | | | |3 | | | ||",
  "skills": "Programming Languages - JAVA, C, C++, Python. |Java developer with knowledge on java script and Data |structure and algorithms (Basics). |Developed C programming in handling variables, data types |and C operations |Data Base - Sql/MySQL, MS Access |Proficiency in handling SQL quires to access, retrieve, |manipulate and analyze data for useful insights for better |decision-making process. | |MS Office - Excel, Access, PPT, Outlook & Word |Proficiency in Excel and ability to analyze data and visualize |data. |Proficient/corporate mailing capabilities. |Strong Documentation and presentation Skills. | |Data Visualization - Excel, Tableau, Google analytics. |Ability to convert data to design and build visualization and |analytics. |Generating Realtime analytics and stories of website URLs |through Google analytics. |Sound presentation capabilities using graphs, storytelling and |visualization.  |Basic Troubleshooting Capabilities |Active GIT and hacker rank user |Actively Learning Cloud computing and LINUX. | |2 |LANGUAGES KNOWN |* English - Professional. |* Hindi/Urdu - Native. |* Telugu - conversational.  | |VOLUNTEER |",
  "experience": "LEADERSHIP |Played Jokey role in campus radio |station and volunteer as key speaker. |Level 1: Ecommerce & Tech Quiz, |Flipkart Grid 4.0 - Software |development challenge. | | |"
}