{
  "name": "Ambala Cantonment",
  "email": "harshit1264@chitkara.edu.in",
  "degrees": "[('BE', '2017')]",
  "Education": "Convent Of Sacred Heart|10th Class|2017 - 2018|MAJOR RN DAV PUBLIC SCHOOL|12th Class|2019 - 2020|Chitkara University|Bachelor of Engineering - BE, Computer Science|2020 - 2024|",
  "Skills": "Java   *   Python (Programming Language)   *   Data Analysis   *   C++   *   Full-Stack Development   *  |Teamwork   *   Adaptability   *   Microsoft SQL Server   *   Cybersecurity   *   Operating Systems|HARSHIT . - page 1||"
}