{
  "name": "Anuraj Shukla",
  "email": "anurajshukla3112@gmail.com",
  "mobile": "+91799964848",
  "EDUCATION": "VELLORE INSTITUTE OF TECHNOLOGY BHOPAL|September 2020 - July 2024|Bachelor's in Technology Computer Science|India GPA: 7|GVN THE GLOBAL SCHOOL|April 2018 - July 2020|12th standard High School|Bhopal, India GPA: 9|DELHI PUBLIC SCHOOL, BHOPAL|April 2008 - March 2018|10th standard Secondary School|Bhopal, India GPA: 9|",
  "SKILLS": "Programming Languages|Java, Python, C, HTML, CSS, SQL|Libraries/Frameworks|Bootstrap, Sass, Java std library|Tools / Platforms|Linux, Figma, VSCode|Databases|MySQL|",
  "CERTIFICATIONS": "* Responsive Web Design - Freecodecamp||",
  "projects": "COVID TRACKER | Link|HTML, CSS, JS, PHP|Addressing the pandemic, we decided to make a website. The aim of our project was to make a user-friendly|website and to integrate different sites used during COVID-19 into a single website by using different APIs.|"
}