{
  "name": "Ashwin Shaji",
  "email": "ashwinshaji154@gmail.com",
  "mobile": "+919302314419",
  "degrees": "[('BTech', '2020')]",
  "EDUCATION": "VIT UNIVERSITY, BHOPAL|September 2020 - July 2024|B.Tech Computer Science|Bhopal, India GPA: 8.62|",
  "SKILLS": "Programming Languages|C++, Java, Python|Libraries/Frameworks|HTML, CSS, Javascript, Node Js|Databases|SQL|",
  "CERTIFICATIONS": "* Bits And Bytes of Computer Networking - Coursera|HONORS & AWARDS|* Gold Medal, NCO conducted by SOF|* Gold Medal, IMO conducted by SOF|* Gold Medal in MBD||",
  "projects": "RESUME BUILDER | Link|HTML, CSS, Javascript, Node JS, Mongo DB|With this project I aim to provide pathway to potential career to each and every user without any paid|subscription. It is ready to use, editable anywhere and anytime. More and unique template options available|as per the ongoing trend.|HEARTFIT | Link|HTML, CSS, Javascript, Google API'S|To predict the probability of a person suffering from a heart disease by taking inputs from daily lifestyle of a|person. Also calculating the BMI/BMR of a person and giving information about various heart diseases along|with an integrated chat bot for ease of communication.|"
}