{
  "email": "f20202067@hyderabad.bits-pilani.ac.in",
  "mobile": "2020206",
  "degrees": "[('BE', '2020')]",
  "EDUCATION": "B.E. in Computer Science and Information Systems|Hyderabad | November 2020 - June 2024|BIRLA INSTITUTE OF SCIENCE AND TECHNOLOGY, PILANI|CGPA:8.87/10|Coursework: Data Structures and Algorithms, Database Management Systems, Information Retrieval, C Programming,|Object Oriented Programming, Logic in Computer Science, Discrete Structures in Computer Science, Probability and|Statistics, Differential Calculus, Linear Algebra and Complex Numbers|LILAVATIBAI PODAR HIGH SCHOOL|Mumbai | 2018-2020|ISC: 97%|GEMS MODERN ACADEMY|Dubai | 2006-2018|ICSE: 97%|",
  "PROJECTS": "NSS BPHC APP |AUGUST 2021 - PRESENT | DART, FLUTTER, HTML, OBJECT ORIENTED DESIGN|A mobile application for the students of NSS in our college to register for events and receive points on the basis of|participation, give feedback and buy merchandise. Enhanced front-end by improving UI-UX via implementing scroll view,|modifying button padding and enabling access to users to view registered student names for a particular event.|Currently improvising utility features in admin login such as editing of events, deletion of events and implementing|notifications when a new event is created|WIFI CONFIGURATION ON ANDROID DEVICES |JAN 2022 - PRESENT | JAVA, ANDROID STUDIO|A mobile application developed based on the knowledge of computer networks which calculates and gives information on|the characteristics such as RSSI, maximum and minimum data transfer and upload speed of the connected network.|Implemented Arduino code to generate a wifi access point using ESP32. From this, inferences were made on how the|RSSI value changes with distance from the network and number of connected devices to the network. Currently writing a|research paper on the project research carried out.|COURTROOM MANAGEMENT SYSTEM |APRIL 2022 | DJANGO, MYSQL, HTML/CSS|A web application that contains 4 different users: client, lawyer, judge and admin. Implemented the different login and|registration authentication. Optimised the features in the application to file a case, submit evidence, give a verdict and|view cases relevant to the profiles. Enhanced dynamicity of the code to enable deleting of judges and lawyers if they are|not involved in any ongoing cases.|CAR PARKING SLOT BOOKING |NOVEMBER 2021 | JAVA, SPRING BOOT, MYSQL, HTML/CSS|A web application to enable users to book a parking slot for a maximum of 12 hours according to their chosen timings, opt|for extra facilities like car wash, air filling etc., give feedback and make payment via Razorpay. Enhanced authentication|mechanism by enabling login via Gmail through Google Developer's Cloud Console. Implemented back-end connection|to MySQL database to store client's registration details, worker's details, booking information and feedback. Optimised|the code by configuring extraction, removal, updation and deletion of the data in the database.|BOOLEAN INFORMATION RETRIEVAL SYSTEM |MARCH 2022 | PYTHON, NLTK, NUMPY|Implemented information stopword removal, stemming and lemmatization. Optimised system by adding features of|spelling correction using edit distance and wildcard query handling using permuterm technique|VENDIMAN - VENDING MACHINE |APRIL 2022 | C++, STL|Implemented a vending machine using stl data structures such as vectors, maps and pairs. Optimised the code to allow|user to buy items, pay money in specific denominations, receive change with the same denominations, delete items and|denominations, add items and denominations as well as re-stock the items and money in the machine.|",
  "SKILLS": "Languages: Java, C++, C, Python, Kotlin, Dart | Web Development: Java, JavaScript, Bootstrap, HTML/CSS, Django|Technology: Spring Boot, MySQL, Flutter, Android Studio, Github | App Development: Kotlin, Java, Dart, HTML/CSS|AWARDS AND RECOGNITIONS|ICPC ALGOQUEEN|FEBRUARY 2022|Qualified for semi-finals. Secured rank 34 out of 200+ participants|GOOGLE HASHCODE QUALIFICATION ROUND 2022|FEBRUARY 2022|Secured rank 8713 out of 10000+ participants|GOOGLE KICKSTART ROUND B 2022|APRIL 2022|Secured rank 1745 out of 8000+ participants|LEADERSHIP EXPERIENCE & ORGANISATIONS|TOASTMASTER|JULY 2020 - PRESENT|Received Golden Feather Award. District Level Competitor in Contests|Core Team Member - Computer Science Association|JAN 2020 - PRESENT|Organised and hosted tech-related talks, workshops, seminars and events which had a turnout of over 100||"
}