{
  "email": "f20191482@hyderabad.bits-pilani.ac.in",
  "mobile": "2019148",
  "degrees": "[('BE', '2019')]",
  "education": "B.E. Electrical and Electronics Engineering,|Birla Institute of Technology and Science, Pilani (BITS Pilani),Hyderabad Campus|2019 - 2024|Msc Chemistry,|Birla Institute of Technology and Science, Pilani (BITS Pilani),Hyderabad Campus|2019 - 2024|",
  "skills": "Programming|C,C++,Python,JavaScript|Backend|Express,MySQL,Django,MongoDB,React|Technologies|Git, REST APIs|",
  "projects": "Spoken Tutorial. Created a Web Application using Django framework to convert Text to Speech and embedding|the generated audio to a user specified video|Map Built a Navigation Web Application using Mapbox with path suggestion and distance from source to destination|calculation|XCos|Built a Web Application using React to render charts using HighCharts and taking instructions using|EventSource Web API|",
  "experience": "Software Testing Intern|May 2021-July 2021|Congruent Solutions|Chennai|* Testing of Webpages using .NET and C|* Validation of the data using Selenium WebDriver|Lead Developer|January 2020-August 2020|77s|Pune|* Developed and maintained Web App using React.|* Optimized rendering of 3D components in browser.|* Enhanced performance of Web App and it's Load times.|FOSSEE Intern|May 2022(Ongoing)|IIT Bombay|Mumbai|* Extending XCos on Cloud platform|* Rendering Charts using HighCharts|* EventSource WebAPI for Taking Instructions|EXTRA-CURRICULAR ACTIVITIES|* Rhok Hackathon- Executed a way for earthquake caution using sensors|* Verba Maximus- Organising committee member|* Uber Hackathon-Qualified till second round|* Kickstart-Participation With AIR(8317)|INTERESTS|* Badminton|* Swimming|* Esports|* Reading Novels||"
}