{
  "email": "rupin20571@iiitd.ac.in",
  "mobile": "2020571",
  "degrees": "[('BTech', '2020'), ('CBSE', '2020')]",
  "education": " |Indraprastha Institute of Information Technology, Delhi |B.Tech (CSAI) |2020 - Present |CGPA: 8.00 |(till 3rd Semester) | |Delhi Public School, Faridabad, Haryana |CBSE 12th Standard |2019 - 2020 |Percentage: 94.6 |Delhi Public School, Faridabad, Haryana |CBSE 10th Standard |2017 - 2018 |Percentage: 96.8 | |",
  "skills": " |Expertise Area |Object oriented programming, Data Structures and Algorithms |Programming |Language |Java, Python, C |Tools and |Technologies |Git, IntelliJ |Technical |Electives |Advanced Programming in Java, Statistical Machine Learning, Probability |& Statistics, Data Structures & Algorithms, Operating Systems, Database |Management Systems | |",
  "projects": " |Database Design for an Online retail store        (Feb,22 - Apr,22) |Guide: Dr. Mukesh Mohania |Designed a database for an online store using MySQL, identified |various stakeholders, identified and implemented appropriate |constraints on the data, used SQL features like triggers, procedures |etc., made a GUI for managing inventory, placing orders and other |important functions. | | | |Will Hero Game                                                 (Oct, 21 - Dec, 21)     |Guide: Dr. Vivek Kumar | |Implementation of the popular game Will Hero using JavaFX and   |applied concepts of object oriented programming |Rupin Oberoi |2020571, Email: rupin20571@iiitd.ac.in |DOB: August 14, 2002 |Address: B-39, First Floor, Ashoka Enclave-2, Sector-37, |Faridabad |Two pass Assembler and Simulator                 (Aug, 21 - Sep, 21) |Guide: Dr. Tammam Tillo | |Two-pass assembler made in Python to convert assembly code to machine code  |and simulator to show values stored in registers after every instruction. | | |Prototype of Shopping Application                   (Mar, 21 - Apr, 21) |Guide: Dr. Rajiv Ratn Shah | |Made a high-fidelity prototype of an application, for buying plants and |maintaining them, using Figma. | | | |Awards and Achievements | | |JEE Advanced AIR 2722 and 99.82 percentile in JEE Mains 2020 | |Awarded NTSE scholarship and cleared KVPY SA stage-2 with AIR 81 | |Interests and Hobbies | | |Playing badminton | | |Declaration: The above information is correct to the best of my knowledge. |Rupin Oberoi |Date: April 20, 2022 | | | | | ||"
}