{
  "email": "raghav20397@iiitd.ac.in",
  "mobile": "2020397",
  "degrees": "[('MS', '2021')]",
  "education": " |Indraprastha Institute of Information Technology, Delhi                         |(IIIT Delhi) |B. Tech in Computer Science and Applied Mathematics |January 2021 - Present |CGPA: 8.0 |(Till 3rd Semester) | |Modern Convent School, Dwarka, Delhi  |Class 12th - Central Board of Secondary Education (CBSE) |2019 - 2020 |Percentage: |95.8% |Modern Convent School, Dwarka, Delhi  |Class 10th - Central Board of Secondary Education (CBSE) |2017 - 2018 |Percentage: |93.6% | |",
  "skills": " |Expertise Area |Object Oriented Programming, Data Structures and Algorithms, |Database Management |Programming |Languages |Java, Python, C++, C  |Tools and |Technologies |MySQL, Django, JAVAFx, Git/GitHub, Linux, Figma, MS Office |Technical |Electives |Data Structures and Algorithms, Advanced Programming in JAVA,  |Algorithms Design and Analysis, Operating Systems, Theory of |Computation, Database Management Systems, Computer Organization, |Intro to Human Computer Interaction | |Internship | |RaffleDAO (Digital Marketing)  | | | |        Dec 2021- Jan 2022 |Using social media applications like Twitter and Discord,                    Team Size- 8 |contributed to build the community for the DAO. | |",
  "projects": " |Snakes and Ladders Game Clone |Guide: Dr. Koteswar Rao Jerripothula |Nov 2021-Dec 2021 |Team Size- 2 |Using JAVA/JAVAFx, developed the clone of Snakes and Ladders (by Hippo Labs)                                     |Followed OOPS Design Concepts and made UML and Class Diagrams.         |Raghav Sharma |2020397, Email: raghav20397@iiitd.ac.in |DOB: July 15, 2002 |Address: Flat 3504, Sanchar Vihar |Apartments, Sector 4 Dwarka, New Delhi | | | |Flopkart (Online Retail Store System)                                         Feb 2022- April 2022                       |Guide: Dr. Mukesh Mohania                                                          Team Size- 4                                  |Using MySQL, Django, HTML, CSS and JavaScript made an                                              |e-commerce website with a database catering to all the stakeholders                                   |identified (Customer, Employee, Admin).                                                                                               |Sukoon |Guide: Dr. Grace Eden |Jan 2021 - April 2021 |Team Size- 5 |Using Figma, created a prototype for our app called Sukoon. |This app would encourage users to improve their mental health. Users can log their mood |using emojis and track them as well, along with a daily diary to write their thoughts. |Positions of Responsibility | | |Member | Machaan, IIITD |Jan 2021- Present | |Group Leader for Induction'21, IIITD |Dec 2021- Jan 2022 | |Finance & PR Team Member | GirlUp Seher (NGO) |Oct 2021- Mar 2022 | |Awards and Achievements | | |Received scholar award for 5 years during school. | |Interests and Hobbies | | |Esports, Solving puzzles | |Theatre, Music | | |Declaration: The above information is correct to the best of my knowledge. |Raghav Sharma |Date: April 27, 2022 | | | | |                         ||"
}