{
  "name": "Abhinav Panwar",
  "email": "abhinavpanwar812@gmail.com",
  "mobile": "+919084050081",
  "degrees": "[('BTech', '2020')]",
  "EDUCATION": "GRAPHIC ERA HILL UNIVERSITY|July 2020 - July 2024|B.Tech Computer Science and Engineering with ML & AI|Dehradun|GPA: 8.9|",
  "SKILLS": "Programming Languages|Python, C, C++|Libraries/Frameworks|numpy, pandas, sklearn|Tools / Platforms|Xcode, VSCode|",
  "projects": "FAKE NEWS DETECTION | Link|Jupiter Notebook, Random Forest Classifier, Count Vectorisation,|numpy, pandas, sklearn|I have proposed a Fake News Detector so as to tackle the scam and fake rumors spreading around the world.|In the last, this model was trained enough to tell whether the news is fake or real.|HONORS & AWARDS|* Passed Microsoft Azure Fundamentals(AI-900) Exam||"
}