{
  "email": "20wh1a0236@bvrithyderabad.edu.in",
  "mobile": "+91998905217",
  "SKILLS": "C|Animation|C++|SK NAFEESA KHAISAR|PALVONCHA,BHADRADRI KOTHAGUDEM DISTRICT,|TELANGANA-INDIA|",
  "EDUCATION": "B TECH - Electrical and Eectronics Engineering|2020-2024|BVRIT HYDERABAD-TELANGANA-INDIA|CGPA:7.5|INTERMIDIATE - MPC|2018 - 2020|SRI NALANDA JUNIOR COLLEGE, KOTHAGUDEM,|TELANGANA-INDIA|Passed with 90%..|SECONDARY SCHOOL|2018|SRI CHAITANYA SCHOOL-PALVONCHA-BHARADRI|KOTHAGUDEM DISTRICT ,TELANGANA,INDIA|Passed with 9.5 GPA|PARTICIPATION|co-ordinator for naveena event conducted on the|eve of innovation day|oct 2022|Selected in coding ninjas campus Ambassador pro-|gram|May 2022|DAKSHA EVENT -PAPER PRESENTATION|APRIL 2022|ANURAG UNIVERSITY, HYDERABAD-Paper Presen-|tation on AI IN POWER SYSTEMS|Wrote article in BSMART - College Magazine|2022|Based on Autonomous Drone technology for Human|rescue operation.|WE HUB|2022|Idea Presentation|Idea Presentation|2021|INNOVATHON - UNDER MEDHANVESH,HYDERABAD|WCSEM - BANGLADESH|2020|Paper presentation on Quantum computing in Enegy|systems|CERTIFICATION|MATLAB ON RAMP|2022|",
  "ACHIEVEMENTS": "WON SECOND PRIZE IN|SMART IDEA|CHALLENGE-2021|Under|MEDHAVESH,National|level Students Tech Fest|QUALIFIED IN MSME IDEA|HACKATHON-2022|Under|MSME|ICUBATION|SCHEME|Daksha event participation Certificate|2022|Smart Idea Challenge second prize won Certificate|2022|Driverless car workshop certicate|2022|",
  "PROJECTS": "NEED FOR SPEED|2021|Tool: Python,LATEX,GITLAB|Leader of the team,The needle of the cars speedometer was fell off and|it was glued back again thus when the speedometer reads s speed it true|speed is s+c c is the absolute error in the speedometer.|WORKSHOPS|DESIGN THINKING WORKSHOP|April 2022|IIITHYDERABAD-TELANGANA|DRIVERLESS CAR WORKSHOP|DEC 2021|Conducted by TECH TRUNCK-Workshop was con-|ducted for 3 days,I wasthe leader of the team and|we together made a small chasy,Driverless car.||"
}