{
  "email": "bhavyasriguduri@gmail.com",
  "mobile": "7396397779",
  "degrees": "[('BTech', '2024'), ('SSC', '2024')]",
  "Skills": "* HTML5 |* Css , java script |* C |* Python | |",
  "Strengths": "* |Communication Skills |* |Team work |* |Self confidence |* |Positive attitude |* |Public Speaking | |Hobbies: |* |Reading Books |* |Listening to music |Personal profile: |Name   | |             :      |G Bhavya Sri |Father's Name  | |:      |G D S Giridhar |Date of Birth    |             :      |12-10-2002 | |Gender  | | |:   |Female |Nationality  | | |:  |Indian  |Marital Status   |             :  |Unmarried |            Languages Known  | |:  |English, Telugu, Hindi |Declaration: |I hereby declare that, the above mentioned information is true to the best of my |knowledge and belief.  | |                                                                                                                   ( G Bhavya Sri ) | |                                                ||"
}