{
  "email": "manik20519@iiitd.ac.in",
  "mobile": "2020519",
  "degrees": "[('BTech', '2020')]",
  "education": " |Indraprastha Institute of Information Technology Delhi (IIIT |Delhi) |B.Tech CSB |2020 - Present |CGPA: 7.13 |(till 3rd Semester) | |Modern Public School, Shalimar Bagh, Delhi |Central Board of Secondary Education(CBSE) |2017 - 2019 |Percentage: 91.4 |Modern Public School, Shalimar Bagh, Delhi  |Central Board of Secondary Education(CBSE) |2004 - 2017 |CGPA: 10 | |",
  "skills": " |Expertise Area |Data Structures and Algorithms, Object Oriented Programming using |JAVA, Operating Systems, Database Management System |Programming |Language |C++, JAVA, Python, SQL, R, JavaScript |Tools and |Technologies |VS CODE, IntelliJ IDEA, Git, Github, R Studio, MATLAB, Figma, Canva | |Technical |Electives |Advanced Programming, Data Structures and Algorithms, |Econometrics-1 | |",
  "projects": " |Snakes and Ladders Game |Guide: Koteswar Rao Jerripothula |(Oct,21 - Dec,21) |Team Size-2 |Snakes and Ladders Game based on Object-Oriented Programming in Java. |Tech Stack Used: JAVA, JAVAFX                         |Github:manik1729arora/SnakesAndLadders |Online Taxi Management System(In Final Stage) |Guide: C. Anantaram |(Feb,22 - April,22) |Team Size-4 |Designed a Database Management System for a Taxi company as a part of DBMS course. In |this system, a user can book taxi, see bill details, trip details and give feedback to the |company. |Tech Stack Used: SQL, Python, HTML, CSS, JavaScript |IIITD SPORTS |Guide: Grace Eden |(Jan,21 - Apr,21) |Team Size-5 |Manik Arora |2020519, Email: manik20519@iiitd.ac.in  | |DOB: Nov 05, 2000 |Address: A-3, 171-172, Sector-16 Rohini, Delhi-89 |Phone Number :+91 7042344263 | | |Designed User Interface of a mobile app which can track live occupancy of sports facilities, |display equipment repository and provide news about everything related to sports in IIITD. |Tech Stack Used: Figma                                                                                        |Github: manik1729arora/IIITD-SPORTS | |Positions of Responsibility | |* |Board Member/Content Team Member, E-Cell, IIIT Delhi |(Feb,22 - Present) |* |Content Team Member, FINNEXIA (Finance Club of IIIT Delhi) |(Feb,22 - Present) |* |Member of Student Jury in High School |(Apr,17 - Apr,18) | |Awards and Achievements | |* |Cleared Google Code Jam 2022 Qualification Round, further rounds are yet to be |conducted |* |2nd Position in Tech Quiz organized by TRIVIALIS (Quiz club of IIIT DELHI) |* |2nd Position in BIZ Quiz organized by FINNEXIA (FINANCE club of IIIT DELHI) |* |Academic Excellence Award in class 10 for 10 CGPA | | |Interests and Hobbies | |* |Competitive Programming |* |Football  |* |Swimming |* |Designing Instagram Posts for College Clubs | | |Declaration: The above information is correct to the best of my knowledge. |Manik Arora |Date: April 12, 2022 | | | | | ||"
}