{
  "name": "Sneha Michelle",
  "email": "vsnehamichelle@gmail.com",
  "mobile": "+91866709149",
  "degrees": "[('MS', '2013'), ('x', '2021')]",
  "Skills": "Languages known|Contact|CERTIFICATIONS|Fundamentals of Graphic Design offered by|CalArts:|https://coursera.org/share/b5fe364dbbee59b95b|a7e36ff8f7250a|Java Programming: Solving Problems with|Software offered by Duke University:          | https://coursera.org/share/2edd7f5a7bf5bd4ffbf|49260afbe1bb3|Responsive Web Design offered by|freeCodeCamp:|https://www.freecodecamp.org/certification/fcc2|d537e34-26db-4b46-a279-|6a090e314f76/responsive-web-design|The Ultimate Character Design School offered|by Udemy|Completed A1 Level of French.|",
  "Projects": "GREEN OR GONE|GoG: Green or gone is a game that promotes the growth of trees. This is a first-|person game where the player is holding an ax and is supposed to dodge the|trees coming towards them. Based on the distance covered, the player levels up.|Depending on the level gained and distance covered, trees are planted in real|life, and coupons for shopping can be earned. Coins can be earned from the game|and they can be used to either donate it to NGOs or the player can personally|plant a tree and based on the growth of the tree recorded, various incentives like|coupons are given.|LESSGOO!|Since G-maps does not have any feature of warning dug-up roads or lack of|streetlights, it makes new people to the area prone to getting stuck there and|maybe leading to accidents. Hence, we could create a website that gets reviews|from local people of that area/street and post them on this website along with|the exact location on G-maps.Example: Users can mark a particular place/street|and mention \"Roads have been dug up\"/\"No street lights here\"/\"Place where lots|of dangerous gangs gather\" etc. This will be useful to both the people there and|the tourists coming to that area, they can search up the street and find reviews.|Additional features could be that they can have a different section page where|the people of that particular locality or anyone interested can sign petitions to|finish roadwork in that area or whatever needs to be corrected to make that area|a safer place for everyone!|DEVLOVE|DevLove is a dating app created exclusively for developers of any and all|backgrounds. The app focuses on developers who have busy schedules and full-|time jobs who find it difficult to maintain a dating life. DevLove aims to bring|people together and develop a relationship with people with similar interests|and mindsets.|https://docs.google.com/presentation/d/1HQEreRlUMQA30RVcUX0Ve0R9IdqVV4|W8N5kPWUUjNTQ/edit?usp=sharing|GESTURE RECOGNITION PROJECT|I had created a Machine Learning model using OpenCV, numpy, pyautogui,|mediapipe libraries which recognizes the users' hand movements and do various|functions like mouse control, volume control, brightness control, and scrolling. |Namslay26/gesture-recognition-project: My first Machine Learning project using|OpenCV, numpy, pyautogui, mediapipe and more! (github.com)|PLAGCHECK|PlagCheck is a one-of-a-kind plagiarism checker. It is a website that takes input|as two text files from the user and returns the similarity between the two text|files. It is also a chrome extension, making it easier for the user to access the|website. HTML,CSS, Python Flask was used to make this project. |Namslay26/PlagCheckk: PlagCheck is a plagarism checker which checks for|similarity between files and returns the similarity between the two files.|(github.com)||",
  "education": "Completed 10th in Holy Angels' A. I|Higher Secondary School, Chennai|with 94.8% in boards in 2018.|Completed 12th Holy Angels' A. I|Higher Secondary School, Chennai|with 93.5% in boards 93.6% in STEM|subjects) in 2020.|Currently pursuing Bachelors in|Technology in Computer Science and|Engineering at Vellore Institute of|Technology, Vellore with a GVSDP|Scholarship (current CGPA of 8.75).|Python, C, C++, C#, HTML, CSS, Java,|Dart, SQL, R.|Software|Figma, Notion, MS Excel and Google|Spreadsheets, Android Studio (Flutter),|Illustrator, Canva, Lens Studio, Unity.|ACHIEVEMENTS|Won third prize in state-level inter-school science-exhibition competition|conducted by local news channel Puthiya Thalaimurai in 2013.|POSITIONS HELD|Currently Design Head of The Hindu Education Plus Club VIT.|Editor-In-Chief of the school's Editorial Board for the academic year 2018-19.|Student Prefect for the Student Council for the academic year 2017-18.|PARTICIPATION|Participated in Hackathon, 'HackBattle'20' conducted by IEEE-CS, VIT in|December'20.|Participated in Hackathon, 'Access Denied' conducted by ISTE-VIT in|March'21.|Participated in Design Hackathon, 'Palette' conducted by IEEE-VIT and won|second place in the 'Discordees' subevent.|Participated in the Girls x Tech Design Bootcamp 2021.|Attended a workshop on Machine Design with Fusion 360 |Attended a workshop on Machine Learning and Artificial Intelligence |Attended a workshop on Snapchat Lens AR |Attended a workshop on Web Development conducted by LICET|Attended a workshop on App Development using Flutter conducted by LICET|Attended a workshop on Basics of Python conducted by LICET|HOBBIES AND INTERESTS|Playing the guitar|Calligraphy|Sketching |Graphic Design and UI design |PERSONAL DETAILS|Age: 19 (26/09/2002)|Gender: Female|Languages known: Tamil, English, French, Mandarin. |"
}