{
  "email": "sejalchauhan129@gmail.com",
  "mobile": "9113186995",
  "degrees": "[('BTech', '2020'), ('XII', '2020')]",
  "EDUCATION": "VELLORE INSTITUE OF TECHNOLOGY BHOPAL|08/2020 - 04/2024|B.Tech Computer Science|Bhopal GPA: 7.96|PRIMUS PUBLIC SCHOOL|05/2017 - 04/2019|XII Science|Muzaffarpur, Bihar GPA: 8.33|",
  "SKILLS": "Programming Languages|Java, Python|Libraries/Frameworks|JQuery, BootStrap|Tools / Platforms|Eclipse, VS Code, PyCharm, Git/Github|Databases|MongoDB, MySQL|",
  "projects": "HOSPITAL MANAGEMENT SYSTEM | Link|Coded a hospital management system using Python to store details of patients just by entering their name.|HACKTOBERFEST 2021|Successfully Contributed as a beginner into this open source program|HONORS & AWARDS|* Hack The Terminal : Geeks for Geeks|* Qualified Accenture Innovation Challenge: Round 1|* Code for Upstart League||"
}