{
  "name": "Gaddam Sathwika",
  "email": "gaddamsathwikareddy1607@gmail.com",
  "mobile": "5003110",
  "degrees": "[('BTech', '2020'), ('X', '2018'), ('SSC', '2018'), ('Btech', '2002')]",
  "Achievements": "*|Built a Game - Sudoku using python.|*|Built a Game - Futoshiki , a Japanese game using python.|*|Bagged second place in Step Catalogue,a coding competition organized by|BVRIT Narsapur.|*|Academic topper in Btech 2nd year 1st semester.|",
  "Skills": "*|Problem solving skills|*|Management Skills|*|Active Listening|*|Teamwork|Personal Information|Father's Name|:|Gaddam Santhosh Reddy|DOB|:|16/07/2002|Gender|:|Female|Languages Known|:|Telugu, Hindi,|English|Hobbies|:|playing Kho-Kho, exploring new technologies.|Declaration|To the best of my knowledge the above statements are true and I understand that withholding|or misstating any fact may result in the refusal for placement.|Place: Hyderabad|(Gaddam Sathwika)||"
}