{
  "email": "RAPAKANEELAMANIKANTA@GMAIL.COM",
  "mobile": "7675006209",
  "degrees": "[('SSC', '2020')]",
  "EXPERIENCE": "JULY 2020 - DEC 2020 |ASSISTANT OF EXCUTIVE ENGINEER, |PUBLIC HEALTH ENGINEERING DEPARTMENT, GOVERNMENT OF TELANGANA | |",
  "EDUCATION": "2021-2024 |B. TECH,  |B V RAJU INSTITUTE OF TECHNOLGY(BVRIT)  |COMPUTER SCIENCE AND ENGINEERING, DATA SCIENCE |8.69 |2018-2021 |DIPLOMA,  |GOVERNMENT POLYTECHNIC KOTHAGUDEM,  |CIVIL ENGINEERING |9.73 | |2018 |SCHOOLING,  |SR DIGI SCHOOL, WARANGAL  |SSC TELANGANA |9.73 | |",
  "SKILLS": " |Python | |Html  | |CSS | |Auto CAD | | | | | | |leadership | |Critical Thinking | |Time management | |2 |",
  "LANGUAGES": " ENGLISH | TELUGU | HINDI | |HOBBIES | READING NEWS PAPER | LISTENING MUSIC | TRAVELLING |        |LICENSES & CERTIFICATIONS  |    * SQL(BASIC) - HACKERRANK |    * HTML - SOLOLEARN |    *CSS - SOLOLEARN |    *RESPONSIVE WEB DESIGN - SOLOLEARN  |       |CONTACT DETAILS |     |      PHONE NUMBER- 9110300327,7675006209 |      EMAIL                   - RAPAKANEELAMANIKANTA@GMAIL.COM |      LINKEDIN             - NEELAMANIKANTA RAPAKA | | |SUMMARY | |TO WORK AS A SOFTWARE ENGINEER APPLYING MY KNOWLEDGE IN THE FIELD OF TESTING, DESIGNING, |AND MAINTENANCE TO CATER TO THE SPECIFIC NEEDS OF THE PEOPLE. I WISH TO WORK IN A TEAM OF |MOTIVATED INDIVIDUALS WHO WISH TO WORK TOWARDS THE ADVANCEMENT OF THE COMPANY AND |ITS GOALS. | ||"
}