{
  "email": "Email:christaelsalinu@gmail.com",
  "mobile": "2000015",
  "degrees": "[('BTech', '2000'), ('XII', '2000'), ('CBSE', '2000'), ('X', '2000')]",
  "Positions of Responsibility": "*|President of Social Media Cell,|2021 to present|School Of Engineering|Jawaharlal Nehru University|*|Social Media Head|Aug 2021 to Dec 2021|Drushyam, Photography Club|School Of Engineering|Jawaharlal Nehru University|",
  "Projects": "* Contributed to the development of an Indo-Russian website on the frontend.|Extracurricular Activities and Co-Curricular Activities:|*|Was President of a Students Community during 2018 -2019 in Al-Jubail, Saudi|Arabia|*|Among the 2 selected to represent the School of Engineering at Fr. Conceicao|Rodrigues Memorial Debate '21|*|Participated in the eYantra eYRC, 2021|*|Won many debates and speech competitions at the school level|Hobbies:|Art and Drawing, Reading, Ukelele, Dancing||",
  "education": "Year|Degree/Examination|Institution/Board|CGPA/Percentage|2020-present|B.Tech-CSE|Jawaharlal Nehru|University|7,79%|2020|Class XII|International Indian|School,Al-Jubail,KSA|CBSE|89.8%|2018|Class X|International Indian|School,Al-Jubail,KSA|CBSE|86.6%|Internship Experience:|*|Intern in Artemis Foundation|June 2021 - July 2021|*|Campus Ambassador to IIM, Banglore|July 2021- Aug 2021|Technical Skills/ Certifications:|*|Programming Languages    : C, C++, HTML,CSS|*|Engineering Software          :Matlab|*|Other Software                    : Microsoft Word, PowerPoint, Excel, Visual Studio|"
}