{
  "email": "20wh1a0598@bvrithyderabad.edu.in",
  "mobile": "7995683472",
  "Technical skills": "Programming languages - oops and problem solving in C++, Basics in Java, python basics. |Data Structures - arrays, recursions, stacks, queues, linked lists, trees. |Algorithms - linear search, binary search, bubble sort, selection sort, insertion sort, merge sort          |Markup languages - HTML, CSS |Databases - SQL | | |",
  "PROJECTS": "THE GREAT WALL GAME - Python - A game where the minimum number of moves of stones |are counted resulting in a great wall. |PERSONAL WEBSITE - Developed a front end web page using HTML, CSS. |Certificates |Level 1: E-Commerce & Tech Quiz |Flipkart GRID 4.O - Software Development Challenge (Participation) |Codegoda 2022 programming competition |Organized by Agoda(Participation) |",
  "Languages": "ENGLISH |TELUGU |HINDI |",
  "INTERESTS": "Photography |Playing guitar |INTERPERSONAL SKILLS  |Confident honest and determined, have good communication |Ability to cope up with different situations |PERSONAL DETAILS  |DATE OF BIRTH - 23 OCTOBER 2003  |NATIONALITY- INDIAN | | | ||",
  "education": "B. Tech                                                                                                                                                  (2020-2024) |BVRIT HYDERABAD COLLEGE OF ENGINEERING FOR WOMEN |COMPUTER SCIENCE AND ENGINEERING |7.92 |Intermediate   | | | | | | | | |(2018-2020)  |SRI CHAITANYA JUNIOR KALASALA  |90%  |10th standard  | | | | | | | | | (2018)  |Keshava Reddy school  |10.0 |KEY SKILLS |Active listening |Communication skills |Coding |Creative ideas and thoughts |"
}