{
  "email": "pranjalisinghal@gmail.com",
  "mobile": "9643051751",
  "degrees": "[('BTech', '2020')]",
  "education": " | Name of course |Year |Score  | BTech (Till 4th Semester) |2020-2024 |Thapar Institute of Engineering and |Technology, Patiala |  8.51 | | | | | | | | AISSCE (Class XII) |2020 |Amity International School, Saket |97.6%  | | | | | | | AISCE (Class X) |2018 |Amity International School, Saket |96.8%  | | | | | | | | | | | | | | | | | | | | | |",
  "skills": " | |Programming Languages: Python, C, C++, MATLAB, Java| |Web Technologies: HTML5, CSS3, JavaScript, ReactJS | |Libraries: NumPy, Pandas, Matplotlib, Seaborn, TensorFlow, Keras | | |Technologies: Machine Learning, Deep Learning, Natural Language Processing (NLP) | |Additional: Adobe Photoshop, Figma | |IMPORTANT TECHNICAL COURSES | | |Introduction to Data science in Python (University of Michigan) | |Applied Plotting, charting and data representation in Python (University of Michigan) | |Applied Machine Learning in Python (University of Michigan) | |Machine learning (Stanford university) | |Neural Network and Deep Learning (Stanford university) | |Improving Deep Neural Networks: Hyperparameter Tuning, Regularization and Optimization |(Stanford university) | |Structuring Machine Learning Projects (Stanford university) | |Convolutional Neural Network (Stanford University) | |Sequence Models (Stanford university) |    DECLARATION | |I hereby declare that the details furnished above are true and correct to the best of my knowledge and belief. | ||",
  "experience": " | |Internship Machine Learning and Deep Learning Research (June -Aug'21) at Delhi Technical |University(W) | |Internship at Centre for Advance Computing (Jun'2021-Present) | Working on developing a robust model for intent identification and name entity extraction in |healthcare domain to ease the interaction with the patient in outpatient department of hospital . | |Pursuing following Research Internship at present: | 'Improving Sentiment Classification using BILSTM attention fusion with CNN gating |mechanism 'under Prof. ACS Rao, IIT Dhanbad | Research paper under review in Journal of Cluster computing  | 'Using active learning for multimodal brain tumor segmentation using limited labelled |images ' under Prof. Joohi Chauhan, IIT Ropar |ACADEMIC PROJECTS | | |Sentiment Analysis of Internet Movie Data Base (IMDB) reviews, Hotel Reviews and Google play Store |Reviews using Machine learning deep learning and Transfer learning models|- |Involved classification of reviews from the datasets taken and their categorization based on the polarity |usingmachine learning algorithms and neural networks.| |Spam and Ham Emails detection  |- |Developed a Spam mail detection method for classification of mails as spam or ham. Various machine |learning algorithms were applied for optimization and best result was improved using hyper-|parameterized tuning.  |- |Accuracy of developed method was further improved using Long Short Term Memory (LSTM). | |Chatbot for Mental health Patients  |- |Developed a chatbot for mental health patients using the basic NLP techniques of named entity |recognition and intent identification. Used transformer models to get the best results  | |Crack detection in defective automobile parts  |- |Performed Image processing (using gaussian blurring, Sobel edge detection, morphological close and |blob analysis) |- |Applied deep learning models VGG 16, Inception net v3, Mobile net and YOLO to solve the computer |vision problem  ||"
}