{
  "name": "Shivangi Nayak",
  "email": "shivanginayak2001@gmail.com",
  "mobile": "9899477485",
  "degrees": "[('CBSE', '2017')]",
  "Education": "Indian Institute of Technology, (BHU), Varanasi|2019 - present|Integrated dual degree in Mathematics and Computing|CPI : 9.44|Amity International School, Mayur Vihar|2019|Class 12th CBSE Board|PERCENTAGE: 96.2%|Amity International School, Vasundhara|2017|Class 10th CBSE Board|CGPA: 10|March 2022|* Employed data science techniques to perform a data analytics task for an NGO as part of the Data For Good|Hackathon'22 by JPMC|* Formed clusters of states to perform analysis based on a quality index that was qualitatively derived from the most|important features found by fitting data on various models and extracting feature importance|* Exposure: Numpy, Pandas, Matplotlib, Sklearn, Data science techniques|MedicDiary | Course Project|October 2020|* Worked as a part of a 4 member team, on a Django based healthcare web application that acts as an interface|between a doctor and a patient and stores the patient's medical records.|* Exposure: HTML, CSS, Javascript, Django, team work|",
  "Experience": "HackerRank | Technical Content Engineering Intern|July 2022 - Present|* Responsibilities include problem curation, testing, statement reviews, and benchmarking of problems based on data|structures and algorithms for the HackerRank for Work library|",
  "Projects": "Balanced Bites|September 2020|* Created an ML based food recognition app with flutter that keeps a track of the nutritional values of the food items|the user consumes. The user can add a food item to the consumed list by either picking a food item from our|database or uploading a picture and letting the ML model predict it.|* Exposure: Basics of transfer learning (using resNet50 pretrained model), model deployment using flask, http|requests in flutter|Legal Document Classification | Encipher Hackathon by Instabase|Jan 2022|* Performed text document classification task on a dataset of legal documents|* Employed and compared various models for this task. Finally, a pretrained BERT model was fine-tuned on the|limited data to achieve optimal results.|* Exposure: Python, Pytorch, Text embeddings, BERT fine tuning|",
  "Achievements": "* Secured 1st Position in Education Track of Data For Good Hackathon 2022 conducted by JPMC|* One of the Top 40 women to be selected for the VMWare Codehouse Event'22|* Selected as a finalist in the Goldman Sachs Women's Possibilities Summit: Finance 2021-22|* Selected for the JP Morgan Quant Research Mentorship Program 2022|* One of the top 26 national finalists of Instabase Encipher hackathon 2022.|* One of the top 126 women to be selected as a scholar at Women Techmakers Engineering fellows by|Talentsprint and Google|* Rank 4 in RecHersion'21, an all girls coding contest conducted by ACM-W NITK.|* Participated in Girlscript Summer of Code '21, contributed to project pydatastructs.|* Rank 776 in Google Kickstart'22 Round B, Rank 1083 in Google Kickstart'21 Round H|* Rank 1506 in Facebook Hackercup'21 Round 1|* Rank 59 in Codechef July CookOff'22, Rank 196 in Leetcode weekly contest 280|* Rank 25 in Codechef Starters 40, and Rank 40 in Newton School May coding challenge'22|* Expert on Codeforces (Max Rating : 1605), 5 Star on Codechef (Max Rating : 2110)|* AIR 821 IIT JEE Mains 2019, and AIR 2939 in IIT JEE Advanced 2019|* AIR 1204 in KVPY Scholarship 2018|* Department Rank 6 in the Department of Mathematical Sciences in IIT(BHU).|",
  "Technical Skills": "Languages: C/C++, Python, HTML/CSS|Tools and Technologies: Flutter, Firebase, Numpy, Pytorch, Matplotlib, Tensorflow, Django, Flask, MATLAB|",
  "Positions of Responsibility": "* Serving Joint General Secretary at Mathematics and Computing Society, IIT(BHU)|* Served as the Workshop Manager at Technex'22, and Workshop Executive at Technex'21, the annual|techno-management fest at IIT(BHU), Varanasi.|Extracurricular Activities|* Secured 2nd position in Catitude in Technex'20|* Won 4th Prize in Techno Conundrum in Technex'21|* Participated in solo as well as group dance competition in Aagman'19||"
}