{
  "email": "Email:20wh1a12a9@bvrithyderabad.edu.in",
  "mobile": "8074481449",
  "degrees": "[('SSC', '2020'), 'MS']",
  "STRENGTHS": "* Positive attitude and hardworking.|* Willing to learn new things|* Quick learner|",
  "TECHNICAL SKILLS": "* Knowledge of Basics Programming languages :C,C++,HTML,CSS,Javascript|* MS Office|CERTIFICATIONS AND WORKSHOP:|* OOPS in C++ - Great Learning Academy|* C++ Beginners- Infosys|SpringBoard.|* Programming For Everybody Getting Started with Python coursera.|*Participated in webinar on NARCOTICS CONTROL BUREAU Say Yes toLife,|No to Drugs.|",
  "education": "Course College Year Percentage/CGPA|Information|Technology|BVRIT|Hyderab|ad|College|of|Engineerin|g for|Women|pursuing|7.65|Intermediate|New Vision|Junior College|2020|95.7%|SSC|New Vision|School|2018|9.7 gpa|",
  "projects": "*Scenery(python)|*Full Stack Web Development|PERSONAL DETAILS:|DOB 16/12/2002|Father's name|S.V.V.Brahma Chary|Mother' s name|A.Radhika Rani|Languages known|English, Telugu|Address|15-9-666/504,K.V.Towers|Near NewVision|School,Khammam,Telanga|na.|DECLARATION:|I hereby declare that all the information given above is true to the best of my|knowledge.||"
}