{
  "email": "akshita20491@iiitd.ac.in",
  "mobile": "2020491",
  "degrees": "[('CBSE', '2021')]",
  "education": " |Indraprastha Institute of Information Technology Delhi |B.Tech(CSB) |2020 -Present |CGPA: 7.93 |(till 3rd Semester) | |Delhi Public School, Rohini |CBSE 12th |2018 - 2020 |Percentage: 97.8 |Queen Mary's School, Model Town |CBSE 10th |2006 - 2018 |Percentage: 95.4  | |",
  "skills": " |Expertise Area |Object-Oriented Programming, Graphic Designing |Programming |Languages |Java, Python, R, C |Tools and |Technologies |Adobe Illustrator, Adobe Photoshop, MATLAB, Adobe XD, JavaFX, SceneBuilder |Technical |Electives |Advanced Programming, Data Structures and Algorithms, Computer |Organisation, Probability and Statistics, Introduction to Human Computer |Interaction | | |AKSHITA GUPTA |2020491, Email: akshita20491@iiitd.ac.in |DOB: October 28, 2001 |Address: M-10 Satyawati Colony  |Ashok Vihar Delhi-110052 | |",
  "projects": "Snake and Ladder Game  |Guide: Koteswar Rao Jerripothula |Snake and Ladder game with GUI similar to Ludo Master app |Implemented using OOPS concepts and JavaFX |(Nov,21 - Dec,21)    |Team Size-2 |Github |Two- pass Assembler  |Guide: Sujay Deb |(Aug,21 - Sep,21) |Team Size-3 |The program takes assembly code as input and gives the corresponding |object code after checking errors. Implemented using python. | | | |Clubs and Activities | | | | |  | | |Member | Madtoes (Dance society) | |Member | Meraki (Art society) | |Member | Muse (Fashion society) | |Content and Events team | GirlUp Udaan |(January,21-Present) |(August,21-Present) |(January,21-Present) |(January,21-Present) | | | | | | |Toycathon 2021 Finalist | |School rank 1 in CBSE 12th board | |1st position in intra-school Economics symposium | |1st position in intra-school Science symposium | | |Interests and Hobbies | | |Dance | |Art | |Badminton | |Hindu mythology | |Natural and Ayurvedic food | | |Declaration: The above information is correct to the best of my knowledge. |Akshita Gupta |Date: April 20,2022 | | | | | | | | |Positions of Responsibility | |Designer at Ecell IIITD | |Design Executive at Ecell IIITD | |Content writer at Memboro | | |(July,21-January,22) |(January,22-Present) |(October,21-|March,22) | | | |Awards and Achievements ||"
}