{
  "email": "deepthisrikavya.penke35@gmail.com",
  "mobile": "8919584330",
  "degrees": "[('BTech', '2022')]",
  "education": "SHRI VISHNU ENGINEERING COLLEGE FOR WOMEN2022|B.Tech|- 2022|7.86 (IV Sem)|SMT.B.SEETHA POLYTECHNIC|Diploma|- 2021|83|SUN SHINE SCHOOL|Secondary school Education -2018|8.2|",
  "skills": "Programming language : C-language, Python|Microsoft Office|",
  "projects": "Othello|This project is a python implementation of Othello, a strategy board game played between two players.|Pulse oximeter|This is a IOT based project which helps to monitor the human pulse rate and display it on an|OLED screen.|INTEREST:|Listening to music|Traveling|DECLARATION:|I hereby declare that the above furnished information is true to the best of my knowledge.|STRENGTHS:|Analytical Skills|Quick learner|Versatility||"
}