{
  "email": "vermabharti0703@gmail.com",
  "mobile": "8527485526",
  "degrees": "['BTech', 'CBSE']",
  "education": " STRENGTH: | |* |Travelling |* |Listening Music |* |Crafting | |  | | |",
  "skills": "C++ | Data Structures | Algorithms | OOPS | My SQL | HTML | CSS | Python |Interests: |Front-end and back-end Web Development. | | |    PERSONAL DETAILS: | | Father's Name |: |Mr. Rajesh Verma | Date of Birth |: |07/03/2002 | Gender |: |Female | Nationality |: |Indian | Marital Status |: |Unmarried | Language Known |: |English & Hindi | | | |(BHARTI VERMA) | |HOBBIES: | ||",
  "projects": "CAREER OBJECTIVE: |"
}