{
  "name": "Shivangi Singh",
  "email": "Shivanisinghdlwvns@gmail.com",
  "mobile": "+91639265564",
  "degrees": "[('BTech', '2020')]",
  "education": "B.Tech (Hons.), Computer Science|Graphic Era Hill University |2020 2024 |Senior Secondary (XI), Science|Kendriya Vidyalaya |(CBSE board)|Year of completion: 2020 |TRAININGS/ COURSES|Web Development |Internshala Trainings, Online|Aug 2021 |- Oct 2021 |Successfully completed a 8 weeks online certified |training on Web Development. The training consisted |of HTML, CSS, Bootstrap, DBMS, PHP, JS, React, and |Final Project modules.||"
}