{
  "email": "divyam20058@iiitd.ac.in",
  "mobile": "2020058",
  "degrees": "[('CBSE', '2020')]",
  "education": " |Indraprastha Institute of Information Technology Delhi |B. Tech (CSE) |2020 - 2024 (Present) |CGPA: 9.2  |(Till 3rd Semester) | |Apollo Public School, Patiala, Punjab |CBSE |2019 - 2020 |Percentage: |94.4% |Ryan International School, Patiala, Punjab |CBSE |2017 - 2018 |Percentage: |93.4% | |",
  "skills": " |Expertise Area |Data Structures and Algorithms, Object Oriented Programming, |Algorithm Design and Database Management |Programming |Language |Python, Java, C++ |Tools and |Technologies |GitHub, MySQL, MongoDB, JavaFX, HTML, CSS, JS, React, Linux (Artix) |Technical |Electives |Data Structures and Algorithms, Operating Systems, Advanced |Programming, Algorithm Design and Database Management Systems | |",
  "projects": " |Banking Database System  |Guide: Dr. Mukesh Mohania |Created a Banking System using CSS, NextJS, React, Flask and MySQL   |which stores and processes general account information balance, loan    |status and account transactions concurrently. |(Jan,22 - April,22) |Team Size-4 | |Will Hero Game  |Guide: Dr. Vivek Kumar |(Nov,21 - Jan,22) |Team Size-2 |Recreated the online game Will Hero using OOPS, SceneBuilder and                            |JavaFX with music and semaphores for ranged automatic weapons. | | | | | | |Divyam Gupta |Roll No: 2020058 |          Personal Webpage: https://admiralfruit.github.io/   |Email: divyam20058@iiitd.ac.in |GitHub: https://github.com/AdmiralFruit  |DOB: June 05, 2002 |    Address: House No. 45, SST Nagar, Patiala, Punjab | | | |RISC Simulator & Assembler  |Guide: Dr. Sujay Deb |(Aug,21 - Sept,22) |Team Size-3 |Created a RISC Simulator and Assembler using Python which operates                             |on a custom ISA instruction set and provides memory visualization after                        |each instruction is executed. | | | |Positions of Responsibility | |* |Head of Web-Development Team at OWASP, IIITD  |* |Member, LDA IIITD |* |Minister of Science and Technology at Ryan International School |(April,22 - Present) |(Jan,22 - Present) |(April,16 - Mar,18) | |Awards and Achievements | |* |National Talent Search Examination (NTSE) 2018 Scholar  |* |Qualified Pre-Regional Mathematics Olympiad (PRMO) in 2018 and 2019 |* |Secured 99.73%ile (AIR 3038) in JEE Main Jan 2020 (Top 0.3%) | |Interests and Hobbies | |* |Reading |* |Bowling/Arcade |* |History | | |Declaration: The above information is correct to the best of my knowledge. |Divyam Gupta |Date: April 27, 2022 | | | | | ||"
}