{
  "name": "Shreyas Singh",
  "email": "shreyassingh1610@gmail.com",
  "mobile": "9667076753",
  "degrees": "[('XII', '2020'), ('CBSE', '2020'), ('X', '2020')]",
  "EDUCATION": "XII CBSE |Kothari International School, Noida |X CBSE |Kothari International School, Noida |",
  "ORGANIZATIONS": "Team UAV (11/2020 - 01/2022) |Avoinics Engineer |VIT Community Radio (03/2022 - Present) |",
  "SKILLS": "C/C++ |Python |DSA |Java |DBMS |OS |PERSONAL PROJECTS |AI based Face Mask Detection Model |Designed a model to recognize if a person is wearing a mask or not|using mobilenet and max pooling in python. |Snake Water Gun Game using C |Designed a program to play the game with you in C. |",
  "LANGUAGES": "ENGLISH |Full Professional Proficiency |HINDI |Native or Bilingual Proficiency |SPANISH |Elementary Proficiency |",
  "INTERESTS": "Cricket |Public Speaking |Drama ||"
}