{
  "email": "20WH1A1246@bvrithyderabad.edu.in",
  "mobile": "6303822759",
  "degrees": "[('BTech', '2003'), ('SSC', '2018')]",
  "ACHIEVEMENTS": "* 1st prize in technical event organized by BVRIT NARSAPUR |* 1st prize in technical event organized by OSMANIA UNIVERSITY |* Academic topper for III semester  |",
  "CERTIFICATIONS": "* Great Learning   OOPs using C++ |* Coursera              Python Certification | |PERSONAL SKILLS |* Active listener |* Quick Learner |* Can maintain healthy relations with people |* Can work well with teams |LANGUAGES KNOWN |* English |* Telugu ||",
  "education": "2020-2024 |B.Tech - Information Technology, Present - 3rd Year |BVRIT Hyderabad College of Engineering for Women, Hyderabad. |Affiliated by JNTUH |2nd Year CGPA - 8.74 |2018-2020 |Intermediate M.P.C |                            New Vision Junior College, Khammam |                            Board: TSBIE         Percentage: 98.5 |2017-2018 |10th |                                NEW VISION CONCEPT SCHOOL, KHAMMAM |                                 BOARD: SSC                  CGPA: 9.8                                                                 |TECHNICAL SKILLS |LANGUAGES:    Python, Basics of C, C++ |OPERATING SYSTEMS:   Windows,  LINUX |Front End:                    HTML, CSS |Database:                     MySQL |IDE/Tools:                    VSCode |",
  "projects": "          OCTOBER 2021    Worked in team on a Python Project \"UNCROSSED KNIGHTS TOUR\" |          | |"
}