{
  "name": "Shagun Sharma",
  "email": "shagunsharmaaeiry@gmail.com",
  "mobile": "+91946587905",
  "degrees": "[('CBSE', '2022'), ('X', '2017')]",
  "EDUCATION": "Thapar Institute of Engineering & Technology, Patiala                                                         2020 -Present |B.E.: Computer Science and Business Systems                                                                               CGPA: 8.30 |Government Senior Secondary School, Sec 35-D Chandigarh                                                               2020    |CBSE - All India Senior School Certificate Examination (Grade XII)                                                       95.2% |St Mary's School, Sec 46-B Chandigarh                                                                                                      2018 |CBSE - All India Secondary School Examination (Grade X)                                                                     94.6% |",
  "PROJECTS": "Weather App - API-based Project                                                                                                                2022 |# |Simple website created using HTML, CSS and Javascript. |# |Displays weather description and temperature of a city. |# |API used is OpenWeatherMap API.     | |ShePreneur- Team Project | Microsoft Azure Women's Hackathon 2022                                            2022 |# |A website to promote local businesses and update women about the latest government |schemes for them.    |# |Contributed to front-end development of the website. |# |Created Login Page, Register Page, Login Register landing page and fund page of the |website. |# |Active participation in the team by suggesting effective and creative ways for the project. | |E-Ration- Team Project | Thapar Institute of Engineering and Technology                                          2021 |# |A website to digitalize the ration system. |# |Contributed to front-end development of the website. | |",
  "EXPERIENCE": " |Content Writing Intern, WriterOnRent Company                                                          Dec 2021 - Jan 2022 |# |Developed and updated content on product descriptions for an organization during the 1-|month internship. |# |Edited and formatted content to prepare and submit for publication. |",
  "TECHNICAL SKILLS": " |# |Knowledge of Algorithms and Data Structures |# |C/C++ |# |Python |# |HTML, CSS, JS | | | |POSITION OF RESPONSIBILITIES  | |Head Of Content - Paryavaran Welfare Society, TIET                                                                          Present |# |Creating and executing content-related work for Paryavaran Welfare Society. | |Senior Head Girl - Class X, St Mary's School, Chandigarh                                                              2017-2018 |# |Represented and led the student body of the school. |# |Organized, planned and managed various school activities, events and academic functions. | |KEY SKILLS | |# |Strong Written and Verbal Communication skills |# |Strong Communication and interpersonal skills |# |Content Writing |# |Assertiveness  |# |Leadership  |# |Management Skills |# |Detail-oriented | | | | ||"
}