{
  "email": "prasun20101@iiitd.ac.in",
  "mobile": "2020101",
  "education": " |Indraprastha Institute of Information Technology Delhi |B. Tech in Computer Science and Engineering |2020 - 2024 |CGPA: 8.38 |(till 3rd Semester) | |Delhi Public School R.K. Puram, Delhi |Class 12th - Central Board of Secondary Education (CBSE) |April 2018 - March 2020 |Percentage:93.6%  |Mount St. Mary's, Delhi |Class 10th - Central Board of Secondary Education (CBSE) |March 2008 - March 2018 |Percentage:94%  | |",
  "skills": " |Expertise Area |Data Structures and Algorithms |Programming |Language and |Technologies |C++ | JAVA | Python | C | Git and GitHub | HTML |Canva|CSS. |Technical |Electives |Data Structures and Algorithms | Multivariate Calculus | Operating |Systems | Discrete Mathematics | Advanced Programming in JAVA. | | |",
  "projects": " |Will Hero Game | |Clone of famous Will Hero game. Technology used: Java, JavaFX, FXML. |Oct 2021 - Dec 2021 |Team Size-2 | |Website Blocker |Simple tool to block websites using Python with GUI. | |Dec 2021 - Jan 2022 |Team Size-1 | | |Prasun Pratik |2020101, Email: prasun20101@iiitd.ac.in |DOB: November 22, 2002 |Address: DGS CGHS Apartments, Dwarka Sector 22, New |Delhi-110077 |Positions and Responsibilities  | |* |Core Member at Trivialis (Quizzing Club of IIITD)                              Jan 2022-Present | |* |Member at IEEE Club (Technical Club of IIITD)                                  Jan 2022-Present | | | |Interests and Hobbies | |* |Quizzing and General Awareness |* |Interested in Sports like Cricket | | |Declaration: The above information is correct to the best of my knowledge. |Prasun Pratik |Date: April 20, 2022 | | | | | ||"
}