{
  "email": "leezakhanna2109@gmail.com",
  "mobile": "836029982",
  "degrees": "[('BTech', '2020'), ('XII', '2020'), ('X', '2017')]",
  "SKILLS": "HTML |CSS|React|C/C++|PL-SQL|Problem solving|PROFILE|To seek and maintain position that offers professional challenges utilizing |interpersonal skills, excellent time management and problem-solving skills.|Strong in design and integration with intuitive problem-solving skills.|Passionate about implementing and launching new projects.|",
  "EDUCATION": "B.Tech (CSE) | Thapar Institute of Engineering and Technology, patiala|Sep 2020|XII | Central Board of Secondary Education , Chandigarh|Jul 2019 - Jul 2020|Marks -91.4%|X | Central Board of Secondary Education, Chandigarh|Jul 2017 - Jul 2018|Marks-91%|COMPLETED COURSES|Data structure and algorithm|operating system|Database management system|Computer Network|Numerical Analysis|Practical computing|Discrete Mathematical Structure||"
}