{
  "email": "tanmaykad16@gmail.com",
  "mobile": "7507143884",
  "EXPERIENCE": " NOVEMBER 2021 - DECEMBER 2021 |THE SPARKS FOUNDATION | |ROLE: Internship in Web Development and Designing   | |2 |",
  "EDUCATION": "BACHELOR OF TECHNOLOGY IN COMPUTER SCIENCE ENGINEERING FROM |VELLORE INSTITUTE OF TECHNOLOGY, VELLORE | | |CURRENT YEAR OF STUDY: 3RD YEAR | |GRADUATION YEAR: 2024 | |",
  "SKILLS": "* Web Development |* C Programming language |* C++ Programming language |* Python Programming language |* Java Programming language |* SQL | | |* HTML, CSS, JavaScript |* React |* NodeJS and MongoDB |* Problem Solving Skills |* Analytical Skills |* Critical Thinking |ACTIVITIES |* I am currently working as the Vice Chairperson of Yuva Marathi - Marathi Literary |association which is a club in Vellore Institute of Technology.  |* I am also a senior core committee member in SIAM (Society for Industrial and Applied |Mathematics) which is a chapter in Vellore Institute of Technology. |* I have worked on many web development projects. ||"
}