{
  "name": "Gautam Thukral",
  "email": "gautam.thukral2020@vitstudent.ac.in",
  "mobile": "+91999643885",
  "degrees": "[('Btech', '2020')]",
  "Education": "2020 - 2024|Vellore, India|Btech in CSE with specialisation in Business Systems|VIT Vellore University|Profile|Student of VIT University, pursuing Btech Degree with great passion. I am clear about my goals and on the |way of achieving them. Motivated by my elders who already completed their UG & PG studies in the same |field.|",
  "Skills": "Web development|Interested and working in web development and |application development.|Communication Skills|Very nice communication skills as my course |demands|Leadership skills and Creativity|Working on a tech project as leader in team of like |minded 5 members.|Business analysis|",
  "Languages": "English|Hindi|Chinese|Certificates|Pre Regional Maths |Olympiad(PRMO)|UCEED|Participated in UCEED|JEE & NEET|Participated in JEE & NEET|",
  "Interests": "Web Development|HOT Question Solving|Business analysis & |management|",
  "Projects": "2021|Virtual Cloths Trial|Trail of Clothing Virtually with the help of app|Leading this college project by which users can try clothes virtually during covid |decreasing chances of infection.  |2019|Brand building|Building Beauty Brand in E-commerce market|Working with my father for growing the beauty brand in the market.||",
  "experience": "intensive growth mainly in E-commerce. With my |Father working from past 3 years in E-commerce. |Currently working on self owned Beauty Brand with |my father.|Programming|Worked in C++,Java, JS and learning .net |framework now.|IOS Development|Learning ios development course from udemy |platform.|"
}