{
  "email": "gudipudiakshitha@gmail.com",
  "mobile": "8185830868",
  "degrees": "[('BTech', '2020'), ('SSC', '2018')]",
  "PROJECTS": "Project Name :  CHECKERS |* Description : This project is about designing a game using python. The aim is to |destroy the pattern . In order to putting those coins and also we need to match our |coins into 4 coins pattern of the same colour. |Project Name :  HEART DISEASE PREDICTION  |                AKSHITHA GUDIPUDI |Email ID  : gudipudiakshitha@gmail.com      |Mobile : 8185830868 |Address  : 6-335, Srinivasa colony ,Ongole, Prakasam district ,523002 |Linkedin : www.linkedin.com/in/Akshithagudipudi | |* Description :  This project is about designing  software which helps to predict heart |disease.By using machine learning through python language and logistic regression |and some other methods code is generated and using data  base sets . |",
  "STRENGTHS": "* Analyse every angle of a project before working on it  |* Communication Skills  |* Disciplined and Dedicated |* Quick Learner |* Self motivated |EXTRA CURRICULAR ACTIVITIES |*  Student Coordinator of IDEA club. |* Hostel representer in class and Hostel |ACHIVEMENTS |* Secured first place in 10th class quiz compitation. |PERSONAL INFORMATION | |Name |Akshitha gudipudi |Gender |Female |Date of Birth |24-10-2003 |Father's Name |Hanumantharao garu |Mother's Name |Padmavathi garu |Languages Known |Telugu ,English |Nationality |Indian | | |DECLARATION | |I hereby declare that all the details mentioned above are in accordance with the truth and |facts as per my knowledge and I hold the responsibility for the correctness of the above |mentioned particulars. |- |Akshitha.G | | ||"
}