{
  "email": "smudit233@gmail.com",
  "mobile": "+91956048376",
  "degrees": "[('Btech', '2002')]",
  "education": "VIT BHOPAL UNIVERSITY|B.tech Computer Science & Engineering GPA: 8.02|2020 - 2024|Summer Fields School|Gurgaon, Haryana|12th Grade GPA: 78%|2019 - 2020|Summer Fields School|Gurgaon, Haryana|10th Grade GPA: 76.6%|2017 - 2018|",
  "skills": "Programming Languages:|C++, Java, Python|Libraries/Frameworks:|Tools / Platforms:|Databases:|",
  "projects": "Typing Speed Meter|In this group project we aimed to solve the typing errors by creating a typing speed meter. Project is created|with Python Language.|Alumni Portal Application|In this group project we created an application which accesses alumni's details from a given database. Project|is created with JAVA language.|Certifications| Applied Machine Learning in Python - Coursera||"
}