{
  "email": "gamidiramya21802@gmail.com",
  "mobile": "8106596724",
  "degrees": "[('BTech', '2020'), ('SSC', '2020')]",
  "education": "2020- 2024|2018- 2020|8.63 10|SSC|Viswabharathi|EM High|School|AP|Board of|Secondary|2017-|2018|10|TECHNICAL SKILLS|Programming Languages : C , Python , Java|Web Technologies : HTML, CSS, Bootstrap,php|Database : MYSQL|Data Analytical Tools|:|DBMS|",
  "projects": "Project Name : Blood Donor Management Website|Description : Blood Donor Management is a web-based application which offers online|details regarding blood groups to patients .|Role : Group(Team Lead)|Technologies Used|:|HTML , CSS , JavaScript , php , mysql|PARTICIPATIONS PROGRAMS| Participated in College level Coding Contest| Working as club coordinator in College|HOBBIES| Listening to music humming songs| Spending time with family & friends| Browsing internet|PERSONAL INFORMATION|Name Gamidi Ramya|Gender Female|Date of Birth 21- 08 - 2002|Father Name Gamidi Venkata Subba Rao|Mother Name Gamidi Anu Radha|Languages Known Telugu , English|Nationality|Indian|DECLARATION|I hereby solemnly affirm that all the details provided above are true to the best of my|knowledge.|G.Ramya|Signature||"
}