{
  "email": "mohdfar0009@gmail.com",
  "mobile": "9818891693",
  "degrees": "[('BTECH', '2020')]",
  "EDUCATION": "B.TECH, COMPUTER SCIENCE AND ENGINEERING SPECIALISATION IN AI|Netaji Subhas University Of Technology|Aug 2020 - May 2024|Senior Secondary, PCM|Apr 2017 - May|2019|GOVT. BOYS SENIOR SECONDARY SCHOOL|Percentage: 87.0|Secondary, Science and Math|Apr|2012 - May 2017|GOVT. BOYS SENIOR SECONDARY SCHOOL|CGPA: 8.0|",
  "SKILLS": "C++ | HTML | CSS | Javascript | Problem-solving | DS Algo |Bootstrap ||",
  "PROJECTS": "*|TINDOG WEBSITE:|(DECEMBER,2021)|*|A basic DATING SITE for dogs using CSS, HTML, BOOTSTRAP.|*|Users can see testimonial ,price of all plans and features of website.|*|DRUM KIT:|*|A basic drum kit which produce different sounds from different instruments|using HTML,CSS,JAVASCRIPT.|*|User can generate different sounds from their keyboard.|",
  "CERTIFICATIONS": "*|UDEMY: Learn C++ programming beginner to advance..|*|GFG :Data Structures and Algorithms - Self Paced.||"
}