{
  "email": "20211a6609@bvrit.ac.in",
  "mobile": "+919014087841",
  "degrees": "[('BTech', '2020'), ('SSC', '2018')]",
  "Projects": "* Heart Disease Prediction using Machine Learning. |Page 2 |Personal Information |* Father's Name.           : B. Limbadri |* Date of Birth  |: 12/06/2002 |* Nationality  |: Indian |* Marital Status |: Single |* Languages Known |: Telugu, Hindi and English |* Permanent Address : House No. 10-7-767, Gajulpet, Nizamabad, Pin- 503001, Telangana, India. | | | |I hereby declare that all the information stated above is true to my knowledge and I bear the |responsibility for the correctness of the above-mentioned particulars. | | | | | | | | | | | | | | | | | |Thankyou & Regards | | | | | | | | | | |      B.Kusuma ||",
  "education": "Course |Year |Institute |Board/University |Percentage/ |CGPA |B.Tech |(Artificial |Intelligence and |Machine Learning |2020 - 2024 |BV Raju Institute of |Technology, Narsapur |JNTU Hyderabad |8.91 |Intermediate |(M.P.C) |2018 - 2020 |New Kakatiya Junior |College, Nizamabad |Board of Intermediate |96.1% |SSC |2017 - 2018 |Kakatiya High School, |Nizamabad |State board of |Secondary Education- |Telangana |9.7 | |",
  "skills": "* Technical Skills     |*  |Computer Languages - C, Python. |*  |Data Structures. |*  |SQL. |* Determined. |* Target-centric. |* Punctual and loyal. |* Dedicated. |Accomplishments |* Completed DS&ML Workshop from 21 June 2022 to 25 June 2022. |* Won 2nd prize in Hack Elite, an intra college Hackathon. |* Certified in Databases for Developers: Foundations by ORACLE. |"
}