{
  "name": "Tanya Salwan",
  "email": "tanya0928.be20@chitkara.edu.in",
  "mobile": "7082896245",
  "degrees": "['BE']",
  "Education": "PKR Jain vatika sr. sec. School|Ambala, India|BE CSE, Chitkara University|",
  "Skills": "C++ , Javascript , SQL , Node js , Java|",
  "Projects": "Youtube Frontend ,|Tech stack for this project is Html, css|Tic Tac Toe|Tech Stack for this project is html , css , javascript|To-do list|Tech Stack for this project is html , css , javascript|Certificates|Javascript essentials|Introduction to Cybersecurity|Introduction to IoT||"
}