{
  "email": "vishvdave2002@gmail.com",
  "mobile": "8866728905",
  "degrees": "[('BTech', '2020'), ('HSC', '2020')]",
  "education": " | | |S.NO. |DEGREE |NAME OF THE UNIVERSITY/BOARD |YEAR OF PASSING |CGPA/PERCENTILE OF MARKS |1. |B.Tech |VIT Chennai |2020-22 (Till 24) |8.69 (up to 3rd Semester) |2. |HSC (12th) |GSEB/Gujarat |2020 |85% |3. |SSLC (10th) |GSEB/Gujarat |2018 |98% | | | | |AREA OF INTEREST: |* Ethical hacking |* Data Analysis |* Building firewalls |* ML | |",
  "skills": " |TECHNICAL SKILLS |* Experience in C++, C and Python |* Experience in Java |* Knowledge of Java Script and SQL |* Technical Writing Skills | |SOFT SKILLS |* Multilingual (Hindi, English, German and Gujarati) |* Ability to manage and lead a Team |* Work parallelly with various functional teams |* Communication and Presentation Skills |* Extremely detail oriented and organized | | | |TRAINING / WORKSHOP: |* Attended Seminars and Webinars conducted by Hack clubs, Cys-Com clubs and many others |* Participated in all Code Chef Competitions | |",
  "projects": " |* Created website using python and mySQL for Mall Management system. |* Created website for using HTML-CSS & PHP for club Management system. |* Created Laser Security System using microprocessors |* Analyzed data for Inflation (INFL.core) using R programming  |* Created startup \"DONO\" which would feed poor & needy |* Did a case study on wealth gap in India  |COMPUTER LANGUAGES KNOWN: C++, C, Python, Java, HTML,CSS, JavaScript,  PHP, R |programming, MIPS | | | | |ACHIEVEMENTS: | | |* 3rd Place -> Make-n-Code-A-Thon - Vellore Institute of Technology Chennai  |* Represented St. Xavier's in District and State Level Football Competition (Khel |Mahakhumb) |* Won Medals at State level competition in Karate |* Won Medal at District level for Table Tennis Competition | | |EXTRA CURRICULAR: |* Always keen to participate in any sport |* Good at lots of sports like table tennis, football, swimming, chess, MMA |* I was headboy (students head) in school |* Always interested in physical activities like going for trek, hiking, jogging |* I am into fitness and was member of Logistics team in fitness club of VIT |* Good at photography | |PROFESSIONAL MEMBERSHIP: |* Fitness Club | |PERSONAL PROFILE: |Date of Birth |: |22 November 2002 |Age |: |20 Years |Gender |: |Male |Father's Name |: |Divyang Dave |Hobbies |: |Bird Photography, Playing Sports, Exploring |Languages Known |: |English, Hindi, German, Gujarati | | | | | |DECLARATION: I declare that the information above is true to the best of my knowledge. |PLACE: Chennai |DATE: 21.01.2022 | | | | | |Sign Here |(Dave Vishv) ||"
}