{
  "email": "neelohit_roy0987@yahoo.com",
  "mobile": "+91747903273",
  "education": "Vellore Institute of Technology|Sehore, Madhya Pradesh, India|Bachelors of Technology Computer Science and Engineering GPA: 6.75|August 2020 - June 2024|",
  "skills": "Programming Languages:|C++, C#, JavaScript, Java, Python|Libraries/Frameworks:|React.js, Anime.js, Node.js|Tools / Platforms:|Visual Studio Code, Eclipse, Unity|Databases:|MySQL, MongoDB|",
  "projects": "AR 404 | Link|C#, AR Core, Sceneform|AR404 is an AR app made to solve the shopping problem of customers who are buying furniture for their|home but are not sure how the furniture would look or \u001ct in their environment. This app aids the customer by|allowing them to place the desired furniture they wish to buy by placing the virtual furniture in a real-life|environment and rearranging them in the environment to see how the furniture would look in the actual|environment.|Certifications| Engineering Project Management: Scope, Time and Cost Management - Coursera|Honors & Awards|Participated In various hackathon and technical workshops.||",
  "experience": "Lizardoo | Graphic Designer|Darjeeling, West Bengal | Apr 2021 - Present| I work as an graphic designer, curating designs for t-shirts and apparel.|"
}