{
  "email": "ashutosh.chandra2020@vitbhopal.ac.in",
  "mobile": "9319173161",
  "degrees": "['BTech', ('CBSE', '1917')]",
  "education": "DPS Dwarka, NEW DELHI |Class 12th    |90.2 % in CBSE class 12th boards   | |Modern Convent School, New Delhi |Class 10th   |9.8 CGPA in CBSE class 10th board examinations |WORK EXPERIENCE |Co-Lead (content team)  |Mozilla Firefox Club VITB  | |Event Management Intern  |Aashman Foundation (An NGO which helps poor children as well as |Single Earning Widow Family.) | |Corporate Coordinator |E-Cell VIT Bhopal | |Project Lead |Enactus VIT Bhopal |ACADEMIC PROJECTS |SMART INDIA HACKATHON (SIH) 2022 |Travel guide app for Uttarakhand govt.  | |COVID 19 INTERACTIVE GUI |An interactive GUI where people can access a cumulative data |regarding covid 19 outbreak in India which includes rising cases, |vaccination centers, ICMR labs, and more COVID 19 related info based |on user requirements. | |E-MAIL AUTOMATION FOR SMALL BUSINESSES |automated the emails for small business owners who don't have a |social media team/ moderator by separating the spam mails and |replying to legit mails automatically with a welcome / brief info |message.  |   | ||",
  "skills": "Interpersonal communication skills   |Proficient in MS-Office   |Problem Solving   |Creativity and ingenuity   |Collaboration skills   |python | | | | |"
}