{
  "name": "Ritesh Dabas",
  "email": "riteshdabas28@gmai.com",
  "mobile": "9873375394",
  "degrees": "[('BTech', '2020'), ('CBSE', '2018'), ('XII', '2020'), ('X', '2018')]",
  "EDUCATION": "B.Tech (Mathematics and Computing)|2020-Present|Delhi Technological University (DCE)|9.38/10|CGPA|CBSE XII|2020|The Sovereign School, Rohini|91%|CBSE X|2018|The Sovereign School, Rohini|96.5 %|",
  "PROJECTS": "Cab Management System|* C language, file handling used to create a Cab Management system|Life Expectancy Analysis|* R, Statistical Analysis used to determine factors affecting Life Expectancy|POSITION OF RESPONSIBILITIES|Operations Head|Jufmy July 2021-Present|* a complete business solution. We provide a single platform for companies to fulfill their needs and demands towards growth, success|and achievement. We help companies to achieve goals, establish new ideas and flourish them with our support and assistance|* developed good coordination among all the departments of Jufmy for smooth functioning|Co-Founder|Your First Academy August 2021-Present|* a non-profit education initiative to provide quality education for the underprivileged|* handled operations and management division|* Educator (Class 6-10)|ACHIEVEMENTS AND EXTRACURRICULAR ACTIVITIES|* Member, Project Milan, EnactusDTU (Jan 2021-Aug 2021), a social entrepreneurship project aimed at introducing aquaculture and|hydroponics in India to increase farmers income|* Batch Representative, Student Council DTU 2021-22|* Student Coordinator, DTU-DCE Fraternity Forum (Aug 2021- Present)|* President, Student Council, The Sovereign School (2019 - 20)|* Vice President, Student Council, The Sovereign School (2018 - 19)|",
  "SKILLS": "* Programming Languages- C , C++, R|* HTML|* MATLAB|* Content Writing|* Languages Known- English and Hindi||"
}