{
  "email": "paliasmita50@gmail.com",
  "mobile": "9407089096",
  "SKILLS": "HTML |JavaScript |CPP |MatLab |Xilinx |LtSpice |Photoshop |CSS |",
  "EDUCATION": "B Tech Electronics and Instrumentation |Birla Institute of Technology and Science Pilani, Hyderabad Campus |07/2020 - Present,  |",
  "EXPERIENCE": "Fest organizing body |Birla Institute of Technology and Science |12/2020 - Present,  |es. |Managed the events organized throughout the year including the fest and all other small scale|events in general. Trained to work efficiently under varied circumstances. |Achievements/Tasks ||"
}