{
  "email": "E-mail-Kunal30092002@gmail.com",
  "mobile": "3009200",
  "degrees": "[('BTECH', '2018')]",
  "SKILLS": "C++|OOPS|Data Structures|Algorithms|Problem Solving|",
  "EXPERIENCE": "Desh Ke Mentor,  Delhi, India - Mentor|JAN 2022- MARCH 2022|*|An initiative started by the state government of Delhi to provide|mentorship to students of government school students from class 9-12 .|",
  "EDUCATION": "Greenfields Public School, Delhi, India -- 10th|2018|73.2%|Greenfields Public School, Delhi, India -- 12th|2020|76%|Delhi Technological University, Delhi, India -- B.TECH|2020-present|8.53 CGPA||"
}