{
  "name": "Amisha Singla",
  "email": "amisha0819.be20@chitkara.edu.in",
  "mobile": "7719683933",
  "degrees": "[('BTech', '2020')]",
  "Education": "Chitkara University|Bachelor of Technology - BTech, Computer Science|2020 - 2024|Licenses & Certifications|Advanced Web Development - Coding Ninjas|Introduction to Web Technologies - Coding Ninjas|Object Oriented Programming Java - Coding Ninjas|JavaScript Essentials 1 (JSE) - Cisco Networking Academy|",
  "Skills": "CPP   *   Java   *   JavaScript   *   Front-End Development   *   GitHub   *   Object-Oriented Programming (OOP)  |*   Teamwork|Amisha Singla - page 1||"
}