{
  "email": "sanskriti.gupta2020@vitbhopal.ac.in",
  "mobile": "7068335774",
  "degrees": "['X']",
  "education": "Vellore Institute of Technology|Bhopal|Bachelor of Technology Computer Science GPA: 9.22|2020 - 2024|Woodward Public|Bhadohi , Uttarpradesh|Senior Secondary Science GPA: 95.2|2019 - 2020|Woodward Public|Bhadohi , Uttarpradesh|Secondary Science GPA: 93.3|2017 - 2018|",
  "skills": "Programming Languages:|Python, SQL, Java, C++, Javascript, HTML/CSS|Libraries/Frameworks:|Numpy, Pandas, Django, MongoDB|Tools / Platforms:|Git/Github, VS Code, Spark AR studio|Databases:|MongoDB, MySql|",
  "projects": "Face Lock With Voice Assistant | Link|Python (Numpy, Pandas), Mongodb|With this project I am aiming to solve the security problem, this project is made for high-security purposes|with an OTP generator. OTP is sent to the authorized user which can control the entry of user.|Happiness | Link|Javascript, HTML, CSS|With this project, I am aiming to make people smile by motivating them to live up to their life and be|unstoppable|Nature | Link|Javascript, HTML, CSS|This project is about giving knowledge about animal and nature|Certifications| Applied Machine Learning in Python - Coursera| Reskill X SparkAr - Reskill| TCS ION Young Professional Certi\u001ced - TCS iON career edge|Honors & Awards|ARTS-CLUB Event Coordinator, AdVITya (University Techno-Cultural Festival)|SEDS NEBULA (University) Selected as Core team member|TCS ION Young Professional Certi\u001ced||"
}