{
  "email": "kaushalbaid16@gmail.com",
  "mobile": "+917044666331",
  "degrees": "[('BTech', '2001'), ('XII', '2019')]",
  "education": " | | |2.1 | |Secondary & Higher Secondary | | |Year of |Marks |Examination |Board / Institution |Passing |Obtained | |Out of |(Total) |% |10TH STD |Council for the Indian School |Certificate Examinations |(Don Bosco School, Liluah) |2017 |471 |500 |94.2 | | | | | | |12TH STD |Council for the Indian School |Certificate Examinations |(Don Bosco School, Liluah) |2019 |479 |500 |95.8 | | | | | | | | | | | |2.2 |Graduation | |SEM |1 |2 |3 |4 |5 |6 |7 |8 |SCPA |8.93 |9.55 |8.32 | | | | | |CGPA |8.93 |9.22 |8.92 | | | | | | | | | |3. |Scholastic achievements: |\"Outstanding Performance in class XII Board Exam\" at Medha Samman 2019 by Taaza TV |2nd - Qolorz 10.0 School Quiz (Class 9-12 category) in Class 11 |2nd - Intra School Science Exhibition (Mathematics category) in Class 11 | |Best College Team - Madras Minutiae Open Quiz, IIT Madras |Verbal Mention - NITMUN 2021 |1st - Inter-NIT MELA Quiz 2021 |1st - Qriosity General Quiz 2020, NIT Durgapur |1st - Gone Viral Quiz 2021, NIT Durgapur |1st - Biztech Quiz, Quizzitch Cup 2021, NIT Durgapur |1st - Braindarts, Aarohan 2021, NIT Durgapur |1st - Behind the Scenes, Aarohan 2021, NIT Durgapur |1st - Techade Tech Quiz, IEEELink Kerala |1st - Tech QuizMaster, TEDx GGSIPU |1st - Qriosity 26.0 by StockGro |1st - Movie Questa by FilmCounter |1st - Shaan-e-Hind: The Great Indian Quiz, Delhi Technological University (DTU) |2nd - Inquest, Aarohan 2021, NIT Durgapur |2nd - QuizTech by Team Compbotz |2nd - 3 Minute Biz Quiz by Knowello |2nd - Break to Bind Treasure Hunt, Rotaract Club VIT Vellore |2nd - India Quiz, Coeus 2021, Dyal Singh College, University of Delhi |3rd - Bollywood Quiz, Coeus 2021, Dyal Singh College, University of Delhi |3rd - Prashnotri Freshers Quiz, Daulat Ram College, University of Delhi |3rd - Nostalgia Quiz, Quizzitch Cup 2021, NIT Durgapur |3rd - India Quiz 2021, NIT Durgapur |3rd - Of 24 Frames And 24 Yards - Bollywood Cricket Quiz, NIT Durgapur |3rd - National Finquiz, BK University Gujarat |3rd - Qriosity 20.0 by StockGro |4. |",
  "skills": "Competitive Programming (C, C++, Java), Web Development (HTML5, CSS3, JavaScript, React, Git, |Github, Heroku, Netlify), Content Writing, Quizzing, Microsoft Excel, Editing (Canva, Premiere Pro). | |Weaknesses - Lack of knowledge about foreign languages, Strive towards perfectionism, Being helpful, |Being too much detail-oriented, Less technical experience, Unability to say No, Avoiding taking credit, |Prioritizing tasks before health. | |5. |Position of responsibility: |President of Dramatic Club, Don Bosco School, Liluah for the academic year 2018-19 | |6. |Extracurricular activities: |Senior Member of Literary Circle, NIT Durgapur |Senior Member of QuizInc, NIT Durgapur |Member of Organizing Committee of TEDxNITDurgapur, 2021 | |Worked in finance, operations and video editing domains. |Member of Dramatic Club, Don Bosco School, Liluah from 2015-19 |Sports - Cricket, Football and Chess. | |2nd - Inter House Cricket Tournament (Class 9) | |2nd - Inter House Football Tournament (Class 9&10 category) | |I hereby declare that the information given above is true and correct. | | |DATE: 28/02/2022 |SIGNATURE:  | | | ||"
}