{
  "email": "ashkumblah@gmail.com",
  "degrees": "[('BTech', '2021')]",
  "Experience": "Web Development Team Member|PlaceXP VITC|Oct 2021 - Present (7 months +)|",
  "Education": "Vellore Institute of Technology|Bachelor of Technology - BTech, Computer Science|2020 - 2024|Ryan International School, Kandivali, Mumbai|12th|2018 - 2020|Cambridge School (Ryan Group of Institutions), Kandivali, Mumbai|10th|2006 - 2018|Licenses & Certifications|Aswathi Manoj Kumar - page 1|Linux OS - Vellore Institute of Technology|French A1 Level - inlingua|Foreign Language Webinar - inlingua|Introduction To App Development Using Flutter - Zubi Infotech Private Limited|Arduino Programming - Vellore Institute of Technology|Cybersecurity Roles, Processes & Operating System Security - Coursera|Cybersecurity Roles, Processes & Operating System Security - Coursera|VVQ8CPDVSLWV|",
  "Skills": "Communication   *   Leadership   *   Problem Solving   *   Calligraphy   *   Management|Aswathi Manoj Kumar - page 2||",
  "projects": "Trash bot, Battleship Assistant System, AI Chatbot.|"
}