{
  "name": "Niyati Nandita",
  "email": "niyati.nandita@gmail.com",
  "mobile": "8490203",
  "degrees": "[('BTech', '2022')]",
  "Experience": "Graphic Designer|SHAKESJEER|Feb 2022 - Present (4 months +)|Graphic Designer|CANVAS | FINE ARTS SOCIETY OF N.S.U.T|Apr 2021 - Present (1 year 2 months +)|",
  "Education": "Netaji Subhas Institute of Technology|Bachelor of Technology - BTech, Mechanical Engineering|2020 - 2024|Vishwa Bharti Public School - India|2007 - 2020|Licenses & Certifications|Foundations of User Experience(UX) Design - Coursera|Introduction to social media marketing  - Coursera|Fundamentals of digital marketing  - Google|",
  "Skills": "HTML   *   Cascading Style Sheets (CSS)   *   JavaScript   *   Engineering   *   AutoCAD   *   Graphic Design   *  |Digital Marketing   *   Digital Art   *   2D Animation|Niyati Nandita - page 1||"
}