{
  "email": "deepikamg77@gmail.com",
  "mobile": "+917204186133",
  "degrees": "[('BE', '2024')]",
  "education": "Institution  |Course/Degree  |Aggregate  |Year of |Passing |JSSSTU, Mysuru  |Electronics and   |Instrumentation |Engineering, B.E. |8.33(Upto 4th |Sem)  |2024 |Kamalamma vrushabendra swamy pu |science college shikaripura,  shivamogga |district |PCMB,DPUE |92%  |2020 |Morarji Desai Residential School |hosur,Shikaripura, Shivamogga  district |SSLC,KSEEB  |93.76%  |2018 | |",
  "projects": "  Human Posture Monitoring using Flex sensor. | .Fire  Detector Alarm Project. | .Rain Alarm Circuit Project. | | | |TECHNICAL SKILLS | |  C Programming  |  Basics of Programming in C++   | |ACIEVEMENTS  | | Participated in district level yoga. | |PERSONAL DETAILS  | Date of Birth : 25-08-2001 | Father's Name : Maheshwarappa B G  | Mother's Name : Suchitra M G. | Current Address : Yalivala at,Bharangi po, SorabaTaluk,Shivamogga  district - |577413  | Permanent Address :  Yalivala at,Bharangi po, SorabaTaluk,Shivamogga  district - |577413  |          Hobbies : Drawing,Dancing,Reading books and Singing.  | Nationality : Indian  | Languages Known : English And Kannada. | Any kind of disability : No  | Willingness to Relocate : Yes  |DECLARATION  |I hereby declare that all the above mentioned information is true and correct to the best |of  my knowledge.  |Place : Mysuru  |  Signature/E- Signature :  | ||"
}