{
  "email": "ggauri588@gmail.com",
  "mobile": "8218527934",
  "degrees": "[('Btech', '2020'), ('BTech', '2020')]",
  "EDUCATION": "Btech CSE |Graphic Era Hill University |09/2020 - 09/2024,  |BTech CSE |WORK EXPERIENCE |Worked on a desktop chat application and|games using C++. |Graphic Era Hill University |Dehra |",
  "SKILLS": "C,C++,Java, Web Development |Web Development |Skill |",
  "ORGANIZATIONS": "Graphic Era Hill University (09/2020 - 09/2024) |Student |ENGLISH, HINDI |Language |Limited Working Proficiency |Courses ||"
}