{
  "email": "vyshnavi2205@gmail.com,",
  "mobile": "949137354",
  "degrees": "[('BTech', '2024')]",
  "EDUCATION": "Shri Vishnu Engineering College for Women  -- B.Tech, Will be a graduate in the year|2024, 8.97 CGPA  (till date)|Electronics and Communication Engineering|Sasi Junior College  -- Intermediate , 2020, 9.94 GPA|Maths-Physics-Chemistry|Sri Chaitanya EM High School  -- 10, 2018, 9.8 GPA|",
  "SKILLS": "Self learning, Collaborative, Good in communication and active listener|HOBBIES|Listening music and watching movies.|COMPUTER SKILLS|C, Python, MATLAB, HTML, CSS|CORE SKILLS|Digital logic Design, Verilog HDL, Internet of things, Analog and Digital communications|",
  "PROJECTS": "Colored game|A board game|A simple board game which is developed by using Python. It is a single player board|game played on a 9*9 matrix/grid. The goal of the player is to arrange five balls that|appear in the board either horizontally/vertically/diagonally so that score increases. The|game comes to end when there is no chance in matching balls.|Password based digital keypad security|Using Arduino UNO|There are many security systems that are built in this generation and one of those|security systems is password and digital keypad security. The main objective is to open a|door/ lock using a password which is digitally controlled by a keypad. It is a|microcontroller based door unlocking system and it is efficiently used in the present|society.|INTERNSHIP|AI-ML-DL|:|I had done my internship in the second year of engineering under the|presence of ESCI (Engineering Staff College of India) in the area of|artificial intelligence ( machine learning,deep learning). We had done a|project in the area of machine learning. The project title is Loan Eligibility|Prediction. We considered dataset to evaluate the eligibility criteria,|divided the dataset into training and testing. Training dataset is used to|built the machine learning model with the help of machine learning|algorithms and testing data is used to chech whether the trained model|was giving accurate results or not.|CO-CURRICULAR ACTIVITIES|I am a member of ISTE(Indian Society for Technical Education) and IETE(Institution of|Electronics and Telecommunications Engineers) and actively participated in the events|conducted by them in the college.|EXTRA-CURRICULAR ACTIVITIES|I am a member of ATL(Assistive Technology Lab) lab which develops products based on|the requirements of society.|I am a co-ordinator of MECOW (Mega Event Celebration of World)club which celebrates|the days that are recognised by UNO.||"
}