{
  "name": "Archana Bharti",
  "email": "barchana2121@gmail.com",
  "mobile": "7972139360",
  "education": "National Institute Of Technology Patna|Patna,India|Bachelors Electronics And Communication Engineering|2020 - Present|CGPA: 7.8|All Saints High School|Bhiwandi,Mumbai|Secondary Education|2016 - Present|CGPA: 9.2|",
  "skills": "Programming Languages:|C C++ Python HTML CSS|Libraries/Frameworks:|DSA in C++|",
  "projects": "My Blog|A blog website made using bootstrap ans css.|Gym Web|A front end layout for gym website built using Html and Css.|Restaurant Website|Fully responsive front end layout for food ordering website.|Certifications| Graphic Designer Internship - YMRD||",
  "experience": "YMRD | Graphic Designer Internship|June 2021 - July 2021|NITP, ECE | Class Representative|Dec 2020 - Present|"
}