{
  "email": "satyavenna2002@gmail.com",
  "mobile": "7672089125",
  "degrees": "[('SSC', '2020')]",
  "Skills": "* |Programming skills   |                                                 |* |C, Python, Java   | |* |HTML, CSS, JAVASCRIPT   | |* |Bootstrap, Reactjs, Expressjs |* |Problem solving |* |Team work |* |Adaptability |* |Time Management |",
  "Projects": "Triangular Vertices project   |Hospitality Management project   | |",
  "Education": "2020-2024   |B tech / Shri Vishnu Engineering College for Women   |Computer Science Engineering, CGPA: 8.81   |2020   |Intermediate / Narayana jr college, Vijaywada   |Board of Intermediate Education, CGPA: 9.79   |2018   |SSC/ Chegu Vidyalayam  |Board of S.S.C, CGPA: 10   |Venna  |Naga Satyasri  |  |Certificate Courses, Achievements & Awards   |   |* |Machine learning by great learning   |* |Participated in GDSC coding contest   |   |* |Database |foundations by oracle  |* |Python by |udemy  |  |",
  "Interests": " |* |Web Development   |* |Cyber security   |* Machine learning   |* Artificial Intelligence   |  |Declaration   |I, Venna Naga Satyasri, here by declare that the information furnished above is true and correct to the |best of my knowledge and belief.   |   |   ||"
}