{
  "email": "nagalikhitatelanakula@gmail.com",
  "mobile": "9030864",
  "degrees": "[('BTech', '2020'), ('SSC', '2020')]",
  "education": "Qualification |Institution |University/Bo|ard |Course |Duration |Percentage/C|GPA |         |       B.Tech |Shri Vishnu |Engineering |College for |Women, |Bhimavaram |JNTU-|Kakinada |2020-24 |7.7(present) | | Intermediate | |Sri Chaitanya, |Vijayawada |BIEAP |2018-20 |9.4 | | |        10th | |Sri Chaitanya, |Vijayawada |SSC |2017-18 |9.7 | | TECHNICAL SKILLS                                                                                                                 |                    Programming Languages     :     C, Python, Java |                    Web Technologies                :      HTML, CSS, JavaScript, React, Nodejs |                    Database                               :       MY SQL |                    Operating Systems              :      Linux | | | |SOFT SKILLS                                                                                                                             |* I'm punctual all the time |* Quick learning through observation. |* I'm having good leadership qualities. |CERTIFICATIONS                                                                                                                     |DataScience - Datathon |Web Development - Hackathon |ACHIEVEMENTS                                                                                                                      |* Participated in presentation for Datathon. |",
  "projects": "Project Name: |Blood Donation | |Description: | It reduces the search of finding blood groups in hospitals. |Tools and |Techniques |used: | | HTML, CSS, JavaScript, | ReactJS, NodeJS |Project Name: | Online Delivery | |Description: | |  Doorstep deliveries in Colleges or Universities. | |Tools and |Techniques |used: | | HTML, CSS, JavaScript, | ReactJS, NodeJS | | | |CO-CURRICULAR ACTIVITIES                                                                                                |* Participating in events like singing and games |* Learned Drawing and Painting. |* A member of GDSC Club. |AREAS OF INTERESTS AND HOBBIES                                                                                  |* Playing Chess |* Badminton |* Carroms |* Singing Music |* Dancing ||"
}