{
  "name": "Parvati Laxmi",
  "email": "soumyach1219@gmail.com",
  "mobile": "5342028309",
  "degrees": "[('ICSE', '2018')]",
  "education": "2020 - 2024 Bachelor of Technology from Vishnu Institute of|Technology , Bhimavaram , Andhra Pradesh.|Currently pursuing a Bachelor of Technology|(B. Tech) in the stream Artificial Intelligence and|Data Science (AI & DS) with current CGPA - 8.8|2018 - 2020 School of Intermediate Education (Class 11 & 12)|from Sri Chaitanya Educational Institutions ,|Machilipatnam , Andhra Pradesh.|Group - MPC(Mathematics, Physics, Chemistry)|and scored CGPA - 9.88.|2007 - 2018 School of Education from Saint Francis English|Medium High School in BOARD OF ICSE (Council|For The Indian School Certificate of Examinations,|New Delhi) and scored 84.16 % (Percentage)|eu|Languages|English|Telugu|Hindi||",
  "skills": "Programming Languages : Python , C , Java|Web Development Languages : HTML , CSS , Javascript|Scripting Languages : PHP, Django|Basic Knowledge in Machine Learning and Data|Science|Basic Knowledge in Data Structures and Algorithms|Microsoft Office|Communication Skills|Leadership Skills|Aptitude Skills|eu|",
  "projects": "-- Detection of Parkinson Disease|-- Prediction of marks using Data Science|-- Fake News Detection|---- Participated in the \"5 Days Workshop on Cyber Security and|Cyber Forensics\", organized by School of Computer Science|Engineering VIT-AP University, Amaravati, AP.|---- Designed a basic game of Whack - a - mole based on|JavaScript , HTML , CSS.|---- Worked as a contributor in Girlscript Summer|Code (GSSOC 2022) on the project Quicklearn|(March 2022 - May 2022)|Quicklearn project details : A collection of resources|categorized by tech domains, languages, expertise and much|more. QuickLearn gives you quick access to all the resources that|you could need at a single place, within a click!|---- Participated in WE (Women Engineers) 2021 Program by NSE|TalentSprint|---- Participated in learning program of Data Science in a|program Data Science Learning Program of duration (10 - 12|weeks) funded by APSSDC & IES (March 2022 - 2022)|eu|",
  "experience": "---- I had successfully completed my internship program in Data|Science from (September to November - 2021) from Plot My|Data - 1stop AI . Worked on three basic Data Science|"
}