{
  "name": "Harsh Goyal",
  "email": "harsh20562@iiitd.ac.in",
  "mobile": "2020562",
  "degrees": "[('BTech', '2020'), ('CBSE', '2020')]",
  "education": " |Indraprastha Institute of Information Technology, Delhi |B.Tech (CSAI) |2020 - Present |CGPA:  |7.2 | |DAV Centenary Public School, Paschim Enclave, New Delhi |CBSE |2017 - 2019 |Percentage: |93.4% |DAV Centenary Public School, Paschim Enclave, New Delhi |CBSE |2008 - 2017 |CGPA: 10 | |",
  "skills": " |Expertise Area |Python, Java, Machine Learning, Web Development, Data Structures and |Algorithms |Programming |Language |Java, Python, C++, C, Kotlin, HTML/CSS, JavaScript, PHP |Tools and |Technologies |Android Studio, IntelliJ Idea, GitHub, Octave, JavaFX, Pandas | |Technical |Electives |Theory of Computation, Database Management Systems | |",
  "projects": " |Will Hero Game in JAVA (Github) |Guide: Dr. Vivek Kumar |(Nov,21 -Jan,22) |Team Size-2 |Implemented Will Hero Game in Java  |using JAVAFX and Scene Builder | |Custom Assembler and Simulator for the provided ISA (Github) |Guide: Dr. Tamman Tilo |(Jul,21 - Sept,21) |Team Size-3 |Created an assembler and a simulator in Python for |the provided ISA | | | | | |Exploratory Data Analysis using Python (Github) |Guide: https://www.jovian.ai/ | |(May,21 - May,21) |Team Size-1 |Analyzed crime against women from 2001-2014 dataset |and used the methods like data processing and data analysis |to express the data in an organized way. | |Awards and Achievements | |* |Competitive Programming Profiles: |* |Codeforces: Max Rating - 1227 (Pupil), Problems Solved - 270 |* |Codechef: Max Rating - 1753 (3-star), Problems Solved - 154 |* |Global Rank of 808 in December Lunchtime 2021 Division 3. |* |Participated in Google Kickstart-2021 and achieved a best rank of 3149. |* |Completed 30 Days of Google Cloud. |* |Completed AWS Machine Learning Foundations Course on Udacity. |* |Completed Data Analysis with Python- Zero to Pandas by Jovian. |* |Achieved AIR-5533 in JEE-Mains 2020 and AIR-3998 in JEE-Advanced 2020. | |Interests and Hobbies | |* |Playing Cricket, Chess. |* |Exploring the field of Entrepreneurship. |* |Exploring new tools and technologies in the field of Computer Science. | | |Declaration: The above information is correct to the best of my knowledge. |Harsh Goyal |Date: 04 24, 2022 | | | | | | | ||"
}