{
  "email": "ishita20305@iiitd.ac.in",
  "mobile": "2020305",
  "degrees": "[('BTech', '2002'), ('CBSE', '2019')]",
  "education": "IIIT - Delhi|B.Tech (CS & Applied Mathematics)|2020 - 2021(Nov)|CGPA: 8.33|(till 3rd Semester)|Springdales School, New Delhi|CBSE - AISSCE (12th)|2019 - 2020|Percentage: 94.2|Springdales School, New Delhi|CBSE - AISSCE (10th)|2017 - 2018|Percentage: 97.4|",
  "skills": "Expertise Area|Data structures and algorithms, Operating systems|Programming|Language|Python, Java, C|Tools and technologies Intellij idea tinkercad circuit verse|Technical Electives Advanced programing, Real Analysis, Discrete|.                             Computer organization, Digital circuits|Internship|Nil|",
  "projects": "Kernel level consumer producer problem|Guide:Dr Sambuddho Chakravarty|Oct 2021|Team Size-1|Modification of linux kernel scheduler and implementation of|system call to change the chances of process being selected|Guide: Dr Sambuddho Chakravarty|Oct 21|Team Size-1|JAVAFX game snake and ladders|Guide: Dr Koteswar Rao Jerripothula|Oct 21|Team Size-1|Custom compiler and assembler using python|Aug 21|Guide: Tammam Tillo                                                                          Team size-3|Python Application for Dictionary Use|Feb 21|Guide:|Team Size-1|Raghava Mutharaju|Positions of Responsibility|*|Curator for TEDxIIITD|*|PR and publicity team of Kaleidoscope (IIITD Magazine)|*|PR and publicity team of biobytes|*|Group mentor for Induction of 2021 batch|*|Vice Captain of house in Highschool|Awards and Achievements|*|School Topper in 10th Standard|*|Merit Awards every year in school|*|Cleared Pre Regional Math olympiad in highschool|*|15k rank in jee mains|*|22k rank in jee advanced|Interests and Hobbies|*|Tennis|*|Painting|Declaration: The above information is correct to the best of my knowledge.|ISHITA SINDHWANI|Date: January 13th , 2022||"
}