{
  "name": "Arnab Mondal",
  "email": "arnab.mondal2020@vitstudent.ac.in",
  "mobile": "+91825038420",
  "degrees": "[('BTech', '2022'), ('SSC', '2022'), ('CBSE', '2022')]",
  "education": "DAV Model School, Durgapur |Secondary [2018] - 92.4% | |DAV Model School, Durgapur |Higher Secondary [2020] - 96.6% | |Vellore Institute of Technology, Chennai |[2020-2024] |B.Tech. in CSE |Current CGPA: 8.91 |",
  "skills": "organization. Also, I look forward to |expand my knowledge and explore |new trends in this field. |CONTACT |PHONE: |+91-8250384206 | |EMAIL: |arnab.mondal2020@vitstudent.ac.in | |ADDRESS: |9/5 Deshbandhu Nagar, Durgapur, |713204, West Bengal |HOBBIES |Travelling |Sports |Reading |Learning new everyday |Video Editing | |ARNAB MONDAL |UG STUDENT | |Software: LTspice, Tinkercad, MATLAB, RStudio, StarUML, eSIM, Cisco    |Packet Tracer |Programming Language: C, C++, JAVA, Python |Other Languages: HTML, XML |Database Management:  MySQL, Oracle |OTHER SKILLS |COMMUNICATION  |I am well trained in communication skills as I successfully addressed a |gathering of over 100 people | |PUBLIC SPEAKING  |I took a seminar at school |I gave speech in the morning assembly at my school | |LEADERSHIP SKILLS  |I have the capability to lead my coworkers towards victory. I worked as |the team lead for 4 of my projects that I developed in the past |semesters. | |TEAM WORK  |I am a team player. I worked with my team for 6 projects that I |developed in the past semesters. I put my team ahead of me in our win |and take the blame of our losses.  |",
  "projects": "Hotel Management System using DBMS |E Commerce Portal in Software Engineering |LIFE WAVES-Health Care Portal in Innovative Projects |R CORPS in Startup Management |DIVI's LAB-Financial Analysis in Financial Management |THE UNMASKED-Face Mask Detector using Arduino in Micro Processor | | | | |INTERNSHIP EXPERIENCE |SMARTKNOWER |Applied for an internship in Smartknower which is going to start in June |2022 |CO-CURRICULAR ACTIVITIES |THE WHITE HELMETS (CLUB, VIT) |Member | |BENGALI SOCIETY (SOCIETY-Cultural, VIT) |Member |DISTINCTIVE ACHIEVEMENTS |SSC |100/100 in Computer Science in SSC 2018 | |AISSCE |3rd in School |Merit Certificate from CBSE due to oustanding performance |Participated in Tinker Fest conducted by STEMROBO in association with |Atal Innovation Mission (NITI AAYOG) | |BTech |CISCO certification for online completion of online course |COURSERA certification for online completion of online course |eSim certificate for ssuccessful simulation of circuit  |REFERENCES |Dr. Gopinathan N |Phone: +91-9444655775 |Email: gopinathan.n@vit.ac.in | |Dr. Florence Gnana Poovathy J |Phone: +91-8675462014 |Email: florence.poovathy@vit.ac.in  | |Dr. Braveen M |Phone: +91-9677745750 |Email: braveen.m@vit.ac.in | | | |  | | | ||"
}