{
  "email": "yerramsettitejaswi16@gmail.com",
  "mobile": "8247613738",
  "degrees": "[('BTech', '2020'), ('SSC', '2018')]",
  "TECHNICAL SKILLS": " |Languages known : C,Python,Java,Html,Java script,CSS | |",
  "CERTIFICATIONS": " |         |      |*  Got Certified in a 24hrs Hackathon on 25th June,2022. |* Earned a certificate for DBMS in ORACLE ACADEMY. |* Got certified in LINKEDIN (HTML,CSS,JS).  | | EXTRA CURRICULAR ACTIVITIES | | |* Participated as student volunteer in various events organized at department and college level |in Shri Vishnu Engineering College forWomen. |* Participated and won prize in the event organized by SAHAYA club. | |PERSONAL INFORMATION | | |Name |YERRAMSETTY TEJASWI |Gender |Female |Date of Birth |16-11-2002 |Languages Known |English,Telugu |Hobbies |Playing games,Listening music,Playing with my pet. |Nationality |Indian |Communication |Address |Dno:14-11-22,Kesari Vari Veedi |,Royapeta,Narsapur  Mandal,west Godavari |District,AP,Pincode=534275. | |Declaration |I hereby solemnly affirm that all the details provided above are true to the best of my knowledge. |DATE: 28-06-2022 |PLACE: BHIMAVARAM |YERRASETTY TEJASWI ||",
  "education": " |2018-2020 | |95.1% | |SSC |Narayana English |medium school  |Board of |Secondary | |2017-2018 | |       10.0 | |",
  "projects": " |         |* Developed a project using PYTHON in WISE program. |* Working on MINI PROJECT(Online College Voting) using REACTJS. |         | |"
}