{
  "name": "Veena Yerraguntla",
  "email": "veenayerraguntla9@gmail.com",
  "mobile": "+917032847993",
  "degrees": "[('XII', '2020'), ('X', '2020'), ('SSC', '2020')]",
  "education": "Bachelor of Technology B.Tech), Computer Science|BVRIT Hyderabad College Of Engineering For Women|2020 - 2024|CGPA 7.44/10|Senior Secondary XII, Science|TELANGANA STATE BOARD BOARD board|Year of completion: 2020|CGPA 9.61/10|Secondary X|TS SSC board|Year of completion: 2018|CGPA 9.70/10|TRAININGS|Full Stack Development|Codinza, Online|May 2022 - Present|Machine Learning|NSE Talent Sprint, Hyderabad|Oct 2021 - Present|Python|NSE Talent Sprint, Hyderabad|Jan 2021 - Aug 2021|",
  "skills": "Python|Intermediate|C Programming|Intermediate|C Programming|Intermediate|Java|Intermediate|JavaScript|Intermediate|CSS|Intermediate|HTML|Intermediate|Machine Learning|Beginner|Node.js|Beginner|Express.js|Beginner|Firebase|Beginner|MongoDB|Beginner|Database Management|System DBMS|Beginner|WORK SAMPLES|Blog link|https://veena4512.github.io/|GitHub profile|https://github.com/Veena4512,https://github.com/veena-7|ADDITIONAL DETAILS|HackerRank(python basic),HackerRank(SQL),Participated in|NDLI User Awareness Session for|BVRITH,SQL(basic),Operating Systems(saylor.org),cerification|of completion of web development 101 (codinza)|ping pong game(in python)|Selected for level3 in codepragnya all india contest in python||",
  "projects": "ping pong game(in python)|Sep 2021 - Sep 2021|https://gitlab.com/20wh1a1231/pong/-/tree/main|Ping Pong is a two player game, player A on left and player B|on right.|Both player only moves up and down by pressing key 'w' and|'s' for player A, key 'Up' and 'Down' for player B.|"
}