{
  "email": "rt.20u10908@btech.nitdgp.ac.in",
  "mobile": "+91993327245",
  "degrees": "[('BTech', '2002'), 'CBSE']",
  "education": "2.1|Secondary & Higher Secondary|Examination|Board / Institution|Year of|Passing|Marks|Obtained|Out of|%|10 th STD|CENTRAL BOARD OF|SECONDARY  EDUCATION|2018|464|500|92.8|12th STD|CENTRAL BOARD OF|SECONDARY  EDUCATION|2020|481|500|96.2|2.2|Graduation|SEM|1|2|3|SGPA|9.08|9.45|8.52|CGPA|9.08|9.25|9.01|3. Scholastic achievements:|Awarded CBSE Merit certificate in 12th Standard for  Chemistry.|4. Self Projects:|1.TEXTFORM Website using React js - A Text Manipulator Website used to perform basic|manipulations on a text input in the textarea.|2.NEWSAPP   Website using React js. - A News website made by using News API to view all|Latest news from all categories.|5. Skills and|Weakness:|",
  "skills": "Programming languages: C language, C++, Javascript, React js.|WEAKNESS:|I could have a better proficiency in Node js. I am currently undertaking online courses for better|understanding.|I have less Physical Athleticism as after COVID I could not play much outdoor sports but I am|working on it by doing indoor workouts and running in the evening.|6. Position of Responsibility:|1. Event Manager and Junior Coordinator in Maths and Tech Club.|2. Member of Team Aavishkar, the organizer of AAROHAN(Annual Techno Management|Fest of NIT Durgapur).|3. Responsible for Reaching out to Sponsors in Team Aavishkar.|4. Member of Public Relations team in Team Avishkar.|7. Extracurricular activities:|1. Winner of The Inter House Volleyball Competition in 12th Standard.|2. Winner of Interhouse Maths Quiz in 12th Standard.|3. Winner of Kryptic Event in AAROHAN 2021.|I hereby declare that the information given above is true and correct.|DATE: 28/02/2022|SIGNATURE:||"
}