{
  "email": "manan.chhikara2020@vitstudent.ac.in",
  "mobile": "9811227",
  "degrees": "[('Btech', '2020')]",
  "EDUCATION": "Btech in Computer Science with|specialisation in IOT |Vellore Institution of Technology, Vellore |10/2020 - Present,  |12th |St. Thomas School, Bahadurgarh |03/2019 - 03/2020,  |93.8 |10th |St. Thomas School, Bahadurgarh |03/2017 - 03/2018,  |90 |",
  "SKILLS": "C++ |Java |Data Structures |Algorithms |PERSONAL PROJECTS |Study of Adaptive Pixel Value Differencing|Steganography (08/2021 - 12/2021) |used PVD algorithm |wrote the PSNR code in python |",
  "LANGUAGES": "English |Full Professional Proficiency |Hindi |Full Professional Proficiency |",
  "INTERESTS": "Football |Gaming |Coding |Writing ||"
}