{
  "name": "Arunima Gupta",
  "email": "arunimagupta2002@gmail.com",
  "mobile": "7417455731",
  "degrees": "['BTECH', ('CBSE', '2020')]",
  "projects": "* BUG TRACKING SYSTEM (Oct, 2021 - Feb, 2022) : Developed a basic bug tracking system with 3 types of|users: (i) Admin (ii) Developer (iii) QA tester using PHP, HTML, CSS and MySQL as a B.TECH 3rd semester|mini project.|TECHNICAL SKILLS|* Languages C (proficient), C++ (proficient), HTML,CSS, MySQL, PHP, Java.|SCHOLASTIC ACHIEVEMENTS|* Crack C - Coding Marathon : Achieved a position in Top 20's in coding competition in 3rd semester|B.TECH.|* 5-Star on Hacker rank in Problem Solving||"
}