{
  "email": "chamili6043@gmail.com",
  "mobile": "8106283241",
  "degrees": "[('BTECH', '2018'), ('CBSE', '2018')]",
  "education": "  |BTECH in Computer Science Engineering | | | | | | |  Pursing | |BVRIT HYDERABAD College of Engineering for Women, CGPA: 8.17 | | |Intermediate            | | | | | | | | | |2018 - 2020 | |Narayana Junior College, Percentage: 96.5 | | |CBSE 10th   | | | | | | | | | | |     2018  | | | | | | | | | | | | | | | |Little Scholar School, CGPA: 8.5 | | |",
  "projects": " | | Calchub | | | | | | | | | | |March - 2022 |It is an OpenSource project of designing unique calculators for various aspects of mathematics at |Girl Script Summer of Code. |    Tech Stack: Html, CSS, JavaScript, GitHub | | | | |:: 2 :: | |CERTIFICATE | |Certification on Artificial Intelligence in Coursera. | Certification of Python for Data Science in Infosys Springboard. | Certification of Web Development in Codinza. | Certification of Spark AR organised by BVRITH. | Hackerank Certificates: | SQL Basic  | SQL Intermediate | Python | |ACHIEVEMENTS | | Participated in Global Heartfulness Essay Event - 2021  | Merit Certificate of Spark AR in association with META. | |",
  "experience": " | Team Member at Google Students Developer Clubs BVRITH. | Opensource Contributor At GSSOC'22. | | |Find me on | | LinkedIn | Hackerank | Codechef | |PERSONAL DETAILS | | Date of Birth |: 20-10-2002. | Father's Name : Pothuganti Raja Sekhar. | Gender | |: Female. | Nationality |: INDIAN. | Languages   |: English, Hindi, Telugu. | |DECALARATION | |I hereby declare that the above furnished particulars are correct and to be the best of my |knowledge and belief. |                                                              ||"
}