{
  "email": "jyothimurugan.m2020@vitstudent.ac.in",
  "mobile": "+91979004374",
  "degrees": "[('BE', '2020'), ('BTech', '2020'), ('XII', '2020'), ('X', '2020')]",
  "SKILLS": "- Python|- C|- C++|- HTML|- Machine Learning|",
  "CERTIFICATIONS": "- Java Programming Solving Problems with |Software|- python|Jyothi Murugan Mohan|PERSONAL DETAILS|Date of Birth|May 22, 2003|Gender|Male|",
  "EDUCATION": "Graduation|Course|BE / B.Tech ( Electronics and Communication )|College|Vellore Institute of Technology (VIT), Vellore, Chennai|Year of Passing|Graduating in Jul 2024|Score|7.89/10|Schooling| Class XII| Class X|Board Name|Tamil Nadu|Tamil Nadu|Medium|English|English|Year of Passing|2020|2018|Score|86.16%|87.2%|",
  "PROJECTS": "Food recommendation System | January 2022 - May 2022|- Recommendation of Food using Reinforcement Learning ||"
}