{
  "email": "janakiraman.k2020@vitstudent.ac.in",
  "mobile": "7358331356",
  "degrees": "[('CBSE', '2020')]",
  "EDUCATION": "COLLEGE |VIT CHENNAI |05/2020 - Present,  |CGPA 9.3 |Specialization in Cyber|Physical Systems |SCHOOL |NSN MEMORIAL - CBSE |08/2008 - 03/2020,  |Chennai |Boards - 95% JEE - 96% |PERSONAL PROJECTS |e - Commerce website for Store (05/2021 - Present) |https://amudhuorganicsnutsncrackers.com/ |Green House automation system (03/2020 - Present) |Distributed Realtime System |Cyber Security Student Club -  Dynamic Certificate Page| (03/2021 - 03/2021) |https://owaspvit.org/locker |Freelancing Bidding and Ethereum based website using|blockchain (04/2022 - 04/2022) |Hackathon |Sample Django and Flask projects |",
  "EXPERIENCE": "Cultural Secretary |NSN Memorial (School) |Chennai |Manage and Market cultural and sports events |",
  "SKILLS": "HTML |CSS |JAVASCRIPT |DJANGO |FLASK |PYTHON |C, C++ |FLUTTER (Beginner) |BOOTSTRAP |CRUST |AGORITHMS |MATLAB |TINKERCAD |LINUX |NETWORKING |JQUERY |SQL |",
  "ACHIEVEMENTS": "Runners up in Hacknight hackathon |Blockchain based crust and polygon implementation |Gold Badge in HackerRank - Python |Silver Badge in HackerRank - C++ |Created working e-commerce website for a store |https://amudhuorganicsnutsncrackers.com/ |Created Owasp Student Chapter - Dynamic|Certificate Page (Discord bot included) |https://owaspvit.org/locker |Created Cyscom Student Club Legacy webpage |Ongoing Courses of - AWS, Data Science, Machine|Learning |CERTIFICATES |Hacknight Runners Up Certified |HackerRank Gold medal - Python Certified |Owasp (CyberSecurity Club) WebDev Page  Certified |IIT-Bombay  Python Course Certified |Amazon Web Services Intermediate - Ongoing |Full Stack Web Development Udemy Certified |Courses |Courses ||"
}