{
  "name": "Abhishek Gairola",
  "email": "gairolaabhishek26@gmail.com",
  "mobile": "8218142481",
  "degrees": "[('BTECH', '2020'), 'CBSE']",
  "projects": "* Malicious URL Detector Using Machine Learning (Nov, 2021 - Present) : To Develop a Machine Learning|Modal that will help in detecting Infected URL's.|TECHNICAL SKILLS|* Languages C (proficient), C++ (proficient), Python (sound knowledge)|* Have a proficient knowledge of DSA in C , Learned OOPS concept in C++ and have sound knowledge of|Python.|MY ACHIEVEMENTS|* Participated in Inter School Debate Competition in Drona Public School and stood 1st, position.|POSITIONS OF RESPONSIBILITY|* Head Boy in School I was the Head Boy of the School and got the opportunity to meet CBSE Regional|Officer and to represent my School in front of him.||"
}