{
  "email": "ishanagrawal0709@gmail.com",
  "mobile": "919811100",
  "degrees": "[('CBSE', '2020')]",
  "education": " | |DEGREE/EXAM |YEAR |INSTITUTE | CGPA/MARKS(%) | |B. Tech. in Information |Technology | |2020-2024 |Delhi Technological University (Formerly    |Delhi College of Engineering) |% |9.257 | | | | | | | |CBSE (Class XII) |2020 |St. Mark's Senior Secondary Public |School, Meera Bagh, New Delhi |9|0|% |94.4% | | | | | | | |CBSE (Class X) |2018 |St. Mark's Senior Secondary Public |School, Meera Bagh, New Delhi |9|2|% |97.2% |  | | |  |  | | |  | | | ACADEMIC PROJECTS | |* Supply Tracker for Military Application  |o Developed a program to help keep a track of food, medicine and ammunition in different military |regiments, and to facilitate inter-regiment transfer of supplies. It helped ensure transfer of material |from a regiment with excess supply to a regiment with deficiency of the material. |* Search Suggestions System   |o Developed a search suggestions system, which would suggest words based on the search history of |the user. This program was written in C++, and was made with the purpose of demonstrating the |application of Trie (a type of tree) data structure. |*   DBMS with Application in the Gaming Industry |o Currently working on a DBMS which stores details of different games and players playing these |games. If we put in actual data pertaining to players and games, it can be used as a great source to |keep track of various statistics pertaining to games and users. |* Movie Tickets Booking System |o Developed this project for my school's final year computer project. This system can be used by a |cinema hall/chain of halls to display the shows, time slots, ticket prices, booked seats, remaining |seats, etc. to customers. Customers can pick any seat from the remaining ones, and can reserve |them. Once seats are reserved, they are marked as filled, and cannot be booked by someone else. |On booking seat(s), customers are given a unique code, which stores their booking's information. |This code when shown in the cinema hall, can be used to retrieve the booking information.  |* Entrepreneurship Cell, DTU App (In Progress) |o Started working on a flutter application to showcase all achievements, events, initiatives of |Entrepreneurship Cell, DTU. This app will be built using dart and flutter, and we are currently in |the beginning stages of the project. | | POSITION OF RESPONSIBILITY | |* Co-Head, E-Cell DTU (October 2021-Present) |o Selected and trained students working in the Entrepreneurship Cell of DTU |o Successfully conducted our flagship event, E-Summit, in April 2022, managing the entire stuff, |during, pre- and post- event, along with other team members |o Coordinated with companies and various industry professionals to get sponsorships and speakers for |our events | |* As Organizer (Techstars Startup Weekend 2021) for Entrepreneurship Cell of DTU  |o Successfully organized a 3-day Startup festival organized by Techstars and E-Cell DTU. |o My role involved bringing in sponsors and guests, and also to manage various sessions throughout |the event.  | |* As Organizer (Techquest 2021) for D_Coder DTU |o Successfully led one of the main events of Techquest 2021, the Decrypters' Dilemma |o Gave the idea of this event, led a team of 10+ individuals involved, and led the execution of the |entire event of Decrypters' Dilemma   | | |EXTRA-CURRICULAR ACTIVITIES AND ACHIEVEMENTS |* 4-star coder (Rating 1856) at Codechef  |* Published a research paper in IRJMETS titled \"Studying Various Technological Advancements in the field |of Solar Energy\" under the guidance of Dr. J.P. Kesari | |",
  "skills": " |* Programming Languages: C, C++, Python, Dart |* Technical Skills: Object-Oriented Programming, Operating System, Data Structures and Algorithms |* Frameworks: Flutter |* Database: Database Management System, MySQL |* Version Control: Git and GitHub  | |DECLARATION |  I hereby declare that the details furnished above are true and correct to the best of my knowledge and belief. ||"
}