{
  "name": "Bhavya Ardeshna",
  "email": "bhavyaardeshna2301@gmail.com",
  "mobile": "7359802394",
  "degrees": "[('BE', '2024')]",
  "Experience": "Electrono Solutions | Bangalore, Karnataka|Summer Intern | 06/2021 - 07/2021|Designed user registration and login page with admin and standard access and a machine master page which displays the|state of different machine parts reading the data stored in the database.|Worked with ASP.NET framework, C# and HTML/CSS to design the webpages.|implemented mongoDB as database and assessed its advantages.|Design Project BITS Hyderabad | Hyderabad, Telangana|Student Assistant | 04/2022 - Present|Using AI and ML models to optimize battery thermal management for electric vehicles.|working on supervised learning techniques such as linear and logistic regression, Artificial Neural Networks, Convolutional|Neural Networks, and Long Short-Term Memory (LSTM).|",
  "Skills": "C(programming language), C++, C#, Python, Machine Learning|",
  "Education": "Birla Institute of Technology and Science | Hyderabad, Telangana|B.E. Electronics and Instrumentation and M.Sc. Chemistry | 05/2024|Currently completing courses in Electronics and instumentation Engineering.|Current CGPA 7.3|Extra Curricular|Core member of Alchemy Association|Played for college sports team(Ultimate Frisbee)||"
}