{
  "email": "ydevyansh@gmail.com",
  "mobile": "9309593833",
  "degrees": "[('Btech', '2020')]",
  "EDUCATION": "Btech |VIT Vellore |08/2020 - Present,  |Vellore, Tamil Nadu |CSE 1001 - Problem|Solving and Programming |CSE1008 - Programming in|C |CBS1002 - Object Oriented|Programming |CBS1003 - Data Structures|and Algorithms |CBS1004 - Computer|Architecture and|Organization |CBS1005 - Software|Engineering|Methodologies |CBS1007 - Database|Systems |CBS1006 - Principles of|Operating Systems |CBS2003 - Design Thinking|",
  "SKILLS": "C |C++ |Python |Data Structures |Web Devlopment |HTML |CSS |PERSONAL PROJECTS |Distribution tracking system (using blockchain)| (01/2021 - Present) |",
  "ORGANIZATIONS": "IEEE-IAS (07/2020 - Present) |Organization Name |",
  "LANGUAGES": "Hindi |Native or Bilingual Proficiency |English |Native or Bilingual Proficiency |",
  "INTERESTS": "Web Development |Artificial Intelligence |Competitive Coding |Figma |Interest |Courses ||"
}