{
  "name": "Nikhil Kumawat",
  "email": "nikhilkumawat1499@gmail.com",
  "mobile": "+918107061807",
  "degrees": "['BE']",
  "skills": "* Website landing page was created with Recommendation system for different themes based on Client's|Business type.|* Performed data cleaning and analysis to produce pinpointing trends and patterns for clients in Real|estate, cafes and restaurant based start-ups.|* Skills learnt-GUI, tf-idf vectorisation,transformers like BERT , BOW approach, Flask, Team building|and leading experience.|* Machine learning Intern|(Eshipz.com, Bangalore)|(May 2021- July 2021)|* Objective was to detect Fraud in Ecommerce.|* Classification was performed on various forms of datasets with various combination of ML models to|maximise recall and AUC of ROC.|* Tree based models like Extra tress classifier and Deep learning (ANN) were found to perform best on|the dataset.|* Flavours of SMOTE were used to deal with the class imbalance in the dataset.|* Threshold was also optimised for better results.|* REST APIs were created using FastApi for deployment purposes.|* Skills learnt-Traditional ML models , scikit-learn, SMOTE technique, classification metrics, ROC, thresh-|old optimisation as per the sensitivity of output class and tackling the various aspects of classification|based modelling like class imbalance, sensitivity and weightage given to outputs regarding the project.|* Data Science Teaching Assistant|(Perfect E-Learning (P2B))|(July 2021- August 2021)|* Conducted weekend live classes on Machine Learning Models and their deployment.|* Created and graded the students assignments for the same.|* Study Project - Predicting Molecular Properties using Machine Learning and Deep Learning|(Supervisor- Prof. K. Sumithra, BITS Pilani, Hyderabad Campus)|(August 2021- Present)|* Objective is to bypass the traditional methods of approximation molecular wavefunctions to estimate|the molecular properties like atomisation, polarisability,ground state eigen values, excitation energies|etc.|* Exploring NLP techniques and molecular descriptors like sorted coulomb matrices to encode molecules|into N-Dimensional vector space .|* Using Deep Learning and traditional ML methods to predict the desired molecular properties.|RELEVANT COURSES UNDERTAKEN|* Computer Programming|* Advanced Calculus|* Basic Electrical Engineering|* Solutions To Differential Equations|* Linear Algebra|* Complex Analysis|* Probability And Statistics|RELEVANT ONLINE COURSES UNDERTAKEN AND PROJECTS|* Understanding and Visualizing Data with Python - Coursera|* Support Vector Machine Classification in Python - Coursera|* Linear Regression with NumPy and Python - Coursera|* Neural Networks and Deep Learning - Coursera|* Improving Deep Neural Networks: Hyperparameter tuning, Regularization and Optimization - Cours-|era|* Structuring Machine Learning Projects - Coursera|* Convolutional Neural Networks - Coursera|* Python and Statistics for Financial Analysis-Coursera|* Image Classification on CIFAR-10 Dataset|* Covid-19 rate prediction|* Breast cancer Prediction|* Spam Mail Prediction|* Kaggle Projects- House pricing, titanic, MNIST fashion, MNIST digit recognizer, Alexa Sentiment|analysis- keras word embeddings were used for visualisation and modelling.|Repositories and other links|* Github link- https://github.com/nikhilkumawat1499|* Kaggle Notebooks expert (Top 1%) Kaggle link- https://www.kaggle.com/nickelkumawat|TECHNICAL SKILLS|* Conversant with coding in Python and relevant libraries like tensorflow-Keras, scikit-learn,RDKit,|NLTK and openCV|* Intermediate level experience of: Data Science, Machine Learning and Deep Learning|* Specific Fields :Natural Language Processing , Computer Vision , Electronics , Data Visualisation ,|exploration and analysis|EXTRA CURRICULAR ACTIVITIES|* Project Parishkar Online|(August 2020-December 2020)|* Parishkar is an initiative started under the Nirmaan organisation of student body BITS Pilani with|a vision to help needy students in pursuance of their academic curriculum|* Taught supporting lecture classes in courses of \"Communication Skills\", \"Social Studies\"and \"Math-|ematics\" for academically weaker students||"
}