{
  "email": "abhisheksingh2532001@gmail.com",
  "mobile": "9183830075",
  "degrees": "[('BTech', '2020'), ('CBSE', '2017')]",
  "education": "B.Tech (Computer|Science)|2020-2024|Delhi Technological University (DTU)|9.09 CGPA (till 3rd sem)|CBSE (Class XII)|2019|GOVT. BOYS SR. SD. SCHOOL,Delhi|83.8%|CBSE (Class X)|2017|GOVT. BOYS SR. SD. SCHOOL,Delhi|8.4|INTERNSHIP|*|FRONT-END DEVELOPER | FITNESSFUEL360|(DEC 2021-Jan 2022, 1-month)||Worked on the admin panel of the E-commerce site https://fitnessfuel360.com/||Worked with the team in developing the UI pages using ReactJS, HTML, CSS, Javascript, JSON, SASS .||Integrated the frontend to the backend through the API provide.|ACHIEVEMENTS AND AWARDS|*|Leetcode biweekly 75: World Rank 378 out of 16000+ participants.|*|Solved more than 650 problems across all platforms (Codeforces, GeeksForGeeks, Leetcode)|*|Qualified JEE mains and JEE Advanced .|",
  "skills": "*|Languages - C++ , SQL, HTML , CSS , JavaScript , NODEJs.|*|Knowledge - Fluent with STL in CPP, API, Web Scraping, Algorithmic Analysis and Design, Data Structure, Object-oriented|programming, Operating System, Database Management System.|Declaration|I hereby declare that the details furnished above are true and correct to the best of my knowledge and belief.||",
  "projects": "1.|Beach Resort Website using ReactJS HTML BOOTSTRAP CSS JS (link) (github)||A Reactjs website of the resort contains Home, rooms, about page.||Application uses react-router for routing,React Context API for state management.||Implemented many filters to filter the rooms based on many parameters like price, size, type(single,double) etc, which helps user to find|the room of their preference easily.|2.|Cocktail Selector using Reactjs using ReactJS, HTML CSS JS (link) (github)||Developed a website to pick cocktails.||Used external API to fetch Information about the cocktail.||Allow use to know ingredients, category and other info about cocktails.|"
}