{
  "name": "Abhishek Shah",
  "email": "abhishah1304@gmail.com",
  "mobile": "8824870177",
  "EDUCATION": "Contact Details |: - |Bachelor in Technology - Electrical and|Electronics Engineering |Birla Institute of Technology and Science -|Pilani , Hyderabad Campus |09/2021 - Present,  |Linkedin Profile |- https://www.linkedin.com/in/abhishek-shah-|89b7a6208 |A ) Email Id |- abhishah1304@gmail.com |",
  "SKILLS": "Proficient in C , C++ |Good Experience in MATLAB |Good Experience of Fusion 360 |Proficient in AUTOCAD |Good Experience in HTML , CSS and JAVAScript |PERSONAL PROJECTS |Design of Mechanical Joints in a Car using Fusion 360 . |Worked on Developing gas plasma based electronics|devices |",
  "ORGANIZATIONS": "Worked as Placement Coordinator at Placement UNIT|Bits HYderabad . (06/2021 - 09/2021) |Content Editor and Volunteer at NSS , BITS - Hyderabad| (06/2021 - Present) |Content Editor at BITS Embryo (01/2022 - Present) |Member at Department of Security and Hospitality ,|BITS - Hyderabad (01/2022 - Present) |",
  "LANGUAGES": "Proficiency in English and|Hindi |Full Professional Proficiency |",
  "INTERESTS": "Playing Basketball , Badminton , Table Tennis and Cricket .|Progress in Technological Advancements . |Swimming |Traveling ||"
}