{
  "email": "anuragrai2222003@gmail.com",
  "mobile": "2222003",
  "degrees": "[('BTech', '2003')]",
  "education": "B.TECH,CSE (currently)|National Institute of Technology, Jamshedpur * JAMSHEDPUR, JHARKHAND|08/2024|Sunbeam School Deoria ,Sonda East,Deoria,274001|CLASS-X PERCENTAGE- 92.4% |2018|Academic Global School, Padri Bazar, Jungle Dhusar, Pipraich Road, Gorakhpur, Uttar Pradesh, Uttar Pradesh 273014|CLASS-XII-PCM PERCENTAGE-82% | 2020|",
  "skills": "C++, C, HTML, CSS, JavaScript, MySQL, Bootstrap, firebase, Tailwind||",
  "experience": "Responsibility as a FreeLancer :|    I worked as a free lancer for EdTech startup at Kolkata |    Project Name : https://study-verse.web.app/|"
}