{
  "email": "akshaydgp2015@gmail.com",
  "mobile": "9475738842",
  "degrees": "[('ICSE', '2006')]",
  "EDUCATION": " |Bachelor of Technology |  |National Institute of Technology, Durgapur | |12/2020 - Present, |CGPA: 9.05 (till 3rd semester) | |Courses | |* |Computer Science and Engineering | |(10+2) WBCHSE Boards |  |Bidhan Chandra Institution, Durgapur | |05/2017 - 05/2020, |Grade: A+, Percentage: 83.2% | |Courses | |* |Physics |* |Chemistry |* |Mathematics |* |Computer Science |* |English | |10th ICSE Boards |  |St. Xavier's School, Durgapur | |04/2006 - 04/2017, |Percentage: 93% | |Courses | |* |Physics, Chemistry, Biology |* |Mathematics |* |English |* |Computer Science |* |History & Civics, Geography | | | |POSITION OF RESPONSIBILTY | |Junior Coordinator RECursion - |NIT Durgapur Programming |Community |  |12/2021 - Present, | |RECursion is the official Programming Community of NIT |Durgapur aimed at promoting coding culture within the institute. |Have conducted various programming classes and contests. | |Publicity Head |  |Radio NITroz - The Official Radio club of NIT |Durgapur | |02/2021 - Present, | |Radio NITroz is the official radio club of NIT Durgapur which conducts |various cultural events within the campus. Have organized and managed |events and did video editing for the club YouTube channel. | | | | | | |9475738842 |  |linkedin.com/in/akshay-a-69211210b | | | | | |",
  "SKILLS": " | |Problem Solving |Data Structures |Algorithms |  |Mathematics |Object Oriented Programming |GIT |  |GitHub |C/C++ |Python |HTML |CSS | | | |WORK EXPERIENCE | |Tutor and Mentor at RECursion classes |Have taught many first-year students on C++ and various DSA concepts |every week. Also mentored a group of 18 first year students, guided |them of various topics in programming and cleared their doubts. | |Problem Setter and Tester at RECode 21.0 | |RECode is a series of monthly programming contests held by |RECursion - the Official Programming Community of NIT Durgapur. | |Event Manager at various club events |Have conducted and organized various successful events within the |campus and outside as well for Radio NITroz - The Official Radio Club of |NIT Durgapur. Also worked in the sponsorship team of the club. | | |ACCOMPLISHMENTS | |* |Specialist in Codeforces under handle appu_nitd (highest |rating: 1453) | |* |4 star in Codechef under handle akshay_dgp01 (highest rating: |1942) | |* |Secured global rank 1043 in Google Kickstart 2021 Round |G (certificate) |* |Secured global rank 936 and India rank 169 in Google |Hashcode Qualification Round 2022 with the team \"The |Invincible Coders\". (certificate) | |* |Secured team rank 1530 in ICPC Amritapuri 2020 Preliminary |Round out of 26k+ teams. |* |Solved 1150+ problems on various online coding platforms like |LeetCode (handle: akshay_ab), Codechef (handle: akshay_dgp01), |Codeforces (handle: appu_nitd), GeeksForGeeks (handle: |akshaydgp2015), AtCoder (handle: akshay_ab), HackerRank |(handle: akshaydgp20201) |* |Secured rank 1 in ALOHOMORA 2022, the ACM ICPC styled coding |contest held by RECursion - NIT Durgapur Programming |Community. | |* |Secured rank 1 in RECode 17.0 and rank 2 in RECode 16.0 and |RECode 20.0, the monthly coding contest held by RECursion - NIT |Durgapur Programming Community. | | |",
  "INTERESTS": " | |Competitive Programming |Listening Music ||"
}