{
  "name": "Mayank Yadav",
  "email": "mayank.yadav2020@vitstudent.ac.in",
  "mobile": "8081816",
  "EDUCATION": "Bachelor of Technology |VELLORE INSTITUTE OF TECHNOLOGY |8.3 CGPA |Computer science |Intermediate |Subhash public Sr. Sec. School |93% |High School |Subhash public Sr. Sec. School |88% |TECHNICAL PROJECTS |FACIAL AND VOICE RECOGNITION |A project that uses the facial and voice biometric data of the|user making a contactless recognition system. |FAKE NEWS RECOGNITION |Used ML algorithms to analyze fake news among the social|networking sites |WEATHER FORECASTING WEBSITE |Used python API and basic frontend to create a weather|website |WORK EXPERIENCE |Virtual experience program |AMAZON AWS |Virtual Internship |Goldman sachs |",
  "SKILLS": "SQL |C++ |python |Machine learning |java |Adobe premiere pro |CSS |Adobe After effects |HTML |Data Structure and Algorithm |CERTIFICATES |Deep Learning with TensorFlow |Interactive course --UDEMY |Machine Learning A-Z(tm): Hands-On Python & R In|Data Science |Interactive Course --UDEMY |Data Structures & Algorithms in Python |Course by Google--UDACITY |",
  "LANGUAGES": "ENGLISH |Full Professional Proficiency |HINDI |Native or Bilingual Proficiency|",
  "INTERESTS": "Video editing |Poetry |Reading books |Volleyball |Courses ||"
}