{
  "name": "Amar Kumar",
  "email": "amarkumarprashar102002@gmail.com",
  "mobile": "917070479",
  "degrees": "[('BTech', '2020')]",
  "EDUCATION": "B.Tech (C.S.E) |VIT Bhopal University |09/2020 - Present,  |CSE |Sr. Secondary School Certificate (12th) |Kendriya Vidyalaya, Danapur Cantt, Patna |03/2019 - 03/2020,  |PCM |WORK EXPERIENCE |Vocational Training (Online) |Hindalco Industries Limited |12/2021 - 01/2022,  |Renukoot, U.P., India |MTC/2021/206 |Project of study undertaken during the training was on IT|Dept. |Contact :|-|Rahul Tripathi |+91 5446  252077-79 |",
  "SKILLS": "UI/UX (figma) |Python |C++ |Java |HTML |CSS |JavaScript |XML |SQL |",
  "PROJECTS": "Terminal Casino (09/2021 - 09/2021) |Participated in Hacking Heist |AgroManager App (10/2021 - 01/2022) |Project Exhibition 01 (VIT Bhopal) |Salon Connect Portal (Web/App) (02/2022 - 04/2022) |Project Exhibition 02 (VIT Bhopal) |",
  "ORGANIZATIONS": "Forza Racing, VIT Bhopal (07/2021 - Present) |Member (Instr. & Ctrl. Dept.) |NSS, VIT Bhopal (09/2021 - Present) |Volunteer |AI Club, VIT Bhopal (03/2022 - Present) |Outreach Co-Ordinator |SEDS Nebula Chapter, VIT Bhopal (03/2022 - Present) |Core Member |CERTIFICATES |Python Level 1 (08/2021 - Present) |https://www.the-cca.org/ |MLH INIT22 (04/2021 - Present) |Top 5 Performer |TCS ion (08/2021 - Present) |Credential ID 119854-18711015-1016 |",
  "LANGUAGES": "English |Full Professional Proficiency |Hindi |Native or Bilingual Proficiency |Bhojpuri |Native or Bilingual Proficiency |",
  "INTERESTS": "Shooting |Playing Chess |Courses |Courses |Achievements/Tasks ||"
}