{
  "email": "Email:deepam20050@iiitd.ac.in",
  "mobile": "2020050",
  "degrees": "[('CBSE', '2016')]",
  "education": "IIIT-Delhi|B.Tech(CSE)|2020 - Present|CGPA: 8.27|(till 3rd Semester)|FIITJEE Junior College, Vijayawada (Andhra Pradesh)|Andhra Pradesh Board of Intermediate Education|2018 - 2019|Percentage: 90.6|Tripura English Medium School, Rajahmundry (Andhra Pradesh)|CBSE Board|2016 - 2017|CGPA: 10.0|",
  "skills": "Expertise Area|Competitive Programming, Data Structures and Algorithms, Object|Oriented Programming|Programming|Language|C++, Python, Java, C|Tools and|Technologies|Vim, Arch Linux, VSCode, MacOS, IntelliJ, Qtile, Dwm|Github, Gitlab, Fish shell|Technical|Electives|Data Structures and Algorithms, Operating Systems, Advanced|Programming in Java|Awards and Achievements|*|Ranked|among|the|top|31|students|selected|for|International|Olympiad|in|Informatics Training Camp 2018 (IOITC). IOITC is a two-week camp to select the|Indian team for the International Olympiad in Informatics.|*|Member of team Convex Kewl Trik which secured rank 121 and rank 358 in ACM-ICPC|Amritapuri|2020|preliminary|round|and|ACM-ICPC|2020|Amritapuri|regionals|respectively.|*|Qualified 4 times to the Indian National Olympiad in Informatics in the years 2015,|2016, 2017 and 2018.|*|Secured|Indian|rank|10|in|Codechef|LunchTime|programming|contest|held|on|25/08/2018.|*|Secured|Indian|rank|8|in|Codechef|LunchTime|programming|contest|held|on|30/06/2018.|*|Secured|Indian|rank|10|in|Codechef|LunchTime|programming|contest|held|on|24/06/2017.|Internship|CodeChef (Markdown)|Guide: Praveen Dhinwa|(SEPT,18 - OCT,18)|I worked on rewriting problem statements and migration of test data for algorithmic|problems from the IARCS problem archive (now defunct) to the CodeChef online judge for|use by beginner and experienced level programmers for practice.|",
  "projects": "WillHero Game (Java, OOP, Multithreading)|Guide: Vivek Kumar|(NOV,21 - DEC,21)|Team Size - 2|Implemented the WillHero game using JavaFX|Positions of Responsibility|*|Foobar Member|(OCT,21 - Present)|*|Teacher and mentor at Aaigen Technologies|Mentored and taught competitive programming to students|from class 9 to 12 preparing for IOI.|(MAY,21 - AUG,21)|Interests and Hobbies|*|Hindi and Urdu poetry|*|I run a Youtube Channel where I've uploaded videos on Emacs, Vim etc|*|Competitive Programming|Declaration: The above information is correct to the best of my knowledge.|Deepam Sarmah|Date: April 26, 2022||"
}