{
  "email": "ananyasaini27thmay@gmail.com",
  "mobile": "+91639506994",
  "EDUCATION": "2020 - present|Dehradun, India|Bachelor of Technology (CSE), Graphic Era Deemed to be University|",
  "PROJECTS": "2021|Water Level Monitoring System, an IOT based project using Arduino |Board to indicate the water level  by means of water sensor, LED's and |buzzer..|",
  "SKILLS": "Analytical and Critical Thinking|Self-Motivated|Multitasking|Teamwork and Collaboration|Flexible and Adaptive|Time Management|",
  "INTERESTS": "Sketching|Poetry Writing|Reading|Travelling|",
  "LANGUAGES": "English|French|Ananya Saini||"
}