{
  "email": "devanshkhokhar21@gmail.com",
  "mobile": "+91844737821",
  "degrees": "[('CBSE', '2020'), ('XII', '2020'), ('X', '2020')]",
  "EDUCATION": "DELHI TECHNOLOGICAL UNIVERSITY|2020 - 2024|Bachelor of Technology in Computer Science (CGPA of 9.17)|New Delhi, India|C.B.S.E High School|2019|Class XII (Percentage of 84.8)|New Delhi, India|MD International School|2017|Class X (CGPA of 10)|UP, India|",
  "PROJECTS": "Color Picker | Live-Link|4|* A front-end web application involving easy and hard mode wherein the user has to guess the color from the given options|based on the provided random RGB values.|* Technology used HTML, CSS, Javascript.|Voting Machine Management System ||4|* In this project I make a program which collects the votes of only authorized voters by taking the details of voters.|* Using properties of object oriented programming we can make a voting collector program which is very safe for a|democratic country and results cannot be manipulated in this voting system.|* Technology used OOPS Concept, C++, C|",
  "ACHIEVEMENTS": "* Highest rating of 1629 and rated 3* at Codechef, which is the top site in terms of participation of programmers|across globe.|* Starters 24 Division 3: Global Rank - 721 at Codechef which ranks among the top sites for competitive programmers.|* Starters 22 Division 3: Global Rank - 716 College Rank - 3 at Codechef which ranks among the top sites for|competitive programmers.|* Starters 20 Division 3: Global Rank - 471 at Codechef which ranks among the top sites for competitive programmers.|* Solved more than 300+ problems across platforms.|* Participate in Udgosh(IIT Kanpur Sports Tournament) in Kabaddi. Kabaddi competition 2020 AAHVAN|CODING PROFILE LINKS|* Codechef|* Leetcode|* GFG|COURSEWORK UNDERGRADUATE|* Data Structures and Algorithms|* Database Management System|* Operating System|* Object Oriented Programming|* Computer Networks|* Software Engineering|* Artificial Intelligence, Machine Learning|",
  "TECHNICAL SKILLS": "Languages: C, C++,HTML/CSS, JavaScript, SQL|Technologies/Frameworks/Libraries: Bootstrap||"
}