{
  "email": "vinitaamratiya04@gmail.com",
  "mobile": "7047574735",
  "education": "Present|Bhopal, India|Maulana Azad National Institute of technology, Master of computer application|07/2018 - 07/2021|Indore, India|Devi Ahilya Vishwavidyalaya, Bachlor of Science (computer Science)|07/2017 - 07/2018|Kalapipal, India|Tagore Convent Higher Secondary School, Senior Secondary (XII)|07/2015 - 07/2016|Kalapipal, India|Tagore Convent Higher Secondary School, Secondary (X)|",
  "skills": "Data Structure and |Algorithm|Object Oriented |Programming|Web Development|WEB TECHNOLOGY|HTML|JAVA SCRIPT|CSS|LANGUAGES|JAVA|PYTHON|C|REACT|DATABASE|MySql|",
  "projects": "2021|Fitness website, A user interactive website that aims to set up step-wise workout, |meditation, balanced dietary recommendations and user's daily schedule of |operation using HTML,CSS and React js.|ACHIEVEMENTS|AIR 450 in NIMCET , NIT MCA entrance exam 2021|Hackerrank certified: Basics in java||"
}