{
  "name": "Dhruv Sahu",
  "email": "dhruvsahu2000@gmail.com",
  "mobile": "9616622066",
  "degrees": "[('Btech', '2022')]",
  "education": "Jul 2020 - present|Greater Noida, India|Bachelor of Technology, Shiv Nadar University|Electronics and Communication Engineering|Minor in Computer Science Engineering CGPA: 8.3|Jul 2018 - May 2019|Lucknow, India|Higher Secondary School, Sherwood Academy|Grades: 88.25% (PCM)|",
  "projects": "Apr 2022 - present|House Prices - Advanced Regression Techniques, Data Scinence|Predict sales prices and practice feature engineering, RFs, and gradient boosting|Jan 2021 - Mar 2022|Breeze 2022 & 2021 Front-End, Web Development|Worked on Front-End framework ReactJs and NodeJs for Annual College Festival |Website|Interests|Competitive Programming|Java|Photography and Design|Adobe Photoshop and Premiere Pro|Programming Skills|Java, C, Python, Data Structures (Java), Intermediate|Html5, CSS3, JavaScript, Intermediate|ReactJs, NodeJs, Beginner|Numpy, Pandas, Seaborn, Jupyter Notebook, Beginner|Shell Scripting (Linux), Intermediate|Courses|Data Structures and Algorithms, Object Oriented Programming Language, Operating Systems, Data |Science for Machine Learning.|Organisations|ACM (Association for Computing Machinery), Design Team and Development|Pixels(College Photography Club), Associate Secretary II|Leadership Roles|Mar 2022 - present|Associate Secretary II, For the Club Pixels|Mar 2021 - Mar 2022|Class Representative for the batch Btech ECE'24|Member of Senate for the respective batch|Dhruv Sahu|dhruvsahu2000@gmail.com||"
}