{
  "name": "Mitul Sharma",
  "email": "mitulsharma106@gmail.com",
  "mobile": "9183519450",
  "degrees": "[('BTech', '1945'), ('CBSE', '1945')]",
  "EDUCATION": "B.Tech Computer Science Engineering |Vellore Institute of Technology, Tamil Nadu,|India |2020 - Present,  |7.36 |GRADE 12- HPBOSE Board Examinations |Him Academy Public School, Hamirpur,|Himachal Pradesh |2020,  |68.4% |GRADE 10- CBSE BOARD Examinations |Him Academy Public School, Hamirpur,|Himachal Pradesh |2018,  |68% |MY PROJECTS |Development of visual idioms to understand the|necessity of the space exploration |In this project, I've provided the viewer with the basic information about|three primary things related to space exploration: dangers we face, past|missions, possibly habitable planets |Building Interactive Tools to Teach Algorithms |This project aims to create easy, accessible, and practical tools for|teaching basic biological algorithms. These teaching tools are developed|using computer code (mainly python and JavaScript). |Detection of Phishing Websites |In this project, I've done a comparative analysis by doing three different|iterations and developing an ensembled ML model to detect Phishing|websites. I have used the decision tree model, support vector machine,|XG Boost Model, Bagging tree, Ada Boost, and Grid search algorithms to|build a model to detect phishing websites. |Solar Hydrogen Revolution |The main objective of this project is to demonstrate the methodology|behind the small-scale production of hydrogen gas which can be used as|an efficient source of electricity. |",
  "SKILLS": "Linux/UNIX |MATLAB |C/C++ |Python |MySQL |Java |LTspice |RStudio |ACTIVITIES |Participated in inter-school Football competitions |Sports Captain-Student Council |",
  "ACHIEVEMENTS": "Sports Captain of School |Won District Level Football Tournament |",
  "LANGUAGES": "English |Hindi |Chinese |",
  "INTERESTS": "Basketball |Photography |Travelling |Football ||"
}