{
  "email": "aryanagrawal1881@gmail.com",
  "mobile": "7297876662",
  "EDUCATION": "B. Tech-CSE with specialization in A.I&M.L |Vellore Institute of Technology, Bhopal |08/2020 - Present,  |8.17 |INTERMEDIATE |Nalanda Academy, Kota |04/2018 - 06/2020,  |86.4 |SCIENCE WITH MATHS |",
  "ORGANIZATIONS": "GDSC VIT BHOPAL (07/2021 - Present) |Organization Name |",
  "SKILLS": "PYTHON |NUMPY |PANDAS |MACHINE LEARNING |FULL STACK WEB DEVELOPMENT |SQL |OPENCV |TENSERFLOW |PERSONAL PROJECTS |Rubic Cube Solver using Image Recognition| (08/2021 - Present) |- Description: Analyzing and solving rubic's cube using the live Cam or|Image of the Cube - Technology: Computer Vision, Python, Flask,|Machine Learning -Role: CV & Machine Learning Developer Link :|https://github.com/kkoomen/qbr |Autonomous Valet Parking System (03/2022 - Present) |- Description: Recognizing parking space via live cam - Technology:|Computer Vision, Machine Learning, Map Optimizing, TensorFlow -|Individual Project |CERTIFICATES |APPLIED MACHINE LEARNING |UNIVERSITY OF MICHIGAN https://drive.google.com/file/d/16uHeFNINkj4j60a-|NOAinFfzC1ZKHChN/view?usp=drivesdk |Certificate Name |",
  "ACHIEVEMENTS": "Geekathon Winner (GeekForGeeks Monthly Challenge| (07/2021 - Present) |Won Innov8 Kids Challenge (Hacker earth)| (03/2021 - Present) |",
  "LANGUAGES": "ENGLISH |Native or Bilingual Proficiency |HINDI |Native or Bilingual Proficiency |",
  "INTERESTS": "DESIGNING |READING |Courses ||"
}