{
  "email": "abhinav.maurya202@gmail.com",
  "mobile": "+91813065088",
  "Education": "Indian Institute of Information Technology Ranchi|2020 - Present|B. Tech. in Computer Science and Engineering (CGPA 8.62)|Ranchi, Jharkhand|",
  "Projects": " Health Tracking App | Native Android, Google Map, Dagger - Hilt, MVVM|* Follow MVVM pattern for storing walk and path information.|* Fetch Map from Google API.|* Track the user location, stores it and represent it in graphical format.|* Shows the total run time, calories burned, speed, and distance covered.| Google Book Listing App | Kotlin, Retrofit, Glide, RecyclerView|* Fetch data from google books api|* Follow MVVM pattern for storing book information| Quote App | NodeJS, ExpressJS, Mongodb Atlas, Retrofit, RecyclerView, Kotlin), React, AntDesign|* Use REST API in android app project.|* Use own API to fetch quotes|* One can also post its own quotes and share it with public| NSFW/SFW Classfication Tensorflow, Python, Numpy|* Tensorflow, Python, Numpy|* ML Community Project| PyGame Projects ||* Python, Numpy, PyGame|",
  "Technical Skills": "Languages: Python, JavaScript, C/C++, Kotlin, Java|Developer Tools: VS Code, Heroku, Git, Github|Technologies/Frameworks: Android Development(Native), Backend Development, NodeJS, ExpressJS, Mongodb, React,|Pygame(Basic), FastAPI, Machine Learning, Computer Vision(Basic), Data Structure and Algorithm, Redis|Leadership / Extracurricular|Speaker at Android Study Jam GDSC|IIIT Ranchi|* Addressed over 150 students and taught Kotlin and Android Basics|.|Core AppDev Team GDSC|IIIT Ranchi|* Core team member of app development team at Google Developer Student Club IIIT Ranchi.||"
}