{
  "email": "1412ankitkumar@gmail.com",
  "mobile": "8709513630",
  "degrees": "['ME', ('ICSE', '2018')]",
  "education": "B-Tech|Vellore Institute of Technology * Vellore, Tamil Nadu|06/2024|CGPA : 9.06|Class 12 ISC | Rajendra Vidyalaya 92% | 2020|Class 10 ICSE | Rajendra Vidyalaya 90.2% | 2018|",
  "skills": "C++, Java, Python, SQL, OOP, Database Management, Operating Systems, Marketing Research, HTML, Network Security,|IoT (Internet of Things), Machine Learning, Software Development, Adobe Photoshop|LANGUAGES|English, Hindi|POSITION OF RESPONSIBILITY|IEEE-IAS | Outreach Head ( Media Head ) (2021-2022) Chapter that conducts various National and International|Conferences and Technical Seminars | VIT|CS-VIT | Member (2020-2024) | VIT|Team Lead at Hack Verse 2.O | VIT|ACHIEVEMENTS|Participant at Hack Verse 2.O | VIT|Active participant in various coding contests on Codechef and Codeforces|Active participant in various designing competition and also won some related designing copetitions like Design-|e-thon | VIT||"
}