{
  "email": "anupam.sudhakaran2020@vitstudent.ac.in",
  "mobile": "8006943707",
  "degrees": "[('BTECH', '2020')]",
  "EDUCATION": "BTECH |Vellore Institute Of Technology |09/2020 - Present,  |CGPA-8.78 |Higher Secondry |Kendriya Vidyalaya No2 Agra Cantt |04/2019 - 03/2020,  |96% |Secondry |Kendriya Vidyalaya No2 Agra Cantt |04/2017 - 03/2018,  |89.2 |POSTIONS HELD |School Captian |Kendriya Vidyalaya No2 Agra Cantt |04/2019 - 03/2020,  |Organized Teachers Day and took control of the school as principal for 1|day. Organized sports day and Annual Day. |School Vice Captian |Kendriya Vidyalya No2 Agra Cantt |04/2018 - 03/2019,  |Organized Farewell and took care of Financing of the Funds. |",
  "SKILLS": "PYTHON |CPP |C |HTML |CSS |JAVA |SQL |JAVASRIPT |PERSONAL PROJECTS |Bus Ticket issuing  using face Recognition |A manger for bus ticket issuing using Face recognition(DEEPFACE) |Password Authentication  and text hiding in images |A password authentication system where the password is stored in|image instead of a traditional Tabular database. The pixel value|stores the password |Prevention of phishing and reverse engineering attacks|on passwords |Use of password salting to prevent reverse engineering and|multilevel cookie authentication to solve phishing attacks |Food Supply Chain Standardistion (04/2022 - Present) |The currently is being worked on. It aims on structuring the very|unstructured food supply chain of the country. Which would|ultimately lead to reduce the wastage of Food. |",
  "LANGUAGES": "English |Native or Bilingual Proficiency |Hindi |Native or Bilingual Proficiency |Malayalam |Full Professional Proficiency |Tamil |Elementary Proficiency |",
  "INTERESTS": "Coding in Python |Football |Cricket |Gymming |Reading |Interest ||"
}