{
  "email": "anjali.jhts@gmail.com",
  "mobile": "725077182",
  "degrees": "[('BTech', '2020'), ('ICSE', '2020')]",
  "Education": "National Institute of Technology, Jamshedpur|Jharkhand, India|B.Tech in Electronics and Communications Engineering | CGPA : 9.18|July. 2020 - June 2024|Rajendra Vidyalaya|Jharkhand, India|Class-12th ICSE | Percentage : 96.25|April 2018 - April 2020|J.H.Tarapore School|Jharkhand, India|Class-10th | Percentage : 95.6|April 2018|",
  "Projects": "Slack Clone | View Project ||Oct 2021|* Tech Stack Used- HTML, CSS, Javascript|* Created a fully responsive frontend clone for Slack|2048 Game | View Project ||Oct 2021|* Tech Stack Used- C++, Data Structures|* Created a CLI single player game based on a concept to move numbers on a grid to merge them to form the|number 2048|",
  "Skills": "* Programming Languages: C++, C, Java|* CS Fundamentals: Data Structure and Algorithm (DSA), Object Oriented Programming(OOPS)|* Web: HTML, CSS, Bootstrap, Javascript|",
  "Achievements": "* Rank - 1366 in Code Jam to I/O for Women 2022 View Crtificate|* Rank-2929 in HashCode 2022, out of 10000+teams View Certificate|* Rank - 53 in Codathon- Inter NIT Coding Competition 2022 out of 4000+ participants View Leaderboard|* Awarded the WEAmplify Scholarship to attend Harvard WECode Conference'22. View Leaderboard|* Rank - 420 in Codeforces Round 755 Div-2 among 10000+ participants View Leaderboard|* Rank - 117 in Techgig Geek Goddess 2021 Coding Contest out of 70000+ participants View Leaderboard|",
  "Positions of Responsibility": "* National Service Scheme, NIT Jamshedpur: It is a non profit organization. I serve in the Event|Management Team.|* Fine Arts Club of NIT Jamshedpur: I am an active member and serve in the content writing team.||",
  "experience": "Flipkart | Software Development Engineer Intern|May 2022- Present|LinkedIn CoachIn 2022 | Among the top 60 mentees selected by LinkedIn|April 2022- Present|Mentee at Codess.Cafe | A Mentorship program for collegiate Women in tech|Sept 2021- Present|"
}