{
  "email": "curiosityrover2@gmail.com",
  "mobile": "917903632",
  "Education": "* Vellore Institute Of Technology|Vellore, India|Bachelor of Technology - Computer Science with specialization in IOT(Internet of Things)|CGPA: 8.83|Courses: Operating Systems, Data Structures, Analysis Of Algorithms, Artificial Intelligence, Machine Learning, Networking, Databases|* Kendriya Vidyalaya|2019|Central Board of Secondary Education - AISSCE|Percentage : 94.2|Major: Major: Physics,Chemistry, Mathematics|",
  "Certifications": "* WorldQuant University|Remote|Applied Data Science)|May 2019 - Sep 2019|* Learnt and used Python to read, clean, process, and analyze real-world data by following good|programming practices such as using functions,choosing the appropriate data structures, and writing|readable, maintainable code.:|",
  "Projects": "* Netflix Dashboard : Interactive web based plotly dashboards in python to visualize the Netflix dataset.|* Dynamic Web Scrapper : Implemented the concepts to build dynamic pythonic web scarpers to extract data and create a|daily database using python libraries like requests, beautiful soup.|* Auto-ARIMA-on-weather-data: In this case, we've implemented the auto ARIMA algorithm on this time-series based|dataset to predict the possible value of energy a given number of steps ahead.|* Build an AI-powered Twitter Bot with Python, AWS Lambda Amazon SageMaker:|Society and Clubs|* The AI and ML Club(TAM) : (02/2021 - Present)|Junior Core Committee Member(TECHINAL DOMAIN)|* ASHRAE: (12/2020 - Present)|Junior Core Committee Member(TECHINAL DOMAIN)|* VITMAS(VIT Mathematical Association Student Chapter) : Junior Core Committee Member(TECHINAL|DOMAIN)|Hackathons|* Technica conducted by ISTE,VIT|* DEVSPACE conducted by CSI,VIT|Volunteer Experience|*|Jawaharlal Nehru National Science, Mathematics and Environment Exhibition|(2014 - 2015)|Participated in National and Regional Level Exhibitions and won 2nd position in regional level|*|All Adobe conducted by Celestial Flare DTU|DTU Delhi|Built a strategy, maintain a structure on mars capable of supporting human life sustainably and economically.|Oct 2021||",
  "skills": "* Languages:|Python, PHP, C++, JavaScript, SQL, JAVA|* Frameworks:|Scikit, React, TensorFlow,, Flask, NodeJS|* Tools:|Kubernetes, Docker, GIT, , MySQL|* Platforms:|Linux, Web, Windows, , AWS,, Cloud, Microsoft Azure|* Soft Skills:|Leadership, Event Management, Writing, Public Speaking, Time Management|"
}