{
  "email": "namanbansal3284@gmail.com",
  "mobile": "918901183",
  "degrees": "[('CBSE', '2019')]",
  "education": "    |INTERNSHIPS |ACADEMIC PROJECTS |ACADEMIC ACHIEVMENTS AND AWARDS |EXTRA-CURRICULAR ACTIVITIES AND ACHIEVEMENTS |",
  "skills": "NAMAN |namanbansal3284@gmail.com |    +91 8901183135 |Roll No: 2K20/SE/085 | | |B. Tech Software Engineering |2020-2024 |Delhi Technological University |91.3% |Top 10 in department. |CBSE (Class XII) |2019 |Presidium School, Delhi |90% |TOP 10 in class |CBSE (Class X) |2017 |Oxford Public School, Delhi |95% |1st Rank in Class | | |HUNGER MANIA - Full Stack Web App |* |Hunger Mania is a website where users create, edit and review restaurants. |* |Users can view all restaurants on a cluster map (Mapbox), and access any restaurant via a dedicated web page. |* |This project was created using Node.js, Express, MongoDB, Mongoose and Bootstrap. Passport.js in order to handle |authentication. Mongo Atlas & Cloudinary for a cloud database. |SMART-CITY GUIDE |* |Devised a terminal-based system to provide all information regarding a particular city and reduce the need of a guide. |* |Developed using Object Oriented Programming concepts like classes & objects, polymorphism, virtual functions etc. |* |Technology Stack - C++, C. |FOODSETGO - E Commerce Food Delivery System |* |FoodSetGo is an E-Commerce web app for Food Delivery with Real-time update of the order status via Admin Support. |* |Implementation of cart and orders page where order statusgets updated in real time for client via admin. |* |This project was created using Node.js. Socket.io is used to create and manage web sockets for real-time updates. | | |* |5-Star in Problem Solving on HackerRank |* |Completed Specialization in Python offered by Coursera |* |Gold Medalist of Dainik Jagran Genius Awards | | |* |Head in corporate, Entrepreneurship Cell-DTU |Major contributions in sponsorships, website, and operations of whole society. Carried out several events along with team and |guided more than 100 juniors towards innovation driven entrepreneurship. |Collaborated companies and startups with  Ecell for various events and fests. | |* |Programming Languages: C++ (Data Structures and Algorithms), Python, C |* |Web Development: NodeJS, Express, MongoDB, SQL, HTML, CSS, Javascript, Bootstrap, Tailwind CSS, VueJS, NuxtJS |* |Course Work: Object Oriented Programming, Database Management Systems, Operating Systems | |DECLARATION |I hereby declare that the details furnished above are true and correct to the best of my knowledge and belief. |POSITION OF RESPONSIBILITY ||"
}