{
  "email": "yjangra2002@gmail.com",
  "mobile": "+91882649834",
  "degrees": "[('CBSE', '2018')]",
  "education": "B. Tech Electrical Engineering 2020-2024 Delhi Technological University |9.0 SGPA |CBSE AISSCE (Class XII) |2020 |DAV Centenary Public School, Delhi |89.8% |CBSE AISSE (Class X) |2018 |DAV Centenary Public School, Delhi |90% | | | |Red Arrow Detector in Python using OpenCV |- |In this project, I have used the OpenCV library of python to implement a program that can detect a red arrow |in real time. | |Self-Driving Car using Python, OpenCV, TensorFlow |- |In this project, I with my team members implemented Lane detection and Object classification using CNN in |python using computer vision, deep learning on Nvidia Jetson to make a self-driving car. | |TicTacToe in CPP |- |This is an expert tic-tac-toe in CPP which uses less space, and is efficient. | | | |Bagged 3rd position for in Autobot Challenge organized by IIT, Delhi (2022) . | |Bagged 3rd position in VVM'19(Vidyarthi Vigyaan Manthan) at district level. | |Completed 30 Days of Google Cloud Program. (Oct'21) | | | |Technical Co-Head, Society of Robotics, DTU (Aug'21 - present).  | |Volunteered in Road Safety Awareness Workshop organized by NSS-DTU in collaboration with Honda. | |Volunteered in Blood Donation Camp organized by DAV Centenary Public School, Delhi in 2017, in collaboration |with Red Cross Society.  | | |Programming Languages: C, C++, Python. | |Known Concepts and Skills:  Network Analysis and Synthesis, Electrical Machines, Electronic |Devices and Circuits, Digital Electronics, Control Systems, Linear Integrated Circuits. | |Tools/Technologies: Git, Canva, MSOffice. | |Familiar with: HTML5, CSS, LTSpice, PSpice, MATLAB, Proteus, Adobe Photoshop, Adobe Lightroom. | |Languages: English (Full Professional proficiency), Hindi (Bilingual or native proficiency). | | |I hereby declare that the details furnished above are true and correct to the best of my knowledge and belief. | |",
  "projects": "ACADEMIC ACHIEVEMENTS, AWARDS |EXTRA-CURRICULAR ACTIVITIES & POSITIONS OF RESPONSIBILITIES |STRENGTHS, SKILLS |DECLARATION ||"
}