{
  "email": "aayush20009@iiitd.ac.in",
  "mobile": "2020009",
  "degrees": "[('BTech', '2020'), ('CBSE', '2006')]",
  "education": " |Indraprastha Institute of Information Technology Delhi |B.Tech (CSE) |2020 - 2024 |CGPA: 7.21 |(till 3rd Semester) | |St Marks Sr. Secondary Public School, North East Delhi |CBSE |2018 - 2020 |Percentage: 78% |Hindon Public Sr. Sec. School, North East Delhi |CBSE |2006 - 2017 |CGPA: 9.3 | |",
  "skills": " |Expertise Area |Data Structures and Algorithms, Problem solving skills, UI design |(intermediate), Android development(beginner). |Programming |Language |Java, C, C++, Python. |Tools and |Technologies |GitHub, VS, Tinkercad, LTspice, Various IDEs, Communication tools |(Discord, Google meet, Zoom), JavaFX |Technical |Electives |Introduction to programming, Advanced Programming, DSA, Computer |organization, Operating Systems, . | |",
  "projects": " |Will Hero Game |Guide: Vivek Kumar |(Oct,21 - Nov,21) |Team Size-2 |A fully working game in which user manoeuvre through islands and deals with different |types of enemies using weapons and survival skills. This project was created on java using |some addition features like JavaFX. |AAYUSH SINGH |2020009 Email: aayush20009@iiitd.ac.in |DOB: Sept. 06, 2002 |Address: H no. 178, street no. 2, Bank |Colony, Mandoli, Delhi 110093 |Custom assembler and simulator |Guide: Sujay Deb |(Aug,21 - Sep,21) |Team Size-3 |Created a custom assembler and simulator using Python for the given ICs and instructions. |EZ crypto |Guide: None |(Jan,21 - Jan,21) |Team Size-5 |Created an android application for crypto traders that will hep them in trading. It was a |project for IIITD's hackathon Anveshan. |VIPS Affinity | |Android application that helps VIPS students to get updates regarding academics and |nonacademic matters. | | | | |Positions of Responsibility | |* |Events management team in St marks public school. |(2018 - 2019) |* |School representor in various activities (Hindon Public School). |(2015 - 2017) |* |School kabaddi team head in Hindon public School. |(2015 - 2016) | |Awards and Achievements | |* |Reached final round of IIITD hackathon Anveshan. |* |I won 1st place in IIITD fitness challenge 2020. | | |Interests and Hobbies | |* |Calisthenics. |* |Swimming. |* |Script writing. |* |Bike riding. |* |Adventure sports. | | |Declaration: The above information is correct to the best of my knowledge. |Aayush Singh |Date: Jan  19, 2022 | | | | | ||"
}