{
  "email": "aditya20169@iiitd.ac.in",
  "mobile": "2020169",
  "degrees": "[('BTech', '2002'), ('CBSE', '2017')]",
  "education": "Indraprastha Institute of Information Technology(IIIT-D)|B.Tech|2020 - 2024(Present)|G.B.S Public School, Saraswati Nagar(XIIth)|CBSE|2019 - 2020|Percentage:|90.6%|G.B.S Public School, Saraswati Nagar(Xth)|CBSE|2017 - 2018|Percentage: 91%|",
  "skills": "Programming|Language|Java, Python,HTML,MYSQL,JavaScript.|Tools and|Technologies|MongoDB,Node.js ,CSS,git,JavaFX,Bootstrap|4,OpenCV,Numpy,Matplotlib,Seaborn,Selenium,Pandas,|GoogleCloud|Technical|Electives|Data Structure And Algorithms,Advance Programming, Computer|Organization.|",
  "projects": "WILL HERO(LIKE-MARIO)|(Jan,'22 - Mar,'22)|Team Size-2|An implementation of Will Hero Game developed using JAVAFX|SNAKE & LADDER(CHRISTMAS-EDITION)|An implementation of Game developed using OOPS and JavaFX|GAMAVE(Gaming Avene)|Design a Gaming Community Application for the Course Human|Computer Interaction(HCI) -(Stated one of best project in course and|published on MIDAS Lab Channel)|(Nov,21 - Dec,21)|Team Size-1|(Feb,21 - Apr,21)|Team Size -3|The Simon Game|I created a Web Version of the Simon game using|HTML,CSS,JAVASCRIPT,JQUERY and hosted it on github pages|Mar,'22 - Mar,'22|Positions of Responsibility|*|Head Boy in School for a Tenure of 1 year|(Apr,18 - Feb,19)|Awards and Achievements|*|In top 1 Percentile in Joint Entrance Examination(JEE)(99.23%ile)|*|Completed GoogleCloud Program(one month program) Challenges (2/2)|*|Rank 1 in 10th Board Examination(School)|Interests and Hobbies|*|Cooking|*|Chess|*|Cricket|Declaration: The above information is correct to the best of my knowledge.|Aditya Singh||"
}