{
  "email": "Mastermuskan2021@gmail.com",
  "mobile": "+91737809997",
  "Education": "B. Tech in Information |Technology |Vellore Institute of Technology, |Vellore |CGPA - 8.67 (till 3rd semester) |Profiles  | |LinkedIn - https://www.linkedin.com/in/master-muskan-|2227a01b9/ | | |CodeChef - https://www.codechef.com/users/master_mm22 | | |LeetCode - https://leetcode.com/MasterMuskan/ | |Key Skills |C++, JAVA, Python |Data Structures and Algorithms |HTML, CSS, Javascript |SQL  |Database Management Systems |Operating Systems |System Design |",
  "Experience": "Finance Head, Sigma Xi VIT  |Mentoring younger researchers and technologists. | |",
  "Achievements": "Rank 24th in April Long Two 2022 Division 4  | | | ||"
}