{
  "email": "nams0010.0101@gmail.com",
  "mobile": "9811311",
  "education": "Bachelors in Technology for Computer Science|Vellore Institute of Technology Vellore Vellore, Tamil Nadu|current CGPA : 7.2||",
  "skills": "Communication skills, C++, Java, Time management, Leadership|06/2024|",
  "experience": "HPE Swarm Learning|Team Member - Vellore, Tamil Nadu|Value Addition to the team|Ensuring proper working of the team members with each other|Making sure each member's perspective was heard as well as discussed to ensure we take the right path forward|which alligns with the concepts|Keeping my work up-to-date with the deadlines|Learning new concepts as the project progresses|Data Visualization|Team Leader - Vellore, Tamil Nadu|Value addition to the team|Encouraging Learning of new skills (language) for project execution|Keeping Track on team members progress|Sharing relavent knowledge with the group|DoS and DDoS attack and detect algorithms|Team member - Vellore, Tamil Nadu|Encouraging invoation and individuality throughout the project|Focusing on proper commuincation and motivation to see the project through|Creating a detection programm for DDoS that can be easily implemented and improve itself as per the needs|"
}