{
  "email": "ayan20186@iiitd.ac.in",
  "mobile": "2020186",
  "degrees": "[('BTech', '2020'), ('CBSE', '2020')]",
  "education": " |<Indraprastha Institute of Information Technology> |B.Tech (ECE) |2020 - Present |CGPA: 7.67 |(till 3rd Semester) | |CRPF Public School, Sector-16B, Dwarka, New Delhi  |CBSE |2018 - 2019 |Percentage: |89.2% |CRPF Public School, Sector-16B, Dwarka, New Delhi  |CBSE |2016 - 2017 |CGPA: 9.6 | |",
  "skills": " |Expertise Area |Advance Programming in Java, Data Structures and Algorithms, FPGA, |Machine Learning (Beginner),  |Programming |Language |Java, C++, Python, MYSQL, Verilog, Solidity,  |Tools and |Technologies |GITHUB, Selenium, Blockchain, Vivado, LT Spice, MATLAB, Adobe |Lightroom |Technical |Electives |Introduction to Programming, Computer Organisation, DSA, Advance |Programming in JAVA, Embedded Logic Design | |Internship | |Data extraction from product images                                   |(Joint project of IIITD and GS1) (Industrial and Research) |Guide: Avinash Anand, Mohit Sharma | |(Feb,22 - ) |Team Size-10 |Image parsing and data extraction from product images and build suitable                                             |algorithms, and machine learning models to cross validate the data, and                    |monitor the quality of data in the database and highlight any anomalies. | |",
  "projects": " |Snake & Ladder  (GITHUB link) |Guide: Koteshwar Rao Jerripothula |(Dec,21 - Dec,21) |Team Size-2 |Implemented Snake and Ladder using Java and JavaFX  |while keeping OOPs concepts in mind. |Ayan Pandey |2020186, Email: ayan20186@iiitd.ac.in |DOB: January, 16, 2001 |Address: A-247, First Floor, Sector-8, Dwarka, New Delhi | | |WhatsApp |Management System for chatting app for storing user detail ,message,                                         |and contacts in an efficient and organized database. Designed an ER                                      |model and translated the model into relational schema for a |management system and implemented an android application using |android studio |(Feb,22 - ) |Team Size-10 | | | | |Positions of Responsibility | |* |Organizing Committee in Annual Day  | |(Oct,16 - Dec,17) | | | | | |Awards and Achievements | |* |Academic Excellence in StudyMate in 10th class  | | | |Interests and Hobbies | |* |Playing Cricket, Basketball |* |Blockchain | | |Declaration: The above information is correct to the best of my knowledge. |Ayan Pandey |Date: January, 19, 2022 | | | | | ||"
}