{
  "email": "posigangapavaniyelubandi@gmail.com",
  "mobile": "+918712392429",
  "Experience": "* Hybrid Internship Programme on Artificial Intelligence , Machine Learning and Data Science in Engineering|Staff College of India:|Learned and Implemented concepts of Machine learning,Natural Language processing and Deep Learning|",
  "Education": "* Shri Vishnu Engineering College For Women|AndhraPradesh,India|Bachelor of Technology - Electronics and communication Engineering; CGPA: 8.77|2020-2022|* Sri Chaitanya Junior College|AndhraPradesh,India|Intermediate - Marks : 947/1000|2018-2020|* St.Francis English Medium High School|AndhraPradesh,India|Grade points : 9.8/10|2018|* Scholar of Women Engineers Program|2021-2023|Sponsored by Google,Batch : Katherine Johnson|",
  "Projects": "* Tarscano(AUGUST-2021) :|Coordinated on a web development project in a team of 5 members|Contributed in building an e-commerce platform for small vendors and shopkeepers to sell their products online easily|Tech Used: FrontEnd-HTML,CSS,JavaScript,Backend-Firebase,FrameWorks-ReactJs,GitHub|* Conways Game of Life(APRIL-2022) :|Coordinated with a team of five members.|Implemented a game in Python|Tech Used: Python|* Smart Car parking System(JULY-2022):|Coordinated a team of three members.|Implemented project using Internet of Things.|Used for controlling the traffic.|Depicts the vehicle and checks if place is available for parking in the slots available.|Tech Used: Internet of things,Arduino|* IRCTC Website Recreation(JUNE-2022):|Participated in Hachathon where we were given 12 hours of time to create the pages of already available websites.|Recreated IRCTC website in that hackathon|Tech Used :HTML,CSS,BootStrap,JavaScript|Courses|* Android Studio Tutorial: August-2022|* Java Programming: FEBRUARY-2022|* Datebases for Developers Foundations: SEPTEMBER-2021|* Introduction to Cyber Security: JULY-2022|Honors and Awards|* Pratibha Award by APBSE for being one of the top students in the mandal in Secondary School Examinations-2018|* Participation Certificate by ISRO for participating in ISRO cyberspace competitions-2020|Volunteer Experience|*|Campus Ambassador of National Engineering Olympiad APRIL 2022-MAY 2022|Worked as campus ambassador and have increased my communication skills and promoted the ideas of NEO||",
  "skills": "* Languages:|Python(Intermediate), C(Decent) and JAVA(Decent)|* Frameworks:|ReactJs(Decent)|* Tools:|GIT, MySQL(Decent)|* Platforms:|Web(Decent), Windows(Decent) and Arduino(Decent)|* Soft Skills:|Leadership, Writing, Public Speaking, Poetry|* Speech:|English(Proficient),Telugu(Native),Hindi|"
}