{
  "email": "aryaman2808@gmail.com",
  "mobile": "+91987026425",
  "degrees": "[('BTech', '2022'), ('MS', '2022')]",
  "EDUCATION": "B.Tech (Engineering Physics)|(Majors - Electronics)|2020-2024|Delhi Technological University, New Delhi|CGPA - 8.96|B.Sc (Data Science & Programming)|2020-2023|Indian Institute of Technology Madras|CGPA - 8.20|AISSCE/CBSE (Class XII)|2020|Mount Carmel School, New Delhi|94.2%|AISCE/CBSE (Class X)|2018|Mount Carmel School, New Delhi|92.0%|INTERNSHIPS|Project Lead Analyst, Humans For Humanity, New Delhi|Jan 2022 - Present|*|Led a group of 15 consultants to work out an analytical CSR strategy for the NGO|*|Provided extravagant marketing strategies via interpreting statistical models to promote the NGO's social presence|Student Intern, Freelance Mantra, New Delhi|Jan 2022 - Present|Project - Competitive analysis|*|Worked under the University Student Internship Program (USIP) for a DTU-IIF incubated start-up|*|Strategized analytical models and marketing campaigns to increase the internet presence of the company by 9%|Data Science Lead Intern, YoShops, Chennai|Jan 2022 - Mar 202|",
  "POSITIONS OF RESPONSIBILITY": "Training and Placement Representative, Industry Interaction Cell - IIT Madras (Team of 12)|Sep 2022-Present|*|Researching and contacting companies to ready to hire (Intern/FTE roles - Technical) learners from the course|*|Conducting training activities in collaboration with companies to increase the course's employability factor|Founding Member & Artificial Intelligence Head, NeuralAI - DTU (120+ members)|Sep 2021-Present|*|Igniting discussions and conversations in the NeuralAI community.|*|Leading and working in any AI related initiative projects taken up by the society|*|Ensuring that the members and aspiring learners follow the AI roadmap|Junior Electrical and Electronics Engineer, Defianz DTU-SDC (Team of 40+ people)|Mar 2021-Aug 2021|*|Worked on PCB Designing and Analog concepts on the electrical systems of the vehicle|*|Designing and fabricating  the Shutdown Circuits, TSAL Lighting, HV and LV circuits of the vehicle|*|Building the procurement report for the Electrical and Electronics Department|Vice-President Consulting, Global Governance Initiative Impact Lab - DTU|Jan 2022-Present|*|Lead teams of GGI Impact Fellow consultants to work on various pro-bono consultancy projects taken up by the lab|*|Implementing and carrying out the ideation of initiatives to increase the digital presence of the lab||",
  "skills": "Programming Languages - Python|C++ | Java | MATLAB | HTML|Libraries - MatPlotLib | Numpy | Pandas | Flask|Analytics - MS Excel | Google Analytics | Sheets | SQL (DBMS)|NonTech - Marketing | Figma | Consulting | Writing|",
  "projects": "*|Headed a team of 5 interns for generating live Data Science projects|*|Implemented concepts of data mining and web scraping to create dashboards and analytical models for upscaling the|website's engagement by 13%|Associate Consultant, TLGS Consulting Group, New Delhi|Nov 2021-Dec 2021|Project - Business Plan (BSA Bharat, Military Defense Firm)|*|Carried out financial prediction modeling and technical summary along with SWOT & PESTEL analysis for the firm|*|Implemented and managed the architecture of QSAN database storage management across the company|*|Ensured smooth communications between clients and throughout the functioning of the departments|ACADEMIC PROJECTS|System Analysis and Working of Magnetic Levitation Trains | Research Article | Link|International Journal for Research in Applied Science & Engineering Technology (IJRASET)|Quantified-Self App (Capstone Project) | Tech Stack - Flask, SQLite, Jinja2, Bootstrap 5.1 | Link|*|Final Project - Modern Application Development - 1 (MAD1) course, Diploma in Programming - B.Sc Program, IIT M|*|Built a self tracking app of parameterized trackers and their respective logs with encrypted user logins|Machine Learning in Quantum Physics | Research Article | Link|International Research Journal of Modernization in Engineering Technology and Science (IRJMETS)|Space based Solar Power Fulfilling COP26: One Sun, One World | Research Article | Link|International Research Journal of Engineering and Technology (IRJET)|Mathematical Modeling and Analysis of Power Market Rates Data | Tech Stack - MATLAB | Link|*|Mid-Term Evaluation (MTE Project) - Applied Mathematics 1 (MA101) course, Ist Year - B.Tech, DTU|*|Created an mathematical model of day ahead market (DAM) prices of electricity in the indian market across a fiscal year|DTU Consulting Group Casebook | DTU Consulting Group | Link|*|Co-Authored the DCG Casebook having case studies on real life industry examples on strategy, finance & technology|ACHIEVEMENTS AND ACCOMPLISHMENTS|*|93/100 (Grade - O), Engineering Mechanics (ME251) course - Semester III - B.Tech, DTU (University Branch Rank 1)|*|SGPA - 9.8, Semester I - B.Sc, IITM (Top 100 - Overall, Top 25 - Learners with 4 courses) out of 30,000+ students enrolled|*|Selected for the University Student Internship Program (48 out of 1500+ applicants) under DTU-IIF|*|Selected as a Training & Placement Representative (12 out of 4000+ candidates) for Industry Interaction Cell - IIT M|*|Elected Class Representative - Junior Member of the Student Association, Ist year of B.Tech|*|Received Certifications of Leadership twice (Junior, 15-16 & Senior, 18-19) - School Student Council roles|*|96/100, Computer Science - AISSCE/CBSE (Class XII) (School Rank 2)|"
}