{
  "name": "Aditya Tulsiyan",
  "email": "tulsiyanaditya11@gmail.com",
  "mobile": "917070392",
  "degrees": "[('XII', '2001'), ('X', '2001'), ('BE', '2001'), ('BTech', '2001'), ('CBSE', '2024')]",
  "skills": "Expense Manager   ( Duration 2 Day(s) ) |It is an intermediate project on javaScript along with CSS. |H|H|Node.Js, CSS, DSA, Javascript, HTML ||",
  "projects": "ToDo list using JavaScript   ( Duration 2 Day(s) ) |It is a Simple project completed by me to showcase my javaScript skills |"
}