{
  "email": "arun20020520@gmail.com",
  "mobile": "2002052",
  "degrees": "[('BTech', '2020')]",
  "EDUCATION": "B.Tech Computer Science and Engineering |Vellore Institute of Technology, Vellore. |08/2020 - Present,  |8.925 |HIGHER SECONDARY SECOND YEAR|EXAMINATION |Kanchi Sri Sankara Academy Matric. Hr. Sec.|School |06/2018 - 07/2020,  |93% |STATE BOARD OF SCHOOL EXAMINATION |Kanchi Sri Sankara Academy Matric. Hr. Sec.|School |06/2016 - 05/2018,  |93.2% |WORK EXPERIENCE |Core Committe Memember |Child Care and Education |02/2022 - Present,  |Organized events and workshops for orphanage child. |",
  "SKILLS": "Python |C/C++ |Java |SQL |R |Tableau |PowerBI |MATLAB |PERSONAL PROJECTS |Indian Start Ups -2021 |Made Dashboard and its analysis. |Application of Nanotechnology in Electronics| (08/2021 - 11/2021) |",
  "STRENGTHS": "Quick Learner |Problem Solving Skills |Decision Making Skills |",
  "LANGUAGES": "Tamil |Native or Bilingual Proficiency |English |Full Professional Proficiency |FIELD OF INTERESTS |Data Visualization |Machine Learning |Data Analysis |Mathematics ||"
}