{
  "email": "avinash31102003@gmail.com",
  "mobile": "7503435650",
  "degrees": "[('CBSE', '2016')]",
  "education": " |ACADEMIC ACHIEVEMENTS AND AWARDS | |EXTRA CURRICULAR ACTIVITY | |ACADEMIC PROJECTS | |",
  "skills": " |DECLARATIONS |     I hereby declare that the details furnished above are true and correct to the best of my knowledge and belief | | | | | |I hereby declare that the details furnished above are true and correct to the best of my knowledge and belief. | | | |        |AVINASH KUMAR |                         |7503435650 | avinash31102003@gmail.com | 2K20/CO/109 |   | | |COURSE |YEAR |INSTITUTE |RESULT |Bachelor of Technology in Computer |Engineering |2020-2024 |Delhi Technological University Rohini, |Delhi- 110042 |8.91 |CBSE (Class XII) |2018 |Kamal Model Sr. Sec. School, Mohan |Garden, Uttam Nagar, New Delhi-59 |89.8% |CBSE (Class X) |2016 |Kamal Model Sr. Sec. School, Mohan |Garden, Uttam Nagar, New Delhi-59 |94.2% | | | | 4 Star in Problem solving Hacker Rank | | | | | Bus Ticket Reservation Using OOPS  in which you can see full details of bus and driver |along with timings, you can book and cancel seats and also admin have interface in which |admin  can delete, edit and insert details of new buses. | | | Languages C++, C, SQL | | | | Member of DTU Cricket Team | Keeps Interest in food cultures of different places | Spiritual and Music enthusiast | | I hereby declare that the details furnished above are true and correct to the best of my |knowledge and belief ||"
}