{
  "email": "kartikpatial02@gmail.com",
  "mobile": "+91837693193",
  "degrees": "['BTech']",
  "education": " | | | | | | | | | | | | |Achievements | | |Kartik Patial                                                                                 +91-8376931937 |A-212 3rd floor                                                                     kartikpatial02@gmail.com |Nehru Vihar, Delhi-110054 | |Languages:   C, C++, MySQL                                                                                            |Courses:      |* | Data Structures and Algorithms (DSA)       |* | Database Management System (DBMS) |* | Object Oriented Programming (OOPs)              |* | Operating System (OS)      | |Super Market Billing System |* |Built a system that provides users with features like add item, price, tax, |discount and generate bills. The details of various items can be accepted from |the user. The amount was calculated and displayed on screen. |* |Project was made using Object Oriented Programming and File Handling. |Library Management System |* |Built a Database Management System that saves library records like |information about books, issuing books, staff details, student details and issue |details. |* |It can be used to do different operations on databases. |Web scraping Using Multithreading |* |Implemented Web Scraping using single thread and multiple threads, |compared time taken and studied the advantages. |* |Demonstrated live example through loading different numbers of images |from a website which took different time depending on number of threads. | | |Course |Institute |Percentage/CGPA |B.Tech (IT - Information Technology) |Delhi Technological University |9.03 CGPA |12th |Rajakiya Pratibha Vikas Vidyalaya |91% |10th |Rajakiya Pratibha Vikas Vidyalaya |10 CGPA | | |* |Hacker-Rank 5 Star. |* |Leetcode 150+ questions solved. |* |Completed Placement Guide course 21-22 on GFG. |* | Worked in corporate team in SYNERGY'21(Tech Fest). |* |Co-Head at SITE (Society of IT Engineers). |* |Tech team member of Site in INVICTUS'22 (Tech Fest). | ||",
  "skills": " | | | | | | | |Project | | | | | | | | | | | | | | | | |"
}