{
  "email": "ngpjaiswalgaurav@gmail.com",
  "mobile": "9325843998",
  "degrees": "['BTech', 'CBSE']",
  "EXPERIENCE": ">One of the core committee members at Robovitics the official robotics club at VIT. |>One of the core committee members at Digitsquad VIT. |>Wide experience in various hackathons.|>Wide experience in organizing technical events.|",
  "EDUCATION": "Sep '20 - Present|BTech in CSE: VIT University, Vellore, Tamil Nadu  CGPA: 8|Higher Secondary Education(12th): Maharashtra Board:    86.3%|Secondary Education(10th): CBSE Board:   92.8%|",
  "PROJECTS": ">Built a packet sniffer tool based on the application of sockets|>Prototype development of robexowalk (A health related fad aiding the support to patients with  walking disabilities)| |",
  "Interests": ">Playing cricket|>Reading novels|>Listening music|>Playing sports|>Reading novels|>Listening music|>E-gaming|Gaurav Jaiswal|Student||",
  "SKILLS": ">Python - Skillful|>C - Experienced|>C++ - Skillful|>JAVA - Experienced |>HTML - Experienced|>JSS - Skillful|>Flutter - Skillful|>Figma - Skillful|>SEO - Skillful| | | |"
}