{
  "email": "Akritiv990@gmail.com,",
  "mobile": "7986024191",
  "degrees": "[('BTECH', '2020')]",
  "education": "B.TECH IN MECHANICAL AND AUTOMATION ENGINEERING: 2020 - PRESENT|Indira Gandhi Delhi Technical University for Women, New Delhi, India|Cgpa: 8.37|SENIOR SECONDARY (XII), NON-MEDICAL (CBSE BOARD): 2018-2019|Hope Hall Foundation School, New Delhi, India|84.8%|SECONDARY (X) (CBSE BOARD): 2016-2017|Carmel Convent School, Chandigarh, India|89.3%|TECHNICAL SKILLS: Python, Java, Pandas, Numpy, Matplotlib, OpenCV|POSITIONS OF RESPONSIBILTY|*|Head coordinator at Mechanical tech team: Organized an ML/AI hackathon, \"What the hAIck\" along with 6 team|members for Innerve, the technical fest of IGDTUW.|*|Head coordinator at PR team: Responsible for getting maximum engagement on posts and getting participants|for|different events for Innerve.|*|Member of EM team: Organized webinars and coding contests with 8 members for CodeBenders,|tech society of IGDTUW.|*|Head coordinator at TnP cell of IGDTUW|VOLUNTEERING|*|Mentor at \"Desh ke Mentor\": Guided a group of 5 girl students from Government schools to promote women in|STEM.|*|Volunteer at \"Cinema for Change\": Taught life values and skills to underprivileged kids through educational|movies.|",
  "projects": "FOOD TECHNOLOGY | Advanced Excel|Completed 4 weeks of online certified training on Advanced Excel. I was taught how to do business analysis using|excel by helping out a Food technology start-up, \"Food2Go\" in analyzing its strategies and goals to make the working|more efficient.|FACIAL RECOGNITION-BASED ATTENDANCE SYSTEM|https://github.com/akriti44/FaceRecognition-AttendanceSystem|implemented the libraries OpenCV, Dlib and Face_recognition along with ML algorithms to perform facial detection|and recognition. If the detected face from the live streaming video is found in the database, the attendance will be|marked automatically in the excel sheet.||"
}