{
  "email": "bawa.yuvanna@gmail.com",
  "mobile": "+91987220090",
  "education": " |Thapar Institute of Engineering and Technology                                                        Sep 2020 - Present |Bachelor of Engineering in Computer Engineering (7.1/10) |Patiala, India |",
  "projects": "Diabetes Classifier | Python, Sklearn, KNN Algorithm |3 |KNN model to predict whether a person has diabetes or not  | |Cryptocurrency Tracker | Python, PrettyTable, Colorama |3 |A Python based cryptocurrency tracker which shows the amount owned by a user for a particular cryptocurrency coin. | |Football Player Price Prediction | Numpy, Scipy, Matplotlib, Pandas, Seaborn, Sklearn |5          |Predicting the price of a football player using Machine Learning Algorithms. Used Seaborn to investigate the data. | |Email Spam Classifier | Numpy, Matplotlib, Seaborn, Sklearn, Multinomial Naive Bayes, Streamlit, Heroku                                  7   |This is a webapp made using Streamlit and deployed on Heroku and makes use of the SMS Spam Collection dataset from Kaggle. |The algorithm, Multinomial Naive Bayes, classifies a message as spam or not spam.             | |Achievements and Extracurriculars | |* Graded in top 10% of batch in Computer Programming |Technical Skills | |Languages: C/C++, Python, Prolog, Matlab |Technologies/Frameworks/Libraries: Scipy, Matplotlib, Numpy, MySQL, PL/SQL, OpenCv, Yolo, PyCaret, |Arduino, Django, Git, Remote Sensing using Image Processing, Network Programming ||",
  "experience": " |Thapar Satellite Development Center  |Nov 2021 - Present |Engineer Intern |* ThapSat: Developing a Low Earth Orbit nanosatellite to be launched in collaboration with ISRO to monitor greenhouse gases and |pollution levels over the Punjab region |* Image Processing: Implemented an optimal image compression algorithm (RICE, LZW, Huffmann) to compress the raw image |data from the satellite to be sent to the ground station, which is then to be analyzed to find the concentration of greenhouse gas in |the atmosphere |* Implemented discrete wavelet transformation in C++ and Matlab |"
}