{
  "name": "Ayush Kumar",
  "email": "ayushkapoor378@gmail.com",
  "mobile": "+91915501761",
  "education": " |* Vellore Institute of Technology |Bhopal, India |Bachelor of Technology - Information Technology; (GPA: 8.91) |August 2020 - March 2022 | |* DAV Public School |patna, Bihar |AISSCE; Percentage:  68% |2018 - 2020 |* DAV public  School |patna, Bihar |AISSE; Percentage: 82% |2016 - 2018 |",
  "skills": " |* Languages: |  C/C++,JAVA,R,EJS ,JavaScript, SQL, Python, MongoDB |* Frameworks: |  Pandas, Numpy, ggplot , NodeJS |* Tools: |  GIT, Oracle SQL |* Soft   Skills: |   Leadership, Writing, Public Speaking,Content Creation, Time Management |",
  "projects": " |Project on topic \"Marketing Website\" where I worked with HTML,CSS,JAVA SCRIPT and          |created a user friendly. | |* Project on topic \"E waste awareness\" under the banner of Swachh Bharat Mission |where our Team ESC (E Scrap                 Comrades) reached out to the public digitally (to |more than 200 people) to increase awareness on effective e waste     disposal using 5 R |method. |*  |* GAME:- - TIC TAC TOE - SNAKE GAME |         |*     \"Super Intelligent Virtual Assistant(S.I.V.A.)\" project in which I worked with python , GUI and tkinter. S.I.V.A.                         |          Aims to develop a personal virtual assistance for the windows, Android, and iOS platforms.  | | | | |* Among the top 20 teams in Accenture's Innovation Challenge, 2020 |HONORS AND AWARDS | |* Awarded the Best Delegate at VITB MUN - December, 2021 | | |CERTIFICATIONS | | |* Data Analysis with R Programming: | |Google |* Natural Language Processing with Classification & Vector Spaces: |' |DeepLearning.AI | ||",
  "experience": " |       Holding 5 star rating at 'Hackerrank' |        Campus Ambassador, Lyriclious- LearnWithUs|*    Achieved Golden Level and earned a free training of web development | |"
}