{
  "email": "gsvidyarth2002@gmail.com",
  "mobile": "9025157138",
  "degrees": "[('BTech', '2020')]",
  "SKILLS": "C++ |DSA |python |Django |SQL |HTML |CSS |",
  "LANGUAGES": "English |Professional Working Proficiency |Tamil |Full Professional Proficiency |",
  "EDUCATION": "B.Tech in Computer Science Engineering |Vellore Institute of Technology, Vellore |10/2020 - Present,  |CGPA - 9.42 |Higher Secondary Certificate |St. Alphonsa Matriculation Higher Secondary School |2020,  |Aggregate - 93.5% |Secondary School Leaving Certificate |St. Alphonsa Matriculation Higher Secondary School |2018,  |Aggregate - 98.6% |RESPONSIBILITIES |Indian Society for Technical Education (01/2022 - Present) |Technical Head |Codechef VIT (10/2020 - Present) |Senior Core member |PERSONAL PROJECTS |PING !| | |A chatting webb app made using django to chat with people of same interest. |Rooms will be available based on different topic, users can enter the interested rooms and start chatting |BLOGG| | |A simple blogging website made using django, that allows user to create, update and delete blogs. |",
  "ACHIEVEMENTS": "5 * in Python, C++ and Problem Solving (Hackerrank) |3 * (1791) in Codechef| | |Pupil - (1283) in Codeforces| | |Top 15 in Reverse Code - Flagship coding competition of ACM - VIT |Conducted a Youtube webinar on STL| | |Conducted a workshop on django for beginners ||"
}