{
  "email": "himanshi20510@iiitd.ac.in",
  "mobile": "2020510",
  "degrees": "[('BTech', '2020'), ('CBSE', '2019')]",
  "education": " |Indraprastha Institute of Information |Technology, Delhi  |BTech. (CSAM) |2020 -Present |CGPA: 8.73/10 |(till 3rd Semester) | |S.R. D.A.V Public School, Delhi |CBSE Class 12th |2019 - 2020 |Percentage:95% |S.R. D.A.V Public School, Delhi |CBSE Class 10th |2017 - 2018 |Percentage:92.6%  | |",
  "skills": " |Expertise Area |Data Structure and Algorithms |Programming |Language |Java, Python, C++, JavaScript (Beginner) |Tools and |Technologies |Git, MATLAB, Bash, Figma, p5.js, HTML, CSS, LTspice, Tinkercad, IntelliJ, |MySQL, Flask (Beginner) | |Technical |Electives |Database Management Systems*, Algorithm Design and Analysis*, |Advanced Programming in Java, Data Structure and Algorithms, |Operating Systems, Introduction to Programming in Python, Introduction |to Human Computer Interaction, Probability and Statistics, Discrete |Structures |*Ongoing courses | |",
  "projects": " | |Banking System  |(April,22 -Present) |Guide: Dr. Mukesh Mohania |Creating a DBMS application to manage functioning of a Bank. |Creating a website and a database where customer, employee and |admin can login and interact. Tech Stack: HTML, MySQL and Python |using Flask. | Team Size-4 | | |Study Chum (Girl Hackathon'22 Project)  |(Mar,22 - April,22) |Created a web application integrating Chat Bot, Pomodoro Timer              Team Size-3 |and To-Do list, to help students focus in online & hybrid learning.  |Himanshi Sethi |   Roll No: 2020510, Email: himanshi20510@iiitd.ac.in |Github|Linkedin |DOB: October 30, 2002 |       Address: 65, Sham Nagar, Near Govind Pura Delhi-110051 | |Used chatterbot library of Python to train the bot on the given |dataset. Tech Stack: JavaScript, HTML, CSS, Flask in Python. Code | |Game Development |Guide: Dr. Koteswar R. Jerripothula |(Nov,21 - Dec,21) | Team Size-2 |Developed Snakes and Ladders game (clone for the  |famous mobile App Ludo Master) giving high priority to |object-oriented and event-driven programming using |Java, and JavaFX. Code | |Custom Simulator and Assembler                                                     (Aug,21-Sep,21) |Guide: Dr. Tammam Tilo                                                                       Team Size-3  |Implemented Custom Simulator and Assembler for a hypothetical             |Instruction Set Architecture along with Visualization for Memory |Access Location over Time using Python. Code | |Salon and Spa Booking App                                                             (Feb,21 - April,21) |Guide: Dr. Grace Eden                                                                         Team Size-5 |Created a High-Fidelity Prototype for the app (Stylelegant)  |in Figma with 3D styling features using face recognition, and |online payment options for an appointment at the salon. Prototype | | | |Positions of Responsibility | |* |Core team lead at Women in Tech. club @IIITD |(June,21 - Present) |* |Core team member in organizing ZPC contest by  |Evariste (Mathematics club, @IIITD) |* |Interim Member at Cyborg (Robotics Club) @IIITD.                      |(Nov,21 - Present) | |(Jun,21 - Sep, 21) | |Awards and Achievements | |* |Bagged 3rd position all over India and scholarship of 500 dollars in Girl Hackathon |2022 conducted by Google India. |* |Achieved Global Rank: 518, India Rank: 221 in Google Code Jam I/O Women 2022. |* |Achieved Global Rank: 3061 in Google Kickstart Round A 2022. |* |Received Scholarship for securing All India Rank: 3 in International Reasoning |Olympiad conducted by Silver zone. |* |Secured State Rank 19 out of 1500 participants across Delhi based on academic |success at Science Open Merit Test conducted by Delhi State Science Teacher's forum.  |* |Received Gold medal at SOF International Mathematics Olympiad for State Rank 23 and |International Rank 87. |* |JEE Advanced: Cleared and Secured All India Rank: 22442 out of 250,000 students |who cleared JEE Mains. | |Interests and Hobbies | |* |Problem Solving on Codeforces, Interviewbit. |* |Playing Chess, Listening to Music | | |Declaration: The above information is correct to the best of my knowledge. |Himanshi Sethi |Date: April 27, 2022 | | ||"
}