{
  "name": "VARNIT RASTOGI",
  "email": "varnitrastogi_it20b9_43@dtu.ac.in",
  "mobile": "+91895894890",
  "degrees": "[('CBSE', '2018')]",
  "education": "B.TECH(Information Technology) 2020-2024|Delhi Technological University, New Delhi|9.21 CGPA|CBSE (Class XII)|2020|Aryan International School,New Delhi|88.2 %|CBSE (Class X)|2018|Benison School, Uttar Pradesh|91.4 %|ACADEMIC PROJECT|Algo 99 -Online Trading Bot Subscription Website | Live Project|Dec 2021- Apr  2022| A group project - A Python based platform for online subscription of Trading Bots.| Integrated Paypal, Paytm Gateway and Email OTP verification.| Used HTML, CSS, JavaScript, Django, API and Inbuilt sqllite for database.|HelpChain-BlockChain based Funding Website |Github|Mar 2022- May 2022| A decentralized funding platform using blockchain.| Images are stored in ipfs and used in hash format.| Used Truffle, Solidity, Ganache, React, IPFS and metamask to connect .|POSITION OF RESPONSIBILITY & EXPERIENCE|FreeLancing| I have also pitched my hands in freelancing.| I have developed websites using Flask and Django.|SITE-Tech Society| Member of Tech Group of Society of IT Engineers(SITE).| Our task is to develop website for Invictus (Tech Fest).|ACADEMIC ACHIEVEMENTS| Awarded 6 months LinkedIn Premium from Codechef.| Solved 300+ questions on Coding Platform Leetcode.| Solved 300+ questions on Coding Platform GeeksForGeeks.| 1237 current rating on Coding Platform Codeforces.| Under 150 Institute rank with 1000+ Coding Score on GeeksForGeeks.| 1750 current rating on Coding Platform Codechef.| Secured a Rank of 101 in Codechef Starters 41.| Secured a Rank of 127 in Codechef Starters 32.| Secured a Rank of 156 in Codechef April Lunchtime 2022.| Awarded the certificate of Excellence of 'Data Structures in C++' by Coding Ninjas.|TECHNICAL SKILLS|C, C++, Javascript, Python, Solidity|HTML, CSS, Flask, Django, Truffle|Git, VSCode, Remix, DSA|PROFILE| GeeksForGeeks| Leetcode| Codechef| Codeforces| Github||"
}