{
  "email": "thisisprashantmishra@gmail.com",
  "mobile": "+919717707930",
  "EDUCATION": "Class 12 : Non-Medical |DAV PUBLIC SCHOOL |04/2018 - 04/2019,  |ASHOK VIHAR , NEW DELHI |Bachelors in Technology CSE |VIT University Bhopal Campus |09/2020 - Present,  |Bhopal, Madhya Pradesh |Artificial Intelligence and|Machine Learning |",
  "SKILLS": "Critical Thinking |Problem Solving |Web-Development |Python (Django, Sklearn, Keras) |C++ (Proficient) |JAVA (Proficient) |MYSQL |NOSQL |PERSONAL PROJECTS |To-do-list (09/2020 - 10/2020) |Using MongoDB, Express and EJS, to-do-list was made, which|requires authentication for adding and deleting the task but|only the authorized user can delete their task. |Text Semantic Analysis (09/2021 - 10/2021) |Extracting the Comment Placed by user on the website for|certain Products. Python language had been used for Creating|Machine Learning Model, use of nltk Library, and sklearn had|been used for classification of the Text on the basis of Positive|and Negative. The User Interface was on web which was made|by Flask. |Speech Emotion Recognition (10/2021 - 11/2021) |By using the audio files the emotions are being extracted using|librosa and soundfile python library. The Model was created by|using mfcc, chroma and mel from the audio files as their|features. Then dumping the prepared model into a pickle file to|use it anywhere. The UI was made on web with the help of|Django Python Library |",
  "LANGUAGES": "Python |Full Professional Proficiency |C++ |Full Professional Proficiency |JAVA |Full Professional Proficiency |Courses ||"
}