{
  "email": "ayaan2536@gmail.com",
  "mobile": "9389403671",
  "degrees": "[('ICSE', '2018')]",
  "EDUCATION": " |Shiv Nadar University |      Greater Noida, India |Bachelor of Technology, Computer Science | Minor - Management |EXPECTED May 2024 |CGPA: 8.37 / 10.00  |Relevant Coursework: Introduction to Computing and Programing | Data Structures & Algorithms | Object Oriented Programming | |Programming in C | Discrete Mathematics | Computer Organization and Architecture | Operating Systems | |EARLIER EDUCATION | |HIGHER EDUCATION |Lucknow, Uttar Pradesh |Higher Secondary Education, |Jul 2019 - Mar 2020 |La Martiniere College |Board: ISC |Percentage: 86% | |SECONDARY EDUCATION |Lucknow, Uttar Pradesh |   Secondary Education, |Mar 2018 - Mar 2019 |La Martiniere College |Board: ICSE |Percentage: 80% | |",
  "PROJECTS": " |Student Management System |Sept 2021 - Nov 2021 |* |A system that let student's login into the application with their college ID and provide them the facility to issue book |from the library, book shuttle, laundry service, and mess services |* |The GUI, built using the Java Swing and uses the Abstract Window Toolkit (AWT) provide the project with necessary |requirement. |Invoicing System |Nov 2020 - Dec 2020 |* |A Java billing system that allows seamless real-time user interaction through concurrency, inheritance and other concepts of |Oops. | |ADDITIONAL INFORMATION | |* |Technical Skills: Java | C | Python | jQuery | Node.js | MySQL | React.js | Git | Currently |learning app development | Learning AI&ML- Image Processing | Aspiring Cyber Security |novice | |* |Organizations: ACM- Member of CP team | Pixels (Photography and Videography club)- |Member | |* |Certificates: Algorithmic toolbox (UC San Diego/Coursera) | IT Security: Defense against |the digital dark arts (Google/Coursera) ||"
}