{
  "name": "Chirag Tiwari",
  "email": "chiragt934@gmail.com",
  "mobile": "8077220",
  "degrees": "[('BTECH', '2067'), ('CBSE', '2018')]",
  "projects": "* Web Development Using React JS (Nov, 2021 - Dec, 2022) : It is a front end Website which shows the sale|of the toys and the price of the toys.|TECHNICAL SKILLS|* Languages: Python, Javascript , C , C++ , HTML, Java.|* Tools and Frameworks: ReactJS|SCHOLASTIC and CO-SCHOLASTIC ACHIEVEMENTS|* Azzure AI-ML - I have Earned a certificate from Microsoft.|POSITIONS OF RESPONSIBILITY|* Types of Competetions I have Conducted : I have Conducted the Rubik's Cube and Chess Competetion in|our University.||"
}