{
  "name": "Manvendra Singh",
  "email": "singhmanvendra2711@gmail.com",
  "mobile": "7668380583",
  "degrees": "[('Btech', '2020')]",
  "EDUCATION": "Study Program |Graphic Era Hill University |09/2020 - 08/2024,  |Dehradun , India |Btech CSE |WORK EXPERIENCE |Title/Position |Workplace/Company |",
  "SKILLS": "C++ |Data Structures |Java |Artificial Intelligence |Machine Learning |PERSONAL PROJECTS |Malicious Url Detection using Machine Learning| (01/2022 - 02/2022) |Stock Price Prediction using Machine Learning| (11/2021 - 11/2021) |Zip password cracker (02/2022 - 02/2022) |Mobile app with Face recognition login feature and|capable of using Voice commands to search data.| (03/2022 - Present) |",
  "ORGANIZATIONS": "Organization Name |CERTIFICATES |Microsoft Azure AI Fundamentals (12/2021 - Present) |",
  "LANGUAGES": "c++ |Native or Bilingual Proficiency |",
  "INTERESTS": "Artificial Intelligence |Courses ||"
}