{
  "name": "Indra Colony",
  "email": "anmolaggarwal06022001@gmail.com",
  "mobile": "6022001",
  "degrees": "[('BTech', '2018'), 'MS']",
  "education": "Course/Examination |Institution/University |Year of Passing |Performance |BTech Computer Science Engineering |DIT University, Dehradun |Pursuing |8.97 CGPA |(till 4th Semester) |ISC (Science) |Brightlands School (Dehradun) |2018 |93.5 % |CISCE |Brightlands School (Dehradun) |2016 |94.6 % |AI for Everyone: Master the Basics |IBM (edx) |2020 |Cleared |Build Your First Android App (Project-|Centered Course) |Centrale Supelec (Coursera) |2020 |Cleared |Learn React with Bob Ziroll |Scrimba |2021 |Cleared | | |TECHNICAL SKILLS: Java, C, Web Development(HTML,CSS,Tailwind,React), Github, Dropbox, Framer motion,  Android Studio Basics,  MS Excel, MS |Word, MS PowerPoint |OTHER SKILLS: Web Communication skills , Good Decision making and critical thinking skills, Time management, Leadership and Team player | |",
  "projects": " |Web Development: API club website |o |Developed a website with my colleague for a club at DIT University, \"THE API CLUB\", using various tools like tailwind CSS, react, |framer motion etc. | |Android Development: CONVERTEX app |o Developed a mobile application , \"CONVERTEX\", in android studio that enables us to convert miles value to km  |and vice versa. | | |Database Management System: Railway Management System  |o Developed a Railway management system using MySQL containing databases for train schedule and passenger details allowing and |updating ticket booking. | |POSITIONS OF RESPONSIBILITY  | | Publicity Co-head (Computer Society of India-DITU)                                                                                                             [Nov 2021 - Present] |o |An active member of the Computer Society of India-DITU. |o |Conducted with the club, several coding events and hackathons. |o |Initiated thorough discussions on various cases and frameworks: Responsible for event publicity and social contacts of the club. |o |Coordinated an event in the Annual fest,\"DARE2WIN\",getting 100+ participation for the same and generating significant revenue for |the club | |Member (Debating Society- DIT University)                                                                                                                              [Oct 2021 - Present] |o |Participated in an intra-house debate organized by the club and presented views on \"Indian patriarchal society\" |o |Part of the Technical and Management team of the society, responsible for conducting periodic activities of the club. | | |Technical Team Member (API club- DITU)                                                                                                                                 [June 2021 - Present] |o Presented the concept of techy-Tuesdays, posted and presented an informative session on \"Nanotechnology\".  |o Worked for the technical team of the club, gathering and weaving the data for the club's website  | | | | | | |PARTICIPATIONS AND VOLUNTEERSHIP  | |YOUTHOPIA - DITU FEST 2022                                                                                                                                        |o As a Technical Team Leader, coordinated the technical events of the fest, Managed the CSI Dare2win and Code2Win events held during |the fest. | | |Hackathon - NOVASIE                                                                                                                                       |o Stood among the semi-finalist in the Hackathon conducted by \"NOVASIE\" in collaboration with CSI- DITU. Presented a modified clone |of \"The Urban Company\" and developed a demo web application for the same as per the hackathon requirements.   | | | |JOY -- Volunteer                                                                                   |o Volunteered for a food and clothes distribution drive at the slum near the bindal bridge in Dehradun distributing food and clothing to |over 62 families residing there.  | |MAD by BTD - Volunteer                                                                                                                                                       |o Worked with our team to help people during severe covid conditions providing them with medical and counselling assistance. |o Served as a volunteer for the various clean-up drives and painted an art piece on public walls near clock tower to spread awareness |among people to save the dying streams of the city |o Led and Managed a Plantation Drive, planting 18 dense trees like banyan and peepal in the Rajpur Area, Dehradun.Boosted the social |presence of the NGO | | | | | |OTHER INTERESTS & ACTIVITIES  | |Interests: Music, gardening, Reading | ||"
}