{
  "email": "gauravsarg@gmail.com",
  "mobile": "9224481",
  "degrees": "['BTech']",
  "education": "BTech (Computer Engineering) |Delhi Technological University (DTU) |08/2020 - Present,                                                     CGPA: 9.16 | |Senior Secondary Education |Bal Mandir Sr Sec School |Year of Completion - 2019 |Percentage |Class 12th (91.4%) |Class 10th (CGPA - 10) |",
  "skills": " | | |  | | | | | | | | |PERSONAL PROJECTS | |Sorting Visualizer |Sorting Visualizer is a project built using HTML, CSS and JS which allow user to |Select the sort algorithm, select the array size and speed of visualization. | |GitHub Finder |GitHub Finder is a web app built using HTML, CSS and JS that uses GitHub API to |fetch user data from the GitHub database and display a user's information. | |Text editor |The project implements a text editor using data structures like linked list and stack | |ACHIEVEMENTS | | | |All India JEE mains rank 11k | |which is a must needed program in every device, say laptops, desktops, mobiles. | |Student/ teacher login portal |This project uses object oriented programming and data file handling to create a |management system for school and colleges which has both staff and student |portals. | | |WORK EXPERIENCE |Cooperative executive |Entrepreneurship cell, DTU |Achievements/Tasks |Was involved in bringing sponsorships for Ecell's annual fest E'summit. | |Team member |Asset DTU |Achievements/Tasks |Worked as a team member and share knowledge about finance to |juniors. | |Member |IEEE DTU |Achievements/Tasks |Played a role in conducting vihaan annual hackathon. | |Member |INNOVA DTU |Achievements/Tasks |Played a role in conducting techno fest in DTU | | | | |CERTIFICATES | |Advanced Data Structures and Algorithm |Coding Blocks | |Web Development |Coding Blocks | | |LANGUAGES | |English |Full Professional Proficiency | |Hindi |Native or Bilingual Proficiency | | |INTERESTS | |   |Data Structures and Algorithms |Object-Oriented Programming |Database management System |github.com/gaurav-g09 |linkedin.com/in/gaurav-gupta-9224481b1 |9810903165 |gauravsarg@gmail.com | |Gourav Gupta |BTech COE Undergraduate at DTU |HTML |Cricket ||"
}