{
  "email": "ritikpachauri@gmail.com",
  "mobile": "8383806167",
  "degrees": "[('MS', '2024'), ('BTech', '2024')]",
  "education": "Master of Science - MS, Mathematics|BITS Pilani, Hyderabad Campus * Hyderabad, Telangana|05/2024|My CGPA is 8.136 |BTech, Electronics and Communications Engineering|BITS Pilani, Hyderabad Campus * Hyderabad, Telangana|05/2024|High School|Banyan Tree School * New Delhi, Delhi|06/2018|",
  "skills": "Languages|C++|Latex|MATLAB|Simulink|LTSpice|Microsoft Office|English|Hindi||",
  "projects": "Completed a semester-long Study oriented Project on Cosmological Models in Modified Gravity|under the guidance of Prof. PK Sahoo|",
  "experience": "Teaching Assistant|BITS Pilani, Hyderabad Campus * Hyderabad, Telangana|07/2021 - Present|To assist in identifying the opportunities for students in foreign universities.|To assist in organizing the sessions conducted by IPCD with the foreign delegates.|To assist in organizing students' session to share the experience of the students who|have already completed their programmes at foreign universities.|Summer Intern|UST * Trivandrum, Kerala|04/2021 - 07/2021|Under the internship at UST Global, a new model was created for transaction platforms that|address several limitations of the classical models, being used almost everywhere today. In|these two months of internship, the aim was to create a transaction platform from scratch|which implements a modern component of Quantum Random Number generator into the|classical methods of encryption.|"
}