{
  "email": "jayantmiglani14@gmail.com",
  "mobile": "919910090",
  "degrees": "[('BTech', '2020')]",
  "education": " ACADEMIC PROJECTS |ACADEMIC ACHIEVEMENTS AND AWARDS |EXTRA-CURRICULAR ACTIVITIES AND ACHIEVEMENTS |TECHNICAL SKILLS |",
  "experience": " |*  Received DELF A2 certification for proficiency in French language from the French Government. |*  Member of the public relations team for Engifest 2022, DTU's annual cultural fest |*  Other free time interests - |* Reading deep learning blogs and research articles and learning on probability theory |* Travelling and exploring newer places |* I never miss a game of cricket and also love playing badminton  | | |*  Multivariate calculus (MA101) |*  Linear Algebra and Probability theory (MA102) |*  Object Oriented programming (CO203) |*  Data structures (CO201) |*  Database Management Systems (CO202) |*  Algorithm Design and Analysis (C0208) |* Operating System Design (CO205) |*  Deep Learning Specialization by deeplearning.ai (Coursera) | | |COURSEWORK AND COURSES TAKEN ||"
}