{
  "email": "anvitareddy6@gmail.com",
  "mobile": "+919603983757",
  "degrees": "[('BTech', '2019')]",
  "PROJECTS": "Billing Database System|Wrote a MySQL program to developed a|database for the billing system of a|departmental store which is controlled by|an admin whose functions include entering|customer details, computing transactions,|producing the final amount among various|others.|Personal Website|Developed a dynamic and responsive|website and hosted it using HTML, CSS and|JavaScript only.|https://researchweb.iiit.ac.in/|~anvita.katipelly/|Job Recruitment Portal|A Job Recruitment Portal using MERN stack.|Supports handling of Job vacancies from|both Recruiters and Applicants. Coded|functionalities like Searching, Filtering,|Sorting and Editing details of Jobs.|App Development for Perceptive|Analytics|Designed a Flask-API for a Computer-Vision|model that detects objects from images and|videos. Created a cross platform application|in React Native, which can capture|images/videos from user's mobile and|process them with the help of API, to|display the results.|Publishing Data sets and versions|Built an unit of a data foundation system|where publishers can upload datasets on|validation by an admin user, using Flask|back-end and React front-end.|XV6 Extension|Modified the MIT's XV6 operating system|by including different scheduling algorithms|and new system calls, done in 'C' language.|",
  "EDUCATION": "B.Tech in Computer Science and Master of Science in|Computing and Human Sciences by Research|International Institute of Information Technology Hyderabad( IIITH)| July 2019-Present| Hyderabad India|* CGPA: 8.04/10 (As of 5th Semester)|* Graduation: June 2024|",
  "SKILLS": "Programming Languages|* C, C++, Python|Web Development|* HTML, CSS, JavaScript, React JS, React Native|ML/AI|* Genetic Algorithms, Linear Regression, Value Iteration Algorithms|* RNN, CNN, SVM, LSTMs|Others|* MySQL, MongoDB, Shell, Assembly, Web Scraping|ACADEMIC COURSES|* Data Structures and Algorithms|* Algorithm Analysis and Design|* Operating Systems and Networks|* Machine Learning|* Statistical Methods in AI|* Database Systems and Management|* Design and Analysis of Software Systems||"
}