{
  "email": "parth.singh2020@vitstudent.ac.in",
  "mobile": "8354853998",
  "degrees": "['CBSE']",
  "EDUCATION": "Bachelors of Technology, Information Technology, 2024|Vellore Institute of Technology - Vellore|XIIth, 2020|Delhi Public School - Varanasi|Xth, 2018|Delhi Public School - Varanasi|ACCOMPLISHMENTS|",
  "INTERESTS": "CONTACT|Address: Vellore,India,632014|Phone: 8354853998|Email:|parth.singh2020@vitstudent.ac.in|",
  "SKILLS": "Language Skills:|Others:|CBSE Results- 90%|*|CBSE Results- 90.4%|*|MEC, AIR- 6|*|Foundational Data Scientist from IIT Madras|*|Playing chess, cricket|*|Swimming|*|C++|*|R|*|HTML|*|CSS|*|JS|*|AJAX|*|JSON|*|NODE JS|*|MONGO DB|*|PYTHON|*|DATA SCIENCE|*|Problem-solving|*|Communication skills|*|Attention to Detail|*|Problem- Solving|*|Teamwork|*|Leadership|*||"
}