{
  "email": "aparna.shrutijha@gmail.com",
  "mobile": "963069010",
  "degrees": "[('CBSE', '2019')]",
  "Education": "Mentored over 10 students from class 11-12 about education and career guidance|as a part of Delhi's Govt initiative|Managed a  team of 5 people and contacted HRs of several companies to bring|sponsors for our college's Technical fest|Desh ke Mentor|Innerve| Nov 2021|Mentor|Sponsorship Associate |",
  "Experience": "C++, python, Kotlin, XML, SQL|Android development |Android Studio, Firebase, Git, Github, VS Code, Google cloud Platform|SparkAR, Canva, Inkscape|Languages|Tech Domain | Developer Tools | Other Applications|",
  "Certifications": "Aparna Jha|9630690101 | aparna.shrutijha@gmail.com ||LinkedIn|New Delhi Public School|CBSE Class 12|* Percentage: 72.6|Delhi, India|2019|Completed 5 courses on different tech domains |Learnt about Computer networking, Operating systems and IT security |Completed Cloud engineering track and data science & machine learning track|Received 11 skill badges|Coursera|Developers Student Club|Oct 2021|Dec 2021|Google IT Support Professional|30 Days of Google Cloud|Android App development|Internshala|Completed 8 week Industrial training on Android development using Kotlin and XML|Made a To-do list application as project|Oct 2021|Design team member|Zosh|Designed Social media posts and stories for the Marketing society of our college|Jan 2021 - Jun 2021||"
}