{
  "name": "Mohamed Ismail",
  "email": "mohamed.ismail122001@gmail.com",
  "mobile": "9567862727",
  "degrees": "[('BTECH', '2024')]",
  "education": "BTECH Computer Science|Vellore Institute of Technology, Vellore * Vellore, Tamil Nadu|05/2024|8 CGPA|Co Developer of Keylogger and Anti keyloggers project to detect the movement of keybinds on the keyboard|Relevant Courses|Data Structures|Algorithm Design|Database Management Systems|Operating Systems|Computer Networks|Languages|English, Hindi, Malayalam||",
  "skills": "Java, Python, C++, C|"
}