{
  "email": "pesug20cs053@pesu.pes.edu",
  "mobile": "7008372247",
  "degrees": "[('CBSE', '2011')]",
  "education": "PES University -- (B.TECH,CSE (Computer Science Engineering))  |(December 2020 - May 2024 (present))  |* |CGPA till now is 7.98 |* |Distinction Award- Semester 1 and Semester 2. |EKYA Schools, ITPL -- (11th-12th grade) (June 2018 - March 2020)|* |CBSE 12th board aggregate percentage: 91%|* |Participated in: Design Thinking Workshop |* |Won: 2nd prize-Product Design, Silver Medalist-NSO (school level) |New Horizon Gurukul -- (4th-10th grade) (June 2011 - March 2018)  |* |CBSE 10th board aggregate percentage: 91%|* |Participated in: Shloka Chanting Competition - organized by NIVE |* |Won and participated in many co-curricular activities and competitions:  |3rd prize- Interschool classical group dance competition,|3rd Prize- Extempore Competition, Bronze Medalist- Throwball|Ryan International School -- (till Primary) (June 2006 - March 2011) |* |1st prize-solo classical dance competition (3rd grade). | |CERTIFICATIONS  AND LICENSES |* |Introduction to Augmented Reality and ARCore - Google |Credential ID: ZZBQS2PX88NG |Credential URL: https://www.coursera.org/account/accomplishments/certificate/ZZBQS2PX88NG  |* Cyber Security Course Completion Certificate - Verzeo |Credential Link: 2876548782.jpg         |Credential ID: 2876548782  |* Certificate of Internship - Verzeo |Credential Link: 2858551685.jpg                    Credential ID: 2858551685  |* Summer Internship Project - LifeIntelect Consultancy Pvt. Ltd.  |Credential Link: Certificate_summer_internship.pdf | |AWARDS  AND ACHIEVEMENTS |* Patent filed for an idea \"Public Rainwater Harvesting System\"  |Details are: |Patent Application No- 201841032884 |  Applicant and Inventor- Ankita Sahoo  |  |             Title- Public Rain water Harvesting System |  Filing Date- 1st Sept 2018  |* |Won \"CHAIRPERSON'S AWARD\" in 'Blockchain Hackathon' |Conducted by 'PESU ISFCR', on '18/6/22'. |* |Won \"Top 250 Relevant ideas\" in an International hacking competition - |conducted by \"SirionLabs Hackfest\" |Won the title \"Top 250 Relevant Ideas\" and got cash prize | |LANGUAGES |English (Full professional proficiency) | Hindi (Professional working proficiency) | |Oriya (Native proficiency) | Sanskrit (limited working proficiency) | ||",
  "skills": "C | Python | Node.js | Javascript | React.js | Mongodb | HTML | Express.js | MATLAB | |Unix shell scripting | Data structures | Design and Analysis of Algorithms | |Communication | Team work | Operating System | Computer Networks | Statistics | Linear |Algebra | Problem Solving | Data Analysis | Git and Github | |",
  "experience": "Verzeo (675, 9th Main Rd, Sector 7, HSR Layout, Bengaluru, Karnataka 560068)--|Internship | 1st September 2021-31st October 2021 |* |Cyber Security |(Practically executed the methods and learnt ways how to prevent cyber attacks)  |Lifeintelect Consultancy Pvt. Ltd. (No 3, 3rd Floor, CRM SOWBHAGYA ANNEX, |Marathahalli, Bengaluru, 560037)--Summer Internship | 1st April 2019-30th May 2019 |* |Statistics on a real-time data set | Data Analysis |(Did statistical analysis on a sample of patents, plotted graphs, drew |conclusions.) | |"
}