{
  "email": "goelakshit48@gmail.com",
  "mobile": "919050238",
  "degrees": "[('CBSE', '2020')]",
  "SKILLS": "C++, Python, HTML, Mobile Robotics, MATLAB, Arduino, Numpy, Varilog, Microsoft Office, Linear Algebra, Probability,|Statistics and Exploratory Data Analysis, Analytical Skills, Public Relations, Project Management, DaVinci Resolve, Canva,|Adobe Premier Pro.||",
  "education": "DELHI TECHNOLOGICAL UNIVERSITY|B. Tech, Electronics and Communication Engineering (2nd Year)|2020-2024|CGPA: 9.20  (Cumulative, uptill Semester 3)|Pathfinder Global School ,Pataudi|2018-2020|CBSE (Class XII) : 93.2% | CBSE (Class X) :  95%|",
  "projects": "Project - 16 bit General purpose computer -- Software Model |HDL||* Designed a 16 bit General purpose computer using the basic gates and ALU's and built games like tetris & ping-pong.|Project - Student Record System -- Program on C++|* Wrote a c++ program to maintain student record and also publishes marksheets|Project - Line Follower Robot -- Software Model |LINK||* Simulated a Line Follower Robot on Webots|* Did the coding part on python and also manually made the track on tinkercad|Project - Determining the radius of object using Matlab -- Software Model ||* Wrote a MATLAB code which can easily detect the shape of the objects in any kind of picture.|Project - Automatic Street Light Controller -- Hardware Model|* Using LDR sensors,a hardware model was developed,it can be substituted for a current light system.|Project - LED Chaser Circuit -- Hardware Model|* Using a decade counter a led chaser circuit was made.|* Varying the frequency of the counters the frequency of led could be varied.|ACHIEVEMENTS AND SCHOLARSHIPS|TIDE Hackathon- 3rd position  in TIDE Hackathon - a competitive hackathon held by EDC, IIT Delhi.|IIT-JEE 2020- Qualified IIT-JEE and was placed in the top 1.25%ile amongst all other competitors.|"
}