{
  "email": "anushka0105.be20@chitkara.edu.in",
  "mobile": "8789842140",
  "degrees": "[('BE', '2024')]",
  "education": "BE CSE|Chitkara University * RAJPURA, Punjab|06/2024|Current CGPA of 9.9|AISSCE (Class XII)|Holy School * Muzaffarpur, Bihar|06/2020|AISSCE (Class X)|St Xaviers jr/sr School * Muzaffarpur, Bihar|11/2018|",
  "skills": "Java, DSA, C++, JavaScript, React, Tailwind, TypeScript, MongoDb, Nodejs, SQL, Express|",
  "projects": "GFG CUIET Website|Worked on frontend part of the website using React|successfully hosted 3 events with 1500+ registration each and regular user traffic of 50+.|CollectWiz| Built a google drive structure by using our custom Data Structure and building a new file structure.|Currently working to integrate the the front part with backend|Academics and extracurricular activities|1. Leetcode :- 4 star maintained a maximum streak of 200 and solved over 400+ question| Roles and Responsibility|GeeksForGeeks :- Founded GFG Student chapter , mentored and guided over 4000+ students.|NCC Cdt :- Have been and Air Force NCC Cdt and going to appear for C certificate .|Panache Coordination :- Elected as a student coordinator of university modeling club and have performed in|various colleges like NIT's and IIT's|Anushka Singh|anushka0105.be20@chitkara.edu.in |8789842140 |Leetcode profile:- https://leetcode.com/user4128Ut/ |Rajpura, Punjab||",
  "experience": "Front End Developer|Aztlan pvt ltd|04/2021 - 08/2021|Build the front-end part of the live project along with a team of 10 members.|Got featured in the web-team section , technologies used :- React , RestApi and designed the UI on Figma.|"
}