{
  "email": "vatsala.vridhi2002@gmail.com",
  "mobile": "2003734",
  "degrees": "[('BE', '2003')]",
  "Education": "Year|Degree / |Certificate|Institute / Board|CGPA/Percentage|2020 - |Present|B.E.|Thapar Institute of Engineering and |Technology, Patiala|8.56(Current)|2020|Senior secondary|Delhi Public School, Ranchi(CBSE)|96.2%|2018|Secondary|Loreto Convent, Ranchi|95.4%|",
  "Experience": "Event Organizer at Elementos 6.0 , Thapar Tech fest|Participated in Code For Good Hackathon 2022|",
  "Projects": "Food Delivery Website| |Web Development|Developed a food delivery website using HTML , CSS and JavaScript|University Website| |Web Development| |Developed a university website using HTML,CSS and JavaScript|Buggy | |Internet of Things| |Developed a moving buggy with electronic sensors and Arduino.|____________________________________________________________________________________|Technical skills|Programming languages :  C++,C, Python*|Web technologies : HTML, CSS, JavaScript|Database management : SQL , PL/SQL|Miscellaneous : OOPs ,Data Structures and Algorithms , Computer Networks|Operating system : Windows, Linux                                                            |* Elementary proficiency|",
  "Positions of Responsibility": "Mental Health Ambassador at Thapar Institute Counselling Cell|Soft Skills|Communication                                                                    Active Listening|Time Management                                                                 Adaptability|Team Work |Extracurriculars|IOT workshop : Attended a 3-day workshop on Introduction to Arduino and Internet of Things.|Python Workshop: Secured Attended a 5 day workshop on Python- Beginner to Intermediate|Vatsala Vridhi|Roll Number : 102003734|B.E. - Computer Engineering|Thapar Institute of Engineering and Technology , Patiala|+91-7759928605                         | |vatsala.vridhi2002@gmail.com                        | |www.linkedin.com/in/vatsalavridhi                        |  ||"
}