{
  "name": "Keshav Bajaj",
  "email": "keshav.bajaj@research.iiit.ac.in",
  "mobile": "+91852977412",
  "degrees": "[('BTech', '2019'), ('MS', '2019')]",
  "Education": "* IIIT Hyderabad|Hyderabad, India|B.Tech in Computer Science with MS by Research in Human Sciences; CGPA: 8.72|July 2019 - Present|* DAV Public School|Kota, India|High School Diploma; Board Exams: 93.8%|April 2017 - March 2019|* Mayo College, Ajmer|Ajmer, India|High School; Board Exams: 10.0 CGPA|April 2013 - March 2017|",
  "Experience": "* Oxfam India|Remote|Research Assistant|September 2021 - Present|* Collaborating with Oxfam team to research the problems concerning Tea Plantation workers in Assam|and streamlining the process of raising and resolving their complaints.|* Developed and currently maintaining and improving their website using PHP and MySQL Database.|* MathonGo|Remote|React Native Developer|May 2021 - September 2021|* Developed two complex mock test mobile applications (>30 screens in total) for a target audience of 100k|users.|* Responsible for porting an existing web application into mobile view.|* Stealth Startup|Remote|Software Engineer|May 2020 - July 2020|* Built an E-learning app for iOS and Android using Flutter and Firebase as a backend in a small team.|* Carried out extensive requirement gathering and designing as a prior.|",
  "Projects": "* Movie Recommender: Created a relevant database from scratch and then built a content-based|recommendation system around it. Similar movies are found by transforming the selected movies' data into|vectors and then using cosine similarity one ideal recommendation is provided.|* Dataset Filtering: Built a Full-Stack web application which takes in JSON datasets and generated dynamic|filters for the data set according to the users needs. The frontend was made using ReactJs and the backend|was made using Flask.|* JobsGram: The web-app that mimics a job portal where recruiters can post jobs and individuals can apply|to jobs. The project was built using MERN Stack and used REST APIs|Link to project: https://jobsgram.netlify.app/|* Wikipedia Analysis Project: An e-learning game made using the entire Wikipedia Text Corpus (approx.|100GB) using Django as backend and MySQL as the database. The game was built with the aim of creating a|novel knowledge graph using the pivotal information provided by the user.|Programming Skills|* Languages: C/C++, Python, SQL, HTML/CSS, JavaScript, Bash, Git, PHP|* Technologies: MERN Stack, React Native, Flutter, Numpy, Selenium, BeautifulSoup, Flask||"
}