{
  "email": "alokbind_ee20b14_54@dtu.ac.in",
  "mobile": "8810644",
  "degrees": "[('CBSE', '2017')]",
  "EDUCATION": "B. Tech|2020-Present|Delhi Technological University, Delhi|8.7 (till 3rd Sem)|CBSE (Class XII)|2019|Govt. S.B.V Rouse Avenue,New Delhi|83.2%|CBSE (Class X)|2017|Bloom Public School,Ghaziabad|8.6 CGPA|NCC|2020-Present|1 Delhi Armoured Squadron|B-Certificate|ACADEMIC PROJECTS||ONLINE VOTING USING BASIC HTML| A User Friendly environment for Both the voter and Candidate Using HTML.| Interactive interface with CSS coding.| Data Stored for In BACKEND with the help of PHP.||SUDOKO SOLVER USING C++|With Fast and Optimized Solution Technique to solve Sudoku,|Used basic logics of DSA and Algo to make it User Friendly.|Include Techniques Of Back-Tracking|ACADEMIC ACHIEVEMENTS/ AWARDS||3-star HackerRank in C++||5-star HackerRank in Problem Solving||Gold Badge for Problem Solving on HackerRank|",
  "SKILLS": "C|C++|Data Structures|Algorithms|HTML|Object Oriented Programming|OTHER INFORMATION|* Soft Skills: Teamwork, Hardworking, Responsible|* Hobbies: Sports, Athletics|* Languages: English, Hindi|DECLARATION: I hereby declare that the details furnished above are true to the best of my knowledge and belief.||"
}