{
  "email": "anshulrohilla45@gmail.com",
  "mobile": "9779308802",
  "EDUCATION": "Bachelor of Technology in Computer|Science and Engineering. |Vellore Institute of Technology, Bhopal |11/2020 - Present,  |8.5 CGPA |PERSONAL PROJECTS |A Discord Bot (Hariyali) |We made a discord bot which tells us about Air Quality Index. |An E-Book Website (Moody Books) |",
  "SKILLS": "Java |HTML |C++ |Problem solver |Teamwork |",
  "ACHIEVEMENTS": "Three star coder | Codechef |Completed Bits and Bytes of Computer Networking|Course |CERTIFICATES |Geek Week Local : organized by VIT bhopal |",
  "LANGUAGES": "English |Full Professional Proficiency |Hindi |Native or Bilingual Proficiency |",
  "INTERESTS": "I like playing Badminton and Cricket |Listening to Music |Playing Computer Games ||"
}