{
  "name": "Shailja Bahuguna",
  "email": "Shailjabahuguna2003@gmail.com",
  "mobile": "7500711",
  "degrees": "[('BTECH', '2003'), ('CBSE', '2018')]",
  "projects": "* Weather App using API : Developed a functional Weather App using JS,(HTMLand CSS)for styling.It used|a well known API to fetch the data according to the input-details from the user.|Guide:Mr. Deepak Uniyal|TECHNICAL SKILLS|* Languages :C (proficient), C++ (proficient), CSS, HTML, Java,Python|* Tools and Frameworks :VS code|SCHOLASTIC AND CO-SCHOLASTIC ACHIEVEMENTS|* District Taekwondo Championship - Secured 1st position in District Takekwondo and Poomsae Champi-|onship in 2015|* Geo Map Quiz - Secured 2nd rank in National Geo Map quiz City final in 2017||"
}