{
  "email": "pragyan20226@iiitd.ac.in",
  "mobile": "2020226",
  "degrees": "[('BTech', '2020'), ('CBSE', '2018')]",
  "education": "Indraprastha Institute of Information Technology, Delhi|B.Tech. ECE|2020 - 2024 (Present)|CGPA: 7.67*|(Till 3rd Semester)|Rukmini Devi Public School, Pitampura|CBSE Standard 12, PCM + PE|2018 - 2020|Percentage: 90.6%|Rukmini Devi Public School, Pitampura|CBSE Standard 10|2017 - 2018|Percentage: 93.6%|",
  "skills": "Expertise Area|Machine Learning, Front End Web Development, Web Designing, App Designing and|Object Oriented Programming|Programming Languages|Python, Java, JavaScript, C, C++|Tools and Technologies|Git, ReactJS, HTML, CSS, TailwindCSS, Bootstrap, SASS, Figma, Adobe XD, Adobe|Illustrator|Technical Electives|Data Structures and Algorithms, Advanced Programming in Java, Computer|Organization|WORK EXPERIENCE|Developer at OSA Apps IIITD | Website | Admin-App|Internship|Jan'22 - Present|OSA Apps provide day to day college services, I worked on BookIIITD webapp|Team Size - 4|Django Developer at Jugadu.in | Website|Internship|Apr' 22 - Present|Its a startup bringing people's ideas to reality by providing low cost and eicient digital solutions.|Working on Project M.A.D.A.M.|Full Stack Developer at respct.club | Website|Startup|Mar' 22 - Present|Its a startup which is world's first decentralized creator token platform.|Developing websites for the product ideas.|Web Developer at Jufmy | Website|Startup|Dec' 21 - Apr' 22|Its a startup providing complete business solutions to help them grow and succeed.|Developing websites for clients.|Campus Ambassador|TechLearn.live|Dec' 21 - Jan' 22|Worked as Campus Ambassador at TechLearn.live.|Promoted importance of technology and knowledge of respective tools through events.|",
  "projects": "Built Date2Ideate Platform | Website|Project|Feb' 22 - Present|Individual|Tech Stack: NextJS, TailwindCSS, MongoDB|A platform for students to connect with each other and find their perfect cofounder.|Built AnonArchive | Website|Personal Project / Startup|May' 21 - Present|Team Size: 2|Tech Stack: HTML, Tailwind CSS, Vanilla JS, Java|It is a completely anonymous storage and archiving service with option to stores files with AES-256 encryption.|Hosted on TOR because of privacy concerns.|Built DNA Encoder | Website|Personal Project|Jun' 21 - Present|Team Size: 2|Tech Stack: HTML, Tailwind CSS, Django and Python|Encoding human readable text to DNA sequence and vice versa.|Worked on CollabAmigo | Website | Github|Student Initiative|Aug' 21 - Present|Team Size: 7+|Tech Stack: ReactJS, NextJS, Bootstrap, and Django|It is a platform to learn and grow.|Clubs are using it for scheduling of events. We have schedules 6 events till now.|Desinged GlassX | Product-Design | App-Design | Report|Smart Glasses Rethink|Jan' 21 - Apr' 21|Team Size: 6|We analysed why smart glasses failed as a product and came up with our own design and features a smart glass|should have.|We made app design, smart glass design and its OS design.|In the end we submitted the whole work as 38 pages report to institute.|POSITIONS OF RESPONSIBILITY|Outreach Team at IIITD Student Senate|Sep' 21 - Present|Development Executive at E-Cell IIITD, the entrepreneurship student initiative of the college|Feb' 22 - Present|Board Member at E-Cell IIITD, the entrepreneurship student initiative of the college|Jul' 21 - Feb' 22|Executive Committee at IEEE IIITD-Delhi Student Branch|Feb' 22 - Present|Member at The Philosophy Society of IIITD|Apr' 22 - Present|Member at Prayaas - An initiative by IIITD and salt and pepper to redistribute and fundraise meal|kits for the needy|Jan' 22 - Present|Member at Cyborg, the robotics club of college|Jun' 21 - Present|Designer at Salt N' Pepper, the culinary club of college|Jan' 22 - Present|Web Developer, Graphic Designer and PR + Content Team at GDSC IIITD|Nov' 21 - Present|Web Developer at d4rkc0de, the cyber security club of college|Oct' 21 - Present|Web Developer at BioBytes, the computational biology club of college|Nov' 21 - Present|Editing and Design at Enactus IIITD|Jul' 21 - Present|INTERESTS AND HOBBIES|Content Creator - Made a YouTube Channel about tech with 236 subscribers|Art - Make random art sketches and illustration for fun and relaxing|Astronomy|Piano|Basketball and Tennis|Declaration: The above information is correct to the best of my knowledge.|Pragyan Yadav|Date: 27 April 2022||"
}