{
  "email": "hellymavani@gmail.com",
  "degrees": "[('Btech', '2020'), ('BTech', '2020')]",
  "Experience": "Toastmasters International | Tamil Nadu , Vellore |President | 03/2022 - Present|Developed and implemented new strategies and policies to establish long-term club objectives and provide strong and sustainable|organizational leadership.|Resolved issues and recommended actions based on inter-club bonding and for the development of the club.|Toastmasters International | Tamil Nadu, Vellore |Vice President Public Relations | 10/2021 - 04/2022|Maintained proactive media relations program by building strong relationships and monitoring media|Helped with photo and video production and performed visual and sound editing tasks.|Executed social media plans to create a cohesive online presence.|Promoted the club by making creative posters.|Well-versed in using designing software such as Canva, Photoshop, and Adobe after effects.|VIT Anchoring Club | Tamil Nadu, Vellore |Anchor | 12/2020 - Present|I am the Anchor at VIT and I have hosted many online and offline events in VIT, Vellore|",
  "Skills": "Expressive Arts, Decision making, Creativity, Anchoring, Research Skills, Writing and Editing, Python, Leadership experience, Adv C|coding, Communication, Multitasking and Problem Solving|",
  "Education": "Vellore Institute Of Technology, Vellore | Vellore, Tamil Nadu |Btech in CSE with Specialization In Blockchain Technology | 04/2024|Elected to Program Representative for The BTech Program of CSE with specialization in Blockchain Technology in 2021.|Continuing education in Data Structures and algorithm Network and Communication Object-Oriented Programming Cryptography|and Information Security|My current CGPA is 9.3.|",
  "Languages": "English, Hindi, Gujarati|",
  "Projects": "I have made a Python Project on Traffic Signs detection model (01/2022 - 04/2022. This is the AI based Project which uses deep|neural network model to classify the traffic signs and present in the image into different categories|Publications|Research paper- ENERGY EFFICIENT TECHNOLOGIES FOR DAY-TO-DAY LIFE (09/2020 - 01/2021). I have written a research|paper that got published in the Bodhi International Journal of Research in Humanities, Arts and Science. This paper focuses on|energy-efficient technologies for day-to-day life. There are numerous smart devices to improve energy conversion and output in our|daily life and smart buildings are one of them which can save energy with the use of light-sensitive sensors and controllers.||"
}