{
  "email": "hiteshmarwaha@gmail.com",
  "mobile": "+91956069526",
  "degrees": "['CBSE']",
  "EDUCATION": "  |Computer Engineering  |2020- 2024  |Delhi Technological University  |9.29 (till 3rd sem)  |AISSCE (Class XII)  |2020  |Manav Sthali School, Delhi  |96%  |AISSE (Class X)  |2018 |Manav Sthali School, Delhi  |95.2% |  |INTERNSHIPS  |   |  Software Development Intern | AccioJob  |  |    |  |                               Aug 2021 - Nov 2021  |* |I worked as a software developer and Data Structures and Algorithms problem constructor at Acciojobs Pvt. Ltd. |under Mr. Harsh Sharma. |* |I along with my team created over 400 DSA problems and managed their database (PostgreSQL).  |* |Also worked on improving the front-end design of the website by creating various UI components. | |ACADEMIC PROJECTS  |  |NAMELESS: Github |A platform for college students all across Delhi to interact with each other. Chatrooms to share memes and stuff, ask for |resources, and much more all of it right here and that too anonymously!. |* |Developed the frontend using ReactJS along with Redux, and backend using NodeJS, Express and MongoDB.  |* |Created the backend API routes in Express, MongoDB models using mongoose. |* |Created the frontend designs in figma and implemented through vanilla CSS.   |* |Tech Stack: ReactJS, ExpressJS, NodeJS and MongoDB. | |CODEFORCES BOT: Github |To help programmers maintain a healthy competition and practice competitive programming together.  |* |Created a discord bot in Python using discord.py. |* |Used asynchronous programming to fetch live data using APIs and web scraping.   |* |Deployed the application using Heroku. |* |Tech Stack: Python 3, discord.py,  |ACADEMIC ACHIEVEMENTS AND AWARDS  |* |Symbl.ai Track Prize winner ($150) in Vihaan 5.0, a Hackathon organised by IEEE DTU. |* |Among Top 10 teams selected out of 120+ registered to represent DTU in Smart India Hackathon 2022. |* |Secured 99.31 percentile in JEE MAIN and AIR 6504 in JEE ADVANCED 2020 respectively. |* |Secured 100 marks in Mathematics in AISCE (Class X) and a certificate of merit from CBSE to be in top 0.1% of |total candidates. |",
  "POSITIONS OF RESPONSIBILITY": " Coder, Youtube Team Member, D_CODER DTU  |* |Made and reviewed Leetcode tutorial videos for D_CODER's YouTube channel.  |* |Along with the team, organized Decrypters Dilemma event as part of the Techfest. |",
  "SKILLS": "  |* |Programming Languages:  C/C++, HTML/CSS, JavaScript, Python(basic)  |* |DataBases: MongoDB, MySQL  |* |Frameworks: ExpressJS, ReactJS, Redux  |DECLARATION  |   |I hereby declare that the details furnished above are true and correct to the best of my knowledge and belief.  ||"
}