{
  "name": "Akriti Bhardwaj",
  "email": "akriti.bhardwaj2020@vitbhopal.ac.in",
  "mobile": "+91797369903",
  "degrees": "[('XII', '2020'), ('X', '2020')]",
  "education": "Board |Tenure |CGPA/Percentage |B. Tech (CSE) |September | 2020 -Ongoing |Vellore institute of technology , |Bhopal |8.84/10 |Class XII |May 2019 |Shivalik  Public School |Chandigarh |91% |Class X |May 2017 |St. Xavier Sr. Sec. School |93% | |ACADEMIC PROJECTS | | | |Web Design |# To-do List App |- Description: Web App to maintain Tasks and take notes |- Technology: MERN |- Team Project: 5 members |- Role: Web Developer | | | | |Metaverse |#  Random NFT Generator |- Description: A program to generate NFTs by randomizing assets |- Technology: Python, Adobe XD |- Team Project: 5 members |- Role: Developer | |INTERNSHIP EXPERIENCE | |none | |EXTRA-CURRICULARS AND ACHIEVEMENTS | |Achievements |# |Inter house basketball tournament - 2nd place(2016) |# |Badminton tournament - 3rd place (2016) | |Responsibilities |# Super lead for promotions - Superposition Bhopal |# Volunteer role - MUN Bhopal |#  |Extracurricular |# Participated in various sports tournaments |# Participated in several debate and declamation competition | |ADDITIONAL INFORMATION | |Hobbies |# Listening songs  |# Sports - participated in many events. |Languages |# English, Hindi, Punjabi | | |WORK EXPERIENCE | |SUPERPOSITION |BHOPAL |# Superlead for promotions |# October'2021-present | ||"
}