{
  "name": "Garvit Nagpal",
  "email": "garvitnagpal2435@gmail.com",
  "mobile": "+91992849877",
  "degrees": "[('BTech', '2024')]",
  "education": "B.Tech in Computer Science Engineering|Vellore Institute of Technology * Vellore, TN|07/2024|Serving as President of Student led Management Club in the college for the academic year 2022 and 2023|Languages|English, Hindi, Punjabi|Relevant Courses|Data Structures and Algorithms|Operating Systems|Database Management Systems|Cyber Security|Networks and Communication|",
  "skills": "C, C++, Python, Bash, R, MATLAB, Git, Management Skills, Leadership Experience|",
  "projects": "1. Securing AprilTags using steganography techniques |Currently working with Prof. Shiva Sastry, University of Akron, to achieve the authenticity in the working of Tags|2. Malware Detection using Machine and Deep learning|Compared several machine learning algorithms such as Random forest, SVM, Logistic Regression, AdaBoost with|Deep learning algorithm such as Neural Networks|3. Image compression using Autoencoders|Machine learning approach to compress the image causing minimum loss|Majorly consists of three components : Encoder, Decoder and Bottleneck code|4. Keyloggers and Anti-Keyloggers|Developed keyloggers using python to track activities of keyboard|Also developed anti-keylogger to terminate the keylogger|5. IoT based Air quality monitoring system|used Arduino IDE and ThingSpeak cloud platform|also used hardware components such as NodeMCU(ESP822), BME280 Sensor, MQ-135 Gas Sensor||"
}