{
  "name": "Kumar Saurav",
  "email": "Kumarsaurav_mc20a7_23@gmail.com|",
  "mobile": "+91965076513",
  "degrees": "[('CBSE', '2021')]",
  "EDUCATION": " |Year |College/University |Degree/Course |CGPA/Marks |Dec 2020 - Jul |2024(Expected) |Delhi Technological |University, Delhi |Bachelor of |Technology |(B.Tech.) - |Mathematics and |Computing |9.3/10 till 3rd semester |Jul 2017 - May 2019 |Victoria Public Senior |Secondry School |12th, Board, CBSE - |PCM |75.66% |Mar 2015 - Jun 2017 |Arwachin Shiksha |Sadan School |10th, Board, CBSE |8.4/10 | |",
  "EXPERIENCE": "Frontend Development | |Mar 2021 - Present  |Delhi |    Worked with HTML, |CSS, JAVASCRIPT |,REACTJS for developing websites in projects.  |Data Structures and Algorithms | |Feb 2021 - Present | Leetcode and Heckarrank Delhi |Programmed 200+ Problems on DSA | |",
  "SKILLS": "Expert in: C++, DSA (Data Structures and Algorithms), HTML, CSS, Problem Solving, |Engineering Math, Communication skills, Critical thinking |Intermediate in: JavaScript, React | |Project | |Web Calculator and Responsible Website. | ||"
}