{
  "name": "Pragya Mahajan",
  "email": "pmahajan8902@gmail.com",
  "mobile": "+918602727724",
  "EDUCATION": "Bachelor's Degree, Computer Science |Vellore Institute of Technology , Bhopal |10/2021 - Present,  |Bhopal |Computer Science and|Engineering core |High School |St. Mary's H.Sec School |06/2006 - 08/2020,  |Mhow |Physics,Chemistry,Maths with|Informatics Practises |PERSONAL PROJECTS |HeartFit (07/2021 - Present) |https://heartfit-dsn.netlify.app/ |Application that predicts the probability of having heart attack, calculates fitness|figures like BMI, BMR and provides information regarding different heart|diseases. |HTML , CSS , Javascript , APIs |Weather Forecasting Application (12/2021 - Present) |https://weather-forecasting-dsn.netlify.app/ |One stop solution for checking weather information like temperature ,humidity,|windspeed with near future predictions. |HTML, CSS, Javascript, APIs |Servicure (11/2021 - Present) |https://servicure.netlify.app/ |Data interactive web application providing information regarding blood donation,|hospital availability check, and medical supplements, linking patient's medical|history with aadhar card. |WORK EXPERIENCE |Core Team Member |Codecademy |06/2021 - 12/2021,  |Content Writer and Marketing Strategist |Geeksgod |08/2021 - 09/2021,  |Internship |Core Team |Mozilla firefox club VIT Bhopal |12/2021 - Present,  |",
  "SKILLS": "java |python |c++ |MySql |Management |Communication skills |Team Building |Leadership |Public Speaking |",
  "ACHIEVEMENTS": "Smart India Hcakathon (12/2021 - Present) |University round winner |State level science project representative (01/2016 - 01/2016) |Designed sustainable solutions like :- garbage enzyme, cfc free refrigerator and|biodegradable plastic. |District level physics project representative (12/2018 - 12/2018) |Built a specially designed hydraulic press to recycle waste concrete and provided an|alternate biodegradable concrete as well. |CERTIFICATES |C++ :- Geeks for geeks |Python :- Udemy , hackerRank |International E-summit :- E-Cell VIT Bhopal |Front-End Marathon :- Codecademy |Coursera :- Applied Machine Learning in Python |HP life |Digital Marketing :- Google Digital Garage |",
  "LANGUAGES": "Hindi |Full Professional Proficiency |English |Full Professional Proficiency |Marathi |Elementary Proficiency |",
  "INTERESTS": "Reading |Dancing |Sketching and painting |Courses |Courses ||"
}