{
  "email": "ameya.shrikant@gmail.com",
  "mobile": "9975698108",
  "degrees": "['ME']",
  "education": " |B. Tech | Computer Science & |Engineering with specialization| |TECH STACK | |Python |C++ |   Java | | | | | |in Artificial Intelligence & |Machine Learning |Vellore Institute Of Technology, Bhopal |Campus | 09/2020 - Ongoing |     CGPA | |9.14 / 10 |     NumPy       Sci-kit Learn | | | | | |Machine Learning | | | | |CERTIFICATES | |   |",
  "projects": " |IPL First Innings Score Prediction Web-app | 04/2022 |Predicts the first innings score of the IPL match. Parameters |considered for the same are batting team, bowling team, total number of |overs completed, runs scored in the completed overs, total wickets taken |till the completed overs, runs scored in previous 5 overs and wickets taken |in previous 5 overs. Regression techniques used were are Linear Regression, |Ridge Regression, Random Forest Regression and Artificial Neural Network |(Multi-Layer Perceptron).  | |GitHub Link |YouTube Demo | |    Data Analyst Training with ShapeAI |Link: Certificate | | |FIND ME ONLINE | |   GitHub |https://github.com/ameyashrikant | | |    LinkedIn |https://www.linkedin.com/in/ameya-|shrikant-117641214/ | |STRENGTHS | |Fluent in Oral & Written |Communication |    |         Reliable and Consistent | | | |LANGUAGES | | | |Committed to life-long |learning | | English |Advanced   |Marathi |Native  |  | |  | | | | Hindi |Expert |  | | | | | | | | |www.enhancv.com |Powered by ||"
}