{
  "name": "Anchit Sinha",
  "email": "anchit1909@gmail.com",
  "mobile": "9598047132",
  "degrees": "[('BTECH', '1909'), ('CBSE', '1909')]",
  "projects": "* Email Automation (3rd Semester Project)|(Guide:Mrs. Meenakshi Maindola , Jan'22 - Feb'22)|* Developed an Email Automation web app.|* The project uses Tkinter library for graphics.|* Main feature of the application is to send emails automatically by asking the user for the subject and|body of the email through speech recognition.|* Github Link: https://github.com/Anchit1909/Email-Automation|* Omnifood Website (Web Development Project)|(Dec'21 - Jan'22)|* Developed a one-page Landing Website of a Fictitious Food Delivery Company.|* The tech stack used is HTML, CSS and JavaScript.|* There are many sections in the website including Testimonials, Pricing section and a Sign-up form.|* Github Link: https://github.com/Anchit1909/Omnifood-Website|* Flash Chat (App Development Project)|(Mar'21 - May'21)|* Developed a modern day messaging app where users can sign up and log in to chat with there friends|and colleagues.|* It is built using Flutter framework and Dart programming language.|* This project uses Firebase Cloud Firestore as well as the Firebase authentication package to equip the|app with a cloud-based NoSQL database and secure authentication methods.|* Github Link: https://github.com/Anchit1909/Flash-Chat|TECHNICAL SKILLS|* Languages: JavaScript (proficient), Python (proficient), C (proficient), C++ (proficient), Java, Dart, HTML,|CSS.|* Tools and Frameworks: ReactJS, Flutter, Postman, GIT, LATEX.|* Cloud related Tools: Microsoft Azure, GitHub, Google Firebase.|* Machine Learning Tools: Pandas, Numpy, Scikit-learn.|CERTIFICATIONS|* Microsoft Azure AI-900 - Passed the Exam with a score of 885/1000.|STRENGTHS|* Positive Attitude, Detail-oriented, Leadership skills, Hardworking, Time Management.|INTEREST AND HOBBIES|* Reading Non-fiction Books.|* Playing Basketball.||"
}