{
  "name": "Palak Gupta",
  "email": "palakguptaofficial2112@gmail.com",
  "mobile": "+919068575598",
  "degrees": "[('BTech', '2020'), 'X']",
  "Projects": "* LawPowerHer [Link]|(Apr'22)|- Designed a web portal to empower domestic violence victims by making them aware about their rights and options.|- The platform provides first-hand legal remedy to the victims by connecting them to the lawyer for best of legal advices.|- Tech stack :|HTML, CSS, Javascript, MongoDB, Node.js|* ResourceVerse [Link]|(Oct'21)|- A platform to help freshers to navigate their career in tech by providing them curated resources and roadmaps of 6|domains at one place.|- The featured section provides a list of 50+ opportunities and 450+ frequently asked questions in an interview.|The user can mark their attempt of a question as done to keep a record of their progress as well as add their target|opportunities which is saved in local storage.|- Tech stack : HTML, CSS, Javascript, Bootstrap|",
  "Achievements": "* Harvard WECode Scholar '22 - Received 100% Scholarship to attend Harvard WeCode : Women Engineers Code Conference.|* Received Merit Scholarship of Rs 5000 from college for securing Batch Rank 1 in Computer Science Engineering Department|for the academic year 2020-2021.|* Codechef :|3 star Profile Link : pal_90.|* Secured rank in top 0.5 percentile in JEE Mains 2020 among the 1.1 million applicants.|* Academic Scholar - Class X, was awarded Merit Certificate and Scholar Badge for academic excellence.|",
  "Technical Skills": "* Programming Languages: C, C++|* Web Development : HTML, CSS, Javascript, Bootstrap, Node.js|* Courses : Data Structures, Algorithm Design and Analysis|Extra-Curricular Activities|* Volunteer, CLIMB, DTU|(Sept'21-Present)|- Hosted 3+ webinars with aim to help women navigate careers in STEM through only all girls society of DTU.|- Coordinated with a team of 5 students to organize one month long CLIMB Women Mentorship Program with 200+|mentees.|* Core Team Member, D_CODER, DTU|(Dec'20-Present)|- Organized Ideathon Event in Annual techfest-Techquest'21 as Team Lead with team of 3 students. The event witnessed|200+ participants.|* Mentor, National Service Scheme (NSS), DTU|(Dec'20-Present)|- Organized Umeed - A series of online events with a team of 10+ students. The event witnessed 500+ participants.|- Taught 5+ underprivileged students under Koshish initiative.||"
}