{
  "email": "aryashidore2002@gmail.com",
  "mobile": "927035184",
  "degrees": "[('BTECH', '2002')]",
  "EDUCATION": "BTECH |Vellore Institute of Technology |08/2020 - Present,  |Vellore, Tamil Nadu |CSE1001-Problem Solving|and Programming |CSE1002-Problem Solving|and Object Oriented|Programming] |CSE1007-Java|Programming |CSE2004-Database|Management Systems |CSE2005-Operating|Systems |CSE3001-Software|Engineering |CSE2011-Data Structures|and Algorithms |CSE2012-Design and|Analysis of Algorithms |State Board |Sacred Heart Convent High School |05/2008 - 05/2018,  |Ahmednagar, Maharashtra |",
  "SKILLS": "Web Development |Python |C/C++ |Java |Aritificial Intelligence |Data Structures |PERSONAL PROJECTS |Javafx based Connect-4 game |AI-based Driver sleep detection and prevention |MERN based Web Application for Proper Hospital|Management and User Experience with ReactJS,|ExpressJS and MongoDB |",
  "ORGANIZATIONS": "ISA-VIT (11/2020 - Present) |IEEE-CAS (11/2020 - Present) |",
  "LANGUAGES": "English |Native or Bilingual Proficiency |Hindi |Native or Bilingual Proficiency |Marathi |Native or Bilingual Proficiency |",
  "INTERESTS": "Web Development |Artificial Intelligence |Machine Learning |Cloud Computing |Competitive Coding |Courses ||"
}