{
  "email": "bhateja.ishan@gmail.com",
  "mobile": "+919818879545",
  "education": "B. Tech in Maths and Computing|2020 - 2024|Delhi Technological University|9.51 (Upto 3rd Sem)|AISSCE (Class XII)|2020|DAV Public School, Sreshtha Vihar|95.2 %|AISSCE (Class X)|2018|DAV Public School, Sreshtha Vihar|94.2 %|INTERNSHIPS & WORK EXPERIENCE|*|Head of Operations and Content Head -- Jufmy, Delhi|(Dec' 21 -Present)|*|Lead the content team at Jufmy, which is a startup by DTU Alumnus incubated in 2018.|*|Responsible for ideation for the progress of the startup|",
  "skills": "*|C, C++, Data Structures and Algorithms, Standard Template Library (STL), and R, MATLAB|*|Soft Skills include Creative Writing, Public Speaking. A Strong media and communication professional.|POSITION OF RESPONSIBILITIES|*|Joint Secretary -- Mathematics and Computing Society, DTU|(Nov'21 - Present)|*|Successfully organised 5+ university level workshops and webinars with 500+ participants.|*|Coordinated with Bitgrit to organise hackathons with a participation of 1000+ across the country.|*|Actively managed events with 250+ participants.|*|Senior Mentor, Content Wing -- Sahitya, DTU|(Jul' 21- Present)|*|Presented innovative ideas consistently|*|Organised event with Mr. Sachin Garg, alumnus DCE '08 with an audience of 100+ people.|*|Part of OrgComm of the DTU PD, which saw cross country participation|*|Active writer, debater, adjudicator, poet.|LANGUAGES|*|Native proficiency in English, Hindi. Fluent in French (A1).||",
  "projects": "*|Phonebook Using Tries|(Jul '21)|*|Implemented a phonebook using Tries (or Prefix Tree) which is an advanced data structure and hash table|for exceptionally fast time complexity of search operation.|*|Riemann Zeta Function|(Aug '21)|*|Studied about the famous Riemann Zeta function in order to try and visualise it along with learning about|analytic continuation and complex functions.|*|Using Graph Theory to uncover networks|(Nov '21)|*|Implementing Graph Theory to uncover networks of criminals or terrorists by using and studying social|and communication networks.|*|Management System|(Jun '21)|*|Used DFH and the concept of OOPS to implement a highly secure management system for a restaurant that|was both employee and customer friendly and supported the following functionalities|*|User and Employee account creation which is password protected. Deletion, Modification, Addition of|details of employee, customer and the menu|ACHIEVEMENTS AND AWARDS|*|Secured AIR 17907 in JEE Mains 2020 with a 98.4 percentile among 10+ lakh candidates.|*|Received INSPIRE Fellowship 2017 under Department of Science and Technology, Government of India.|*|II Prize, Twist The Story: Saarang, IIT Madras.|*|Runner Up: Mathathon, MACS, DTU.|*|Solved more than 240 problems of varying difficulty on LeetCode.|"
}