{
  "name": "VIBHU DUBEY",
  "email": "vibhu20150@iiitd.ac.in",
  "mobile": "2020150",
  "degrees": "[('BTech', '2020'), ('CBSE', '2020')]",
  "education": "Indraprastha Institute of Information Technology, Delhi|B.Tech. CSE|2020 - 2024 (Present)|CGPA: 8.73*|(*Till 3rd Semester)|Delhi Public School, R. K. Puram, New Delhi|CBSE Grade 12th, PCM + CS|2017 - 2019|Percentage: 86.6%|Apeejay School, Saket, New Delhi|CBSE Grade 10th|2017|CGPA: 9.4|",
  "skills": "Expertise Area|Development, Data Structures and Algorithms, Object Oriented Programming|Programming Languages|Java, C/C++, Python, Swi, JavaScript, HTML, CSS, Shell Script|Tools and Technologies|SwiUI, JavaFX, Git|Technical Electives|Statistical Machine Learning^, Data Structures and Algorithms*, Advanced|Programming in Java*, Operating Systems*, Computer Organization (* indicates 10 and|^ indicates ongoing)|",
  "projects": "Macaroon - Marked Money | GitHub|Winning Hackathon Project for Anveshan-2022|Jan' 22 - Jan' 22|Team Size: 4|Tech Stack: Ethers.js, Solidity, Tailwind CSS, Django|Conceptualized and developed the Web3 application aimed at facilitating low trust transactions by marking money|for particular purposes.|Implemented the deployment of the contract on the Ethereum blockchain network and interactions of the user with|the contract through the website.|Will Hero | GitHub|Guide: Dr. Vivek Kumar|Nov' 21 - Dec' 21|Team Size: 2|Tech Stack: Java, JavaFX, FXML, Gradle|Developed a clone of the popular 2D platformer app Will Hero for desktop using object-oriented and event-driven|programming.|Implemented a 2D Physics Engine and Collision Logic from scratch; utilised the Serializable Interface in Java to save|and load game states.|POSITIONS OF RESPONSIBILITY|Member, IEEE IIIT Delhi Student Chapter|Mar' 22 - Present|Member, ACM IIIT Delhi Student Chapter|Jan' 21 - Jan'22|Member, Litsoc - literary society at IIIT Delhi|Jan' 21 - Jan'22|Member, Exun Clan (Technology Society of DPS R. K. Puram). |Represented school at various inter school competitive programming competitions and won|most of them. |Part of the organising team which organises the biggest Indian inter school technology|symposium Exun.|2018 - 2019|AWARDS AND ACHIEVEMENTS|Anveshan-2022 Hackathon Winner|Selected for International Olympiad in Informatics Training Camp(IOITC) |2019 -- Indian Association for Research in Computer Science (IARCS) |Residential camp to select the 4 member team that would represent India at International Olympiad in Informatics.|Top 30 from whole of India.|INTERESTS AND HOBBIES|Running - Active runner since 10th grade.|Reading - Non fiction books are my staple.|Declaration: The above information is correct to the best of my knowledge.|Vibhu Dubey|Date: 30  March 2022|th||"
}