{
  "name": "Anushka Dewangan",
  "email": "dewangananushka@gmail.com",
  "mobile": "+91913126478",
  "degrees": "[('BE', '2020'), ('XII', '2020'), ('X', '2021')]",
  "education": "Thapar Institute of Engineering and Technology |Patiala, India |B.E in Computer Science and Business Systems -- 8.55 CGPA |2020 - 2024 |FiitJee |Hyderabad, India |XII, Telangana State Board--94.1%  |                        2020 |Manthan International School |Hyderabad, India |X, IGCSE--MERIT |TECHNICAL SKILL |Languages and Concepts: C, C++, Python, Data Structures and algorithms, OOPS, Operating Systems |Web Development: HTML, CSS |DBMS: MySQL |OS: Linux |Software: Devcpp, VScode, VMware, | |",
  "experience": "        Google Developers Student Club:  |November, 2021 |* |Core member |* |work under Designing and media and Event Management department. |        Indian Society for Technical Education |     October, 2022 |* |Event Management Head |* |Also work under Design and media |        NOX:  |         March,2021 |* |Team member  |* |work under dance, design and media, event management department |Software |* |Photoshop, Illustrator, Premier Pro, AutoDesk. | |PROJECT |        Sport Management System |* |Managing the number of equipment available and given to the students. |* |Details of all student to maintain the data base. | SOFT SKILLS |        Team work |        Public Speaking |        Critical Thinking | | ||"
}