{
  "name": "Deepanshu Chaudhary",
  "email": "deepanshuc2141@gmail.com",
  "mobile": "8955675271",
  "degrees": "[('X', '2017'), ('XII', '2017')]",
  "ACHIEVEMENTS": "- Aug. 2021 - Created \"Files Tools\" app for android developed with flutter and available on the PlayStore with more|than 1k downloads.|- Sep. 2021 - Created a server-side web application for \"Online auctioning with facial recognition-based login\"|developed using NodeJs for backend, Heroku for hosting, and MongoDB for the database.|- Jan. 2022 - Created \"Mini VTOP\" app developed using flutter and available on android through Github with a plan|on launching on other platforms too.|TRAININGS AND PRACTICE|TRAININGS AND PRACTICE|2019-Present|2019-Present|2019-Present|Android Development|Web Development |Cross-Platform Development|:|:|:|",
  "EXPERIENCE": "- March 2022 - 4SureTech - Android Developer and UI/UX Designer Intern|   Worked on an android app that shows helps students with civil services exam preparation.|   Used Firebase and Flutter.|STRENGTH|- Good communication skills and socially interactive.|- Good at grasping technical and artistic knowledge.|- Proficient in grasping new programming languages, tools, concepts, and ideas.|- Proficient in communication skills with 2 languages.|PERSONAL PROFILE|I am graduating in Bachelor of Technology|and am seeking an opportunity that will|provide valuable experience and enhance my|",
  "education": "UNIVERSITY|Vellore Institute of Technology, Bhopal|Bachelor of Technology | 2020 - 2024|C.G.P.A.: 7.5 Till 3 Sem|CLASS X (CBSE)|Atomic Energy Central School. No.-2, Rawatbhata|2017|C.G.P.A.: 9.2|CLASS XII (CBSE)|Atomic Energy Central School. No.-4, Rawatbhata|2019|Percentage: 73.0|Email|Mobile Number|LinkedIn|Github|:|:|:|:|deepanshuc2141@gmail.com|(+91) 8955675271|chaudhary-deepanshu|chaudharydeepanshu|NOTABLE SKILLS|- Programming languages used: |   C, C++, Python, Java, Kotlin, Dart, Javascript.|- Frameworks & tools used:|   Flutter, NodeJs, React, Android Jetpack Compose, Kaggle,|   Firebase, Android Studio, Microsoft Office, Adobe Creative Cloud.|- Programming Skills:|   Full and MERN stack development, Cross-platform development, Android development, Web development,|   Database development, and Machine learning.|showcasing my abilities in a competitive|atmosphere of creative minds.|CONTACT DETAILS|HOME ADDRESS|Type-3-28-H, Anupratap Colony,|Rawatbhata, Post.- Bhabhanagar, Teh.-|Rawatbhata, Dist.- Chittorgarh, 323307|UNIVERSITY ADDRESS|Vellore Institute of Technology, Bhopal,|Madhya Pradesh, 466114|PERSONAL DETAILS|Father's Name|Mother's Name|Date of Birth|Gender|Linguistic Abilities|Ram Jas Chaudhary|Mathura Chaudhary|April 21, 2001|Male|English, Hindi|:|:|:|:|:||"
}