{
  "email": "devsharma_ee20a13_34@dtu.ac.in",
  "mobile": "8700172",
  "degrees": "[('CBSE', '2016')]",
  "EDUCATION": " |B. Tech |2020-Present |Delhi Technological University, Delhi |8.8 (till 3 Sem) |CBSE (Class XII) |2018 |Navyug school sarojini nagar  |77.7% |CBSE (Class X) |2016 |The rajasthan school kotputli 303108 |9.2 CGPA |NCC |2020-present |1 Delhi Armoured Squadron |B certificate with A grade | |ACADEMIC PROJECTS |* |ONLINE VOTING USING BASIC HTML |- A  User Friendly environment for Both the voter and Candidate Using HTML. |- Interactive interface with CSS coding. |- Data Stored for In BACKEND with the help of PHP. |* |SUDOKO SOLVER USING C++  |- With Fast and Optimized Solution Technique to solve Sudoku, |- Used basic logics of DSA and Algo to make it User Friendly. |- Include Techniques Of Back-Tracking   | |ACADEMIC ACHIEVEMENTS/ AWARDS |* |Sergeant rank in DTU NCC |* |Cohead cultural council (ENGIFEST TEAM) |* |Attended and lead in command  on ALL INDIA TREKKING CAMP B&J trek 2022 NCC |* |Attended EK BAHART SHRESTH BAHART 2021 CAMP NCC |* |B certificate holder in NCC |* |3 star hacker rank coder  | | |",
  "SKILLS": " |C |C++ | DATA STRUCTURE |ALGORITHIM |Mysql |HTML |Object oriented programming | |OTHER INFORMATION |  * Soft Skills: Teamwork, Hardworking, Responsible, Curious , disciplined . leadership qualities |  * Hobbies: Developing New Things, music listening , sports and physical activity |  * Languages: English, Hindi |DECLARATION: I hereby declare that the details furnished above are true to the best of my knowledge and belief. ||"
}