{
  "email": "anjali20174@iiitd.ac.in",
  "mobile": "2020174",
  "degrees": "[('CBSE', '2020')]",
  "education": " |Indraprastha Institute of Information Technology, Delhi |B. Tech (ECE) |2020 - Present |CGPA: 8.36 |(till 3rd Semester) | |Lord Krishna Public School, Kota, Rajasthan |RBSE Board |2018 - 2019 |Percentage: 78.8 |Rana International School, Degana, Rajasthan |CBSE Board |2016 - 2017 |CGPA: 10 | |",
  "skills": " |Expertise Area |Object Oriented Programming in Java, Data Structures and Algorithms |Programming |Language |Java, Python, JavaScript, MATLAB, Verilog |Tools and |Technologies |IntelliJ Idea, Eclipse, Adobe Photoshop, LT Spice, GitHub, Vivado |Technical |Electives |DSA, Advanced Programming in Java, Introduction to Programming, |Linear Algebra, Signals and Systems  | |Major Projects | |Benchmarking Algorithms using Python |Self-Project |A two-part project with first part consisting of an overview and working |of different sorting algorithms and then doing a comparative analysis |and benchmarking them using pandas and Matplotlib's Seaborn library.  | |Snake and Ladders: A JavaFX Game |Professor Koteswar Rao Jerripothula                                                                                     |Developed a GUI version of the classic two-player snake and ladders |desktop application game using JavaFX and Java concepts. | |Vaccination Portal |Professor Koteswar Rao Jerripothula                                                                                     |Developed a vaccination portal that allows for a streamlined procedure |to citizens, hospitals and officials to store and update vaccination |records and data using Java and CLI interface.  | |March,2022 | | | | | | |IIIT Delhi |December, 2021 |(Team Size - 2) | | | |IIIT Delhi |October, 2021 | | | |ANJALI SARDA |2020174, Email: anjali20174@iiitd.ac.in |DOB: May 25, 2002 |Address: Sadar Bazar, Degana Jn. |Phone number: +91-6378305884 | |Assembler and Simulator |Professor Tammam Tillo |Programmed an Assembler for the given ISA and a corresponding |simulator consisting of different components and plotted a memory |trace using Matplotlib and NumPy.  |e a command-line program that stores different types of matrices |efficiently according to their matrix types and performs various |operations on them using Polymorphism and Inheritance. | | |IIIT Delhi |August, 2021 | | | | |Positions of Responsibility | |* |Core and Founding Member, Mic Drop (Comedy/Stand Up Club)  |(May,21 - Present) |* |Founding Member, Outreach & PR, Salt n' Pepper  |(Mar,2021-Present) |* |Member, LDA (Literature, Debate & Anime) | |(Jan,2021-Present) | | |Interests and Hobbies | |* |Reading books |* |Badminton |* |Table Tennis |* |Piano | | |Declaration: The above information is correct to the best of my knowledge. |Anjali Sarda |Date: January 18, 2021 | | | | | ||"
}