{
  "name": "Bhavya Vaid",
  "email": "bhavyavaidofficial@gmail.com",
  "mobile": "+91877072126",
  "degrees": "[('BTech', '2020')]",
  "education": "Vellore Institute of Technology, Vellore, Tamil Nadu, India. |Sept. 2020 - April 2024 |B.Tech. IT, CGPA 8.85 | |DPS, Vasant Kunj                                                                                                                                     April 2018 - 2020 |PCM with CS, Percentage: 93.6 | | | |RELEVANT COURSEWORK | | |Database Management system | | |Operating System | |Theory of computation | |Web technologies | |Data Structures and Algorithms | |SOFT SKILLS | |Communication, Organizational Leadership, Collaboration, Adaptability, decision-making | |LANGUAGES ETC.  | |C++, HTML, CSS, Nodejs, MongoDB, GitHub | |WORK EXPERIENCE | |Senior core committee member - VinnovateIT (April 2021 - Present ) |Vellore, Tamil Nadu, India | |Collaborated with the web development team on the frontend of projects using HTML and CSS.  | |Successfully conducted our flagship event Vinprep, a mock placement experience as part of the management |team. | |Handled VinnovateIT's official twitter account as the twitter team head. |Senior core committee member - Ayuda NGO (December2020 - feb 2022) |Vellore, Tamil Nadu, India | |Created content for Ayuda's official Instagram handle. | |",
  "projects": "BookHaven  (Sept. - Nov. 2021) | | |A one stop destination for avid readers to explore different genres, sell and buy books. | |HTML, CSS, JavaScript, JSON, jquery, AngularJS, AJAX with JSON,  Nodejs, MongoDB | |Magnus  (Dec. - Jan. 2021) | |Extension that replaces new tab page with a personal dashboard featuring to-do, weather, and inspirational |quotes. |Hospital Registration database management system (March-April 2022) | | |Saves data like patient name, room allotted, payment details in the database and additional functions like removal |of old data, modification of existing data are included. | |Details viewed on frontend using html, css, js. | |Certifications | |Learn C++ Programming -Beginner to Advance by Abdul Bari, Udemy | |Mastering Data Structures & Algorithms using C and C++ by Abdul Bari, Udemy | |AWS course, AWS Academy  (Ongoing)                                                | | | ||"
}