{
  "name": "Anirudhan Aravamudan",
  "email": "aa324@snu.edu.in",
  "mobile": "+91978739883",
  "degrees": "[('BTech', '2020')]",
  "education": "_______________________________________________________________________________________________________________|Shiv Nadar University|2020 - Present|B.Tech Computer Science & Engineering|Select Course Work:|*|CSD363 - Social & Information Networks|*|CCC663 - Blockchain - Business Application & Analysis|Extra - Curricular Work:|*|Marketing Associate at Inspiria - The Business society of the University|*|Member at Pixels - The Photography and Videography club of the University|Thamarai International School|2018 - 2020|Higher Secondary School Certificate - 83.6%|A Square Informatic Center|2017 - 2018|Advanced C Programming|Sri Akilandeswari Vidyalaya|2006 - 2018|Secondary School Certificate - 89.2% | School Pupil Leader|WORK EXPERIENCE|_______________________________________________________________________________________________________________|YOUTUBE - Video Producer|*|\"Anirudh Amudan\" is a personal branding identity for my YouTube channel, where I produce content related|to consumer technology and services.|*|The channel has amassed over 25,000 views.|*|Involves researching, scripting, shooting and editing video, audio & photo.|POSITIONS OF RESPONSIBILITY|_______________________________________________________________________________________________________________|Secretary of IT|Student Council  -- Shiv Nadar University|*|Establishing and improving student-led digital initiatives to improve student experience in university.|*|Addressing student grievances and liaising between the student body and the administration.|*|Managing a team of 5 people, analyzing individual strengths and leveraging the same to  reach committee|goals.|",
  "skills": "_______________________________________________________________________________________________________________|Programming: C * C++ * Python * SQL * HTML * CSS|Design & Others: Adobe Photoshop * Adobe Premiere Pro * Final Cut Pro * DaVinci Resolve||"
}