{
  "name": "Farhan Humair",
  "email": "fh216@snu.edu.in",
  "mobile": "9674858544",
  "degrees": "[('Btech', '2020'), ('ICSE', '2020')]",
  "EDUCATION": "Undergraduate |Shiv Nadar University |08/2020 - Present,  |7.6 CGPA |B.tech Mechanical|Engineering |School |The Heritage School Kolkata |04/2008 - 04/2020,  |ICSE Board |Class X- 92% |Class XII- 90% |PERSONAL PROJECTS |ASME IAM3D |Participated in ASME IAM3D 2022 and came 2nd|overall(worldwide) |Designed and manufactured a ground based remote|controlled vehicle. |Acquired knowledge about designing, 3d printing as well as|electronics. |",
  "SKILLS": "Good analytical and planning skills. |Excellent problem solving skills. |CAD softwares such as SOLIDWORKS AND CATIA |C programming knowledge |Can work well individually as well as in a team |OTHER ACTIVITIES |Was a part of the PR team for Breeze'22, our|annual techno-cultural fest. Improved my|communication skills by contacting people from|various colleges to promote our events. |An active stock market investor who likes analysing|stocks fundamentally as well as technically. |CERTIFICATES |Introduction to data analytics from Google |Introduction to big data from UC San Diego |Big data modelling and management systems from|UC San Diego |The Brain and space from Duke University |",
  "LANGUAGES": "English |Full Professional Proficiency |Hindi |Full Professional Proficiency |",
  "INTERESTS": "Data analytics |Computer Programming |Problem Solving |Courses |Board Results ||"
}