{
  "email": "shakir20524@iiitd.ac.in",
  "mobile": "2020524",
  "degrees": "[('X', '2022'), ('XII', '2022')]",
  "education": "Indraprastha Institute of Information Technology , Delhi|B.Tech(CSB)|2020 - 2024(Present)|CGPA: 7.00|(till 3rd Semester)|Syed Aabid Hussain Sr. Sec School, Jamia Millia Islamia,New|Delhi|Jamia Millia Islamia|2019-2020|Percentage: 85.4|Syed Aabid Hussain Sr. Sec School, Jamia Millia Islamia,New|Delhi|Jamia Millia Islamia|2017 - 2018|CGPA: 9.1|",
  "skills": "Expertise Area|Data Structure and Algorithms , Object-Oriented Programming|Programming|Language|Python , Java , C/C++ , R|Tools and|Technologies|Git/Github , Nmap , Zenmap , JavaFx , HTML , CSS , SQLIDumper ,|IntelliJ IDEA , Jupyter Notebook|Technical|Electives|Advance Programming, Data Structures and Algorithm, Introduction|toProgramming, Operating System , Linear Algebra|Work Experience|Subject Matter Expert at Chegg|Guide: Chegg|(Feb,22-April-22)|Solving the students problem related to Computer Science|",
  "projects": "Snake and Ladder(Game)|Guide: Koteshvar Rao Jerripothula|All animation like climbing up the ladder are done using javaFX.|(Nov,21- Dec,21)|Team Size-2|Github Link|EthicalTools|Guide: Cybrary|It include some small tools like Automating Information|(Oct,21-Nov,21)|gathering, Keylogger andZip password bruteforcer.|Team Size-1|Github Link|Positions of Responsibility||Core Team Member in Finnexia(Finance Club of IIITD)||Captain of school Cricket team.|(August 2018)||Prefect 12th Standard|Awards and Achievements||Silver Medal in SOF National Science Olympiad.|(Nov 2018)||Among Top 3 student in class X and class XII.|Interests and Hobbies||Trading||Cricket||Reading||Anime|Declaration: The above information is correct to the best of my knowledge.|Mohd Shakir|Date: 15 March , 2022|Linux Scheduler Modifier|Guide: Dr. Sambuddho Chakravarty|Added a System call to modify the vruntime of a particular|process to Delay its selection by the Linux scheduler|(Dec,21)|Team Size-1|Github Link||"
}